,points_in_feature,mean_curvature,std_curvature,max_curvature,min_curvature,sphere_x_abs,sphere_y_abs,sphere_z_abs,sphere_radius,sphere_res_var,sphere_volume,sphere_x_rel,sphere_y_rel,sphere_z_resl,sphere_R,sphere_angle_raw,para_p1,para_p2,para_p3,para_p4,para_p5,para_alpha,para_beta,para_gamma,para_apex_x,para_apex_y,para_apex_z
0,262388,0.00897207951885,0.0115391589157,0.0,1.13534065843,31.5286951391,269.393870359,261.571719507,167.539765661,30.8180466923,19698915.6365,0.0,0.0,0.0,0.0,0.0,0.00625337576663,0.00596484148704,4.41255815915,-1.58185439454,640.962621883,0.48576172057,1.61886741927,115.563893489,224.822045696,275.961455204,272.174575601
