,points_in_feature,sphere_x_abs,sphere_y_abs,sphere_z_abs,sphere_radius,sphere_res_var,sphere_volume,sphere_x_rel,sphere_y_rel,sphere_z_resl,sphere_R,sphere_angle_raw,para_p1,para_p2,para_p3,para_p4,para_p5,para_alpha,para_beta,para_gamma,para_apex_x,para_apex_y,para_apex_z
0,99524.0,-90.8589876749,277.314004256,269.560086033,164.5192017,5.52462250705,18652557.6016,0.0,0.0,0.0,0.0,0.0,0.00372809711355,0.00414411326244,0.521217208579,3.2206246432,521.064076481,1.65210030841,-0.988391601585,149.176195692,76.309681938,297.467555099,276.894275673
