,points_in_feature,sphere_x_abs,sphere_y_abs,sphere_z_abs,sphere_radius,sphere_res_var,sphere_volume,sphere_x_rel,sphere_y_rel,sphere_z_resl,sphere_R,sphere_angle_raw,para_p1,para_p2,para_p3,para_p4,para_p5,para_alpha,para_beta,para_gamma,para_apex_x,para_apex_y,para_apex_z
0,32596.0,-213.361845475,73.5857578468,188.105786219,265.395059515,73.1349860347,78300964.4109,0.0,0.0,0.0,0.0,0.0,-0.00123424652402,-0.0100220982949,-0.31971160229,0.645139273685,-15.706540754,-0.0373306467591,-1.72495025251,12.6639776393,39.1661187672,27.9054176597,125.436821217
1,169841.0,-83.3830785507,197.084265426,249.122739475,202.025479966,34.84335825,34538784.6034,129.978766924,123.498507579,61.0169532564,189.392264388,63.7073872054,0.0,0.0,0.0,0.0,0.0,0.0,0.0,0.0,0.0,0.0,0.0
