,points_in_feature,sphere_x_abs,sphere_y_abs,sphere_z_abs,sphere_radius,sphere_res_var,sphere_volume,sphere_x_rel,sphere_y_rel,sphere_z_resl,sphere_R,sphere_angle_raw,para_p1,para_p2,para_p3,para_p4,para_p5,para_alpha,para_beta,para_gamma,para_apex_x,para_apex_y,para_apex_z
0,252637.0,-192.330245842,249.766662682,254.54971252,296.067808099,13.3608271109,108708167.451,0.0,0.0,0.0,0.0,0.0,0.00215343226708,0.00186624271519,-1.61690860116,-0.157195325347,155.294354579,1.68486375081,0.886334753513,98.7696243646,103.96368276,281.199486626,275.314798383
