,points_in_feature,sphere_x_abs,sphere_y_abs,sphere_z_abs,sphere_radius,sphere_res_var,sphere_volume,sphere_x_rel,sphere_y_rel,sphere_z_resl,sphere_R,sphere_angle_raw,para_p1,para_p2,para_p3,para_p4,para_p5,para_alpha,para_beta,para_gamma,para_apex_x,para_apex_y,para_apex_z
0,140031.0,-68.5137711226,275.734724079,268.289377878,166.672980313,6.76305595761,19394751.2062,0.0,0.0,0.0,0.0,0.0,0.00400587908469,0.00449282662058,-0.376526913582,-3.48693158286,531.028018241,1.45206865757,2.21875406063,73.8164312524,104.096442877,294.602536602,281.073888569
