,points_in_feature,sphere_x_abs,sphere_y_abs,sphere_z_abs,sphere_radius,sphere_res_var,sphere_volume,sphere_x_rel,sphere_y_rel,sphere_z_resl,sphere_R,sphere_angle_raw,para_p1,para_p2,para_p3,para_p4,para_p5,para_alpha,para_beta,para_gamma,para_apex_x,para_apex_y,para_apex_z
0,11577.0,1163.88249548,56.9318628237,199.30413735,1164.63500699,3.96824264039,6616954216.39,0.0,0.0,0.0,0.0,0.0,-4.73628166831e-05,9.069883121e-08,0.0109932912692,-0.000281857180769,-2.61577529617,-1.57113898847,0.655332043915,1.56368092644,-4.41862791432,854.903430089,1302.65650882
1,56843.0,-140.307776568,190.046329942,252.159641944,198.256261253,7.5384555653,32641442.659,-1304.19027205,133.114467118,52.8555045942,1312.03103295,68.3435533108,0.0,0.0,0.0,0.0,0.0,0.0,0.0,0.0,0.0,0.0,0.0
