,points_in_feature,sphere_x_abs,sphere_y_abs,sphere_z_abs,sphere_radius,sphere_res_var,sphere_volume,sphere_x_rel,sphere_y_rel,sphere_z_resl,sphere_R,sphere_angle_raw,para_p1,para_p2,para_p3,para_p4,para_p5,para_alpha,para_beta,para_gamma,para_apex_x,para_apex_y,para_apex_z
0,113576.0,-127.146338069,251.987742035,246.984850422,197.308058021,1.48386879009,32175334.8739,0.0,0.0,0.0,0.0,0.0,0.00289202413295,0.00306841729681,0.728050217983,2.08555165507,299.498571997,-1.46071206616,-1.98695804622,51.8674306564,71.0781493108,266.103682274,256.151195318
