,points_in_feature,sphere_x_abs,sphere_y_abs,sphere_z_abs,sphere_radius,sphere_res_var,sphere_volume,sphere_x_rel,sphere_y_rel,sphere_z_resl,sphere_R,sphere_angle_raw,para_p1,para_p2,para_p3,para_p4,para_p5,para_alpha,para_beta,para_gamma,para_apex_x,para_apex_y,para_apex_z
0,26851.0,-272.227511386,62.7203271092,192.656471792,307.612574239,46.0841886992,121927273.282,0.0,0.0,0.0,0.0,0.0,0.0175431283396,0.000769654804334,0.752744011248,-0.334505057172,15.9627421286,-1.60479636812,0.0166517806404,8.20533257873,28.4005627015,16.3051262633,217.76279354
1,143603.0,-90.7804231812,197.453697602,249.192684281,195.507771652,60.0325252222,31302619.8189,181.447088205,134.733370492,56.5362124889,232.964525765,67.236322983,0.0,0.0,0.0,0.0,0.0,0.0,0.0,0.0,0.0,0.0,0.0
