,points_in_feature,sphere_x_abs,sphere_y_abs,sphere_z_abs,sphere_radius,sphere_res_var,sphere_volume,sphere_x_rel,sphere_y_rel,sphere_z_resl,sphere_R,sphere_angle_raw,para_p1,para_p2,para_p3,para_p4,para_p5,para_alpha,para_beta,para_gamma,para_apex_x,para_apex_y,para_apex_z
0,157712.0,-87.901660515,223.908599195,257.734744862,188.695206206,16.1695295779,28143053.1267,0.0,0.0,0.0,0.0,0.0,-0.00307207868494,-0.00363285084236,-1.43463007502,-1.81162433643,-283.555410935,1.50937230794,-0.0618137844923,83.2928947407,103.03540022,213.244209718,269.544251378
