,points_in_feature,sphere_x_abs,sphere_y_abs,sphere_z_abs,sphere_radius,sphere_res_var,sphere_volume,sphere_x_rel,sphere_y_rel,sphere_z_resl,sphere_R,sphere_angle_raw,para_p1,para_p2,para_p3,para_p4,para_p5,para_alpha,para_beta,para_gamma,para_apex_x,para_apex_y,para_apex_z
0,273890.0,-179.589161927,248.957254786,254.116270315,292.730244977,13.46626855,105073064.269,0.0,0.0,0.0,0.0,0.0,-0.00194547899535,-0.00221477771951,-0.154601486324,-1.65814850662,-149.630916168,1.46829147618,0.681060545445,560.736052946,113.993296186,280.436497308,277.302500016
