,points_in_feature,sphere_x_abs,sphere_y_abs,sphere_z_abs,sphere_radius,sphere_res_var,sphere_volume,sphere_x_rel,sphere_y_rel,sphere_z_resl,sphere_R,sphere_angle_raw,para_p1,para_p2,para_p3,para_p4,para_p5,para_alpha,para_beta,para_gamma,para_apex_x,para_apex_y,para_apex_z
0,138688.0,-277.620107041,253.034939727,257.366910496,332.77037094,11.5172217236,154355660.961,0.0,0.0,0.0,0.0,0.0,0.00181315892536,0.00140991196979,1.32241888072,0.225068439272,171.47589873,1.20847171757,-2.01609394007,67.2958243227,49.6949392361,218.194085248,308.968310782
