,points_in_feature,sphere_x_abs,sphere_y_abs,sphere_z_abs,sphere_radius,sphere_res_var,sphere_volume,sphere_x_rel,sphere_y_rel,sphere_z_resl,sphere_R,sphere_angle_raw,para_p1,para_p2,para_p3,para_p4,para_p5,para_alpha,para_beta,para_gamma,para_apex_x,para_apex_y,para_apex_z
0,175234.0,-47.9826542769,274.320515672,266.756309956,167.151516575,7.56190784883,19562284.6167,0.0,0.0,0.0,0.0,0.0,0.00428731958964,0.00479468345432,-0.445921987301,-3.67398079906,538.759759221,1.44417712941,2.20691897955,111.53050419,128.006230375,292.268407693,280.873355426
