,points_in_feature,sphere_x_abs,sphere_y_abs,sphere_z_abs,sphere_radius,sphere_res_var,sphere_volume,sphere_x_rel,sphere_y_rel,sphere_z_resl,sphere_R,sphere_angle_raw,para_p1,para_p2,para_p3,para_p4,para_p5,para_alpha,para_beta,para_gamma,para_apex_x,para_apex_y,para_apex_z
0,235702.0,-74.8053055969,248.916746949,245.56739509,203.25366808,8.13244379274,35172544.2915,0.0,0.0,0.0,0.0,0.0,-0.00354329842972,-0.00341183171552,-2.43371983342,0.654563437477,-280.546820731,1.48296537563,-1.03982132713,26.5420501082,135.058815251,268.749048503,255.249285839
