,points_in_feature,sphere_x_abs,sphere_y_abs,sphere_z_abs,sphere_radius,sphere_res_var,sphere_volume,sphere_x_rel,sphere_y_rel,sphere_z_resl,sphere_R,sphere_angle_raw,para_p1,para_p2,para_p3,para_p4,para_p5,para_alpha,para_beta,para_gamma,para_apex_x,para_apex_y,para_apex_z
0,219040.0,-67.2910816501,219.886394595,250.107072808,198.667143383,65.4732268021,32844809.7596,0.0,0.0,0.0,0.0,0.0,0.00365904416297,0.00312525568375,1.03801553126,1.94593526436,209.751941036,-1.3921208611,-2.00061813808,171.322011074,134.056395997,233.550862052,268.957937373
