,points_in_feature,sphere_x_abs,sphere_y_abs,sphere_z_abs,sphere_radius,sphere_res_var,sphere_volume,sphere_x_rel,sphere_y_rel,sphere_z_resl,sphere_R,sphere_angle_raw,para_p1,para_p2,para_p3,para_p4,para_p5,para_alpha,para_beta,para_gamma,para_apex_x,para_apex_y,para_apex_z
0,191603.0,-229.782573797,251.91498654,255.626964418,308.783824439,10.6458922973,123325315.411,0.0,0.0,0.0,0.0,0.0,0.00198560525195,0.00164635848698,-1.48277822232,-0.252292011136,166.140896422,1.69415064653,0.977443822743,105.055407322,78.0969522817,279.045121277,275.32287621
