,points_in_feature,sphere_x_abs,sphere_y_abs,sphere_z_abs,sphere_radius,sphere_res_var,sphere_volume,sphere_x_rel,sphere_y_rel,sphere_z_resl,sphere_R,sphere_angle_raw,para_p1,para_p2,para_p3,para_p4,para_p5,para_alpha,para_beta,para_gamma,para_apex_x,para_apex_y,para_apex_z
0,105397.0,-143.472522495,261.435859767,259.556938002,218.890828724,7.85552132997,43931021.9112,0.0,0.0,0.0,0.0,0.0,-0.00304091592276,-0.00260318740569,2.27856052408,-0.0866200074632,-332.864052015,-1.44438805945,0.85406852923,92.605316046,77.9138523153,255.794788907,279.470970366
