,points_in_feature,sphere_x_abs,sphere_y_abs,sphere_z_abs,sphere_radius,sphere_res_var,sphere_volume,sphere_x_rel,sphere_y_rel,sphere_z_resl,sphere_R,sphere_angle_raw,para_p1,para_p2,para_p3,para_p4,para_p5,para_alpha,para_beta,para_gamma,para_apex_x,para_apex_y,para_apex_z
0,224727.0,-127.707680122,246.689252129,246.520736173,244.791504679,88.0469878026,61443738.8776,0.0,0.0,0.0,0.0,0.0,-0.00255374074824,-0.00295770814915,1.93654593515,-0.284854758839,-148.304836534,-1.32370799495,0.868619815982,79.6827252,110.892770329,312.594790071,294.957947817
