,points_in_feature,sphere_x_abs,sphere_y_abs,sphere_z_abs,sphere_radius,sphere_res_var,sphere_volume,sphere_x_rel,sphere_y_rel,sphere_z_resl,sphere_R,sphere_angle_raw,para_p1,para_p2,para_p3,para_p4,para_p5,para_alpha,para_beta,para_gamma,para_apex_x,para_apex_y,para_apex_z
0,238250.0,-120.317700336,246.090031029,246.096248259,242.049322328,96.6759880812,59401884.4332,0.0,0.0,0.0,0.0,0.0,0.0025106043783,0.00300900686017,1.88324991784,0.346948928979,145.346422211,1.34530462528,-2.23896598287,73.4348023777,116.902661393,306.282363695,289.764253695
