,points_in_feature,sphere_x_abs,sphere_y_abs,sphere_z_abs,sphere_radius,sphere_res_var,sphere_volume,sphere_x_rel,sphere_y_rel,sphere_z_resl,sphere_R,sphere_angle_raw,para_p1,para_p2,para_p3,para_p4,para_p5,para_alpha,para_beta,para_gamma,para_apex_x,para_apex_y,para_apex_z
0,201986.0,-73.152202119,222.014583778,253.815392538,195.477345464,30.7030096791,31288007.543,0.0,0.0,0.0,0.0,0.0,-0.00390396714576,-0.00330469001802,-1.73780828289,1.76118527993,-247.184808398,-0.822291829214,-1.3541200488,105.919059395,126.413216006,235.773585504,285.799944647
