,points_in_feature,sphere_x_abs,sphere_y_abs,sphere_z_abs,sphere_radius,sphere_res_var,sphere_volume,sphere_x_rel,sphere_y_rel,sphere_z_resl,sphere_R,sphere_angle_raw,para_p1,para_p2,para_p3,para_p4,para_p5,para_alpha,para_beta,para_gamma,para_apex_x,para_apex_y,para_apex_z
0,201810.0,-82.3081211456,250.62157093,245.874638142,197.911299978,3.08296330918,32471352.9057,0.0,0.0,0.0,0.0,0.0,0.00335175562453,0.003471322418,-0.383555892863,-2.44797039742,294.282348968,1.48414713452,2.18522349007,98.9734154027,120.690045304,262.952743153,256.65683125
