,points_in_feature,sphere_x_abs,sphere_y_abs,sphere_z_abs,sphere_radius,sphere_res_var,sphere_volume,sphere_x_rel,sphere_y_rel,sphere_z_resl,sphere_R,sphere_angle_raw,para_p1,para_p2,para_p3,para_p4,para_p5,para_alpha,para_beta,para_gamma,para_apex_x,para_apex_y,para_apex_z
0,119224.0,-118.372779922,222.770151249,258.642341471,193.777763956,24.4991194872,30478980.0628,0.0,0.0,0.0,0.0,0.0,-0.00317163802169,-0.00259457803737,-1.61361611226,1.20329890249,-255.915953249,-0.621278267949,-1.4737461364,93.654675687,74.085751848,214.970290175,273.263484055
