,points_in_feature,sphere_x_abs,sphere_y_abs,sphere_z_abs,sphere_radius,sphere_res_var,sphere_volume,sphere_x_rel,sphere_y_rel,sphere_z_resl,sphere_R,sphere_angle_raw,para_p1,para_p2,para_p3,para_p4,para_p5,para_alpha,para_beta,para_gamma,para_apex_x,para_apex_y,para_apex_z
0,165757.0,-105.233371967,251.337784102,245.960911308,200.039751613,1.96831144913,33530306.9501,0.0,0.0,0.0,0.0,0.0,0.00308203351816,0.00323270950442,-0.511864004508,-2.25665721048,293.016057825,1.47148261245,2.11533266678,149.267040051,97.7206566932,260.597464007,257.215787609
