,points_in_feature,sphere_x_abs,sphere_y_abs,sphere_z_abs,sphere_radius,sphere_res_var,sphere_volume,sphere_x_rel,sphere_y_rel,sphere_z_resl,sphere_R,sphere_angle_raw,para_p1,para_p2,para_p3,para_p4,para_p5,para_alpha,para_beta,para_gamma,para_apex_x,para_apex_y,para_apex_z
0,124959.0,-193.040474389,250.512888921,247.488682616,243.983548475,19.3024498342,60837343.1241,0.0,0.0,0.0,0.0,0.0,-0.00182104223283,-0.00212032458327,0.0361385304306,-1.52124619011,-212.641059827,1.43074043402,0.731572280088,-645.439243587,46.6783243393,231.081489104,277.228303177
