,points_in_feature,sphere_x_abs,sphere_y_abs,sphere_z_abs,sphere_radius,sphere_res_var,sphere_volume,sphere_x_rel,sphere_y_rel,sphere_z_resl,sphere_R,sphere_angle_raw,para_p1,para_p2,para_p3,para_p4,para_p5,para_alpha,para_beta,para_gamma,para_apex_x,para_apex_y,para_apex_z
0,214598.0,-23.335340575,272.934355918,265.068541209,167.400238071,10.762005006,19649740.6744,0.0,0.0,0.0,0.0,0.0,0.00529836117982,0.0047575478597,4.01446128424,-0.459579518503,562.421455746,-1.68211729251,-0.637960579695,101.942241121,158.26411206,290.735780056,282.841077532
