,points_in_feature,sphere_x_abs,sphere_y_abs,sphere_z_abs,sphere_radius,sphere_res_var,sphere_volume,sphere_x_rel,sphere_y_rel,sphere_z_resl,sphere_R,sphere_angle_raw,para_p1,para_p2,para_p3,para_p4,para_p5,para_alpha,para_beta,para_gamma,para_apex_x,para_apex_y,para_apex_z
0,14602.0,186.796165811,42.2190425759,170.394778004,197.331315794,84.3064669066,32186714.2596,0.0,0.0,0.0,0.0,0.0,-0.000133115667007,-0.000596954516354,0.0367189049323,0.02900470427,-6.08079879272,-0.188866298381,1.57790991865,19.062261674,2.8155556386,24.4179127318,137.907447179
1,98655.0,-114.178482244,193.374134174,253.955299482,193.205141569,8.48566516668,30209577.2815,-300.974648056,151.155091598,83.5605214787,347.010030457,61.065605633,0.0,0.0,0.0,0.0,0.0,0.0,0.0,0.0,0.0,0.0,0.0
