,points_in_feature,sphere_x_abs,sphere_y_abs,sphere_z_abs,sphere_radius,sphere_res_var,sphere_volume,sphere_x_rel,sphere_y_rel,sphere_z_resl,sphere_R,sphere_angle_raw,para_p1,para_p2,para_p3,para_p4,para_p5,para_alpha,para_beta,para_gamma,para_apex_x,para_apex_y,para_apex_z
0,125825.0,-125.399246834,254.191595734,252.054731362,200.876705381,13.6082500206,33952936.3839,0.0,0.0,0.0,0.0,0.0,0.00290709838608,0.00301762332679,1.046595997,1.91958689063,299.896993629,1.31225547174,-1.34267626972,86.001482366,74.6205401245,284.135175627,239.124478374
