,points_in_feature,sphere_x_abs,sphere_y_abs,sphere_z_abs,sphere_radius,sphere_res_var,sphere_volume,sphere_x_rel,sphere_y_rel,sphere_z_resl,sphere_R,sphere_angle_raw,para_p1,para_p2,para_p3,para_p4,para_p5,para_alpha,para_beta,para_gamma,para_apex_x,para_apex_y,para_apex_z
0,141016.0,-139.881331958,274.827729491,269.526480044,236.709262706,7.14620301108,55556434.7051,0.0,0.0,0.0,0.0,0.0,0.00280611016856,0.00247959303833,-2.19936802598,-0.103722474563,310.726905298,-1.51006017366,2.30981976496,183.705854111,100.832529361,282.583694256,280.553686981
1,13748.0,-119.948590695,134.781306219,158.935823648,144.322855274,22.0476307868,12591977.7122,19.9327412623,-140.046423272,-110.590656396,179.556698922,231.702858475,0.0,0.0,0.0,0.0,0.0,0.0,0.0,0.0,0.0,0.0,0.0
