,points_in_feature,sphere_x_abs,sphere_y_abs,sphere_z_abs,sphere_radius,sphere_res_var,sphere_volume,sphere_x_rel,sphere_y_rel,sphere_z_resl,sphere_R,sphere_angle_raw,para_p1,para_p2,para_p3,para_p4,para_p5,para_alpha,para_beta,para_gamma,para_apex_x,para_apex_y,para_apex_z
0,129884.0,-179.824931238,242.743269799,262.488565456,245.20048781,33.7818735561,61752223.3685,0.0,0.0,0.0,0.0,0.0,0.00270811111764,0.00193409537523,-0.735098427747,-1.46145478909,179.503545263,1.35015866391,2.00077200936,-171.226475018,57.2443787994,308.226399854,290.402094656
