,points_in_feature,sphere_x_abs,sphere_y_abs,sphere_z_abs,sphere_radius,sphere_res_var,sphere_volume,sphere_x_rel,sphere_y_rel,sphere_z_resl,sphere_R,sphere_angle_raw,para_p1,para_p2,para_p3,para_p4,para_p5,para_alpha,para_beta,para_gamma,para_apex_x,para_apex_y,para_apex_z
0,212495.0,-115.058913572,241.103519344,261.62847217,230.032419277,47.595399241,50986564.5307,0.0,0.0,0.0,0.0,0.0,-0.0023530630991,-0.0031263129424,-1.32995475986,-1.47679378635,-206.573704396,1.48134921686,-0.122501652328,83.181677036,116.075633095,258.860544542,281.82172374
