,points_in_feature,sphere_x_abs,sphere_y_abs,sphere_z_abs,sphere_radius,sphere_res_var,sphere_volume,sphere_x_rel,sphere_y_rel,sphere_z_resl,sphere_R,sphere_angle_raw,para_p1,para_p2,para_p3,para_p4,para_p5,para_alpha,para_beta,para_gamma,para_apex_x,para_apex_y,para_apex_z
0,81706.0,-204.854313636,250.44443262,262.353508634,249.436399533,15.8198351653,65008193.3406,0.0,0.0,0.0,0.0,0.0,0.0025284706953,0.00178670309166,-0.239396728674,-1.46931505168,177.242564554,1.43417831574,2.21440415153,375.298959177,35.014241865,318.242519774,292.979009569
1,10523.0,211.373616034,284.61506981,123.90098141,218.358956404,47.5756734807,43611561.7654,416.22792967,34.1706371898,-138.452527225,439.980027022,166.13623155,0.0,0.0,0.0,0.0,0.0,0.0,0.0,0.0,0.0,0.0,0.0
