,points_in_feature,sphere_x_abs,sphere_y_abs,sphere_z_abs,sphere_radius,sphere_res_var,sphere_volume,sphere_x_rel,sphere_y_rel,sphere_z_resl,sphere_R,sphere_angle_raw,para_p1,para_p2,para_p3,para_p4,para_p5,para_alpha,para_beta,para_gamma,para_apex_x,para_apex_y,para_apex_z
0,262224.0,-79.9599951865,266.10843714,267.10545723,220.34858428,49.261319823,44814587.4673,0.0,0.0,0.0,0.0,0.0,0.00331398301982,0.00359715075224,-0.0869205125186,-2.78487664252,283.087622524,1.39844400375,2.29884662038,-114.808655693,141.215708138,331.833910323,292.82214135
