,points_in_feature,sphere_x_abs,sphere_y_abs,sphere_z_abs,sphere_radius,sphere_res_var,sphere_volume,sphere_x_rel,sphere_y_rel,sphere_z_resl,sphere_R,sphere_angle_raw,para_p1,para_p2,para_p3,para_p4,para_p5,para_alpha,para_beta,para_gamma,para_apex_x,para_apex_y,para_apex_z
0,189578.0,-10.0743958207,282.802332382,281.589358532,150.898700815,28.3710926156,14392794.0598,0.0,0.0,0.0,0.0,0.0,0.00607442189006,0.00503853131116,-0.300994055643,-4.0232742634,623.580110019,1.43874044756,2.29703947019,-252.81956247,152.104071292,286.438403705,297.3714552
