,points_in_feature,sphere_x_abs,sphere_y_abs,sphere_z_abs,sphere_radius,sphere_res_var,sphere_volume,sphere_x_rel,sphere_y_rel,sphere_z_resl,sphere_R,sphere_angle_raw,para_p1,para_p2,para_p3,para_p4,para_p5,para_alpha,para_beta,para_gamma,para_apex_x,para_apex_y,para_apex_z
0,218183.0,-88.8678994391,273.86273835,268.358871947,209.536465089,14.1864045819,38536072.3234,0.0,0.0,0.0,0.0,0.0,-0.00321315847687,-0.00346295368575,-0.56828046388,2.66529617435,-327.628126395,-1.36279326773,-1.02985056711,224.611828401,122.540260195,315.971276402,292.067508856
