,points_in_feature,sphere_x_abs,sphere_y_abs,sphere_z_abs,sphere_radius,sphere_res_var,sphere_volume,sphere_x_rel,sphere_y_rel,sphere_z_resl,sphere_R,sphere_angle_raw,para_p1,para_p2,para_p3,para_p4,para_p5,para_alpha,para_beta,para_gamma,para_apex_x,para_apex_y,para_apex_z
0,155948.0,-284.049671527,256.782254051,265.619993051,346.89792978,42.0843853583,174861312.354,0.0,0.0,0.0,0.0,0.0,-0.00112630774578,-0.00194317957572,-0.198107279634,-1.39154643507,-189.215366141,1.4854092093,0.422456415487,1296.00018336,58.9773331938,224.367881162,294.670532801
