,points_in_feature,sphere_x_abs,sphere_y_abs,sphere_z_abs,sphere_radius,sphere_res_var,sphere_volume,sphere_x_rel,sphere_y_rel,sphere_z_resl,sphere_R,sphere_angle_raw,para_p1,para_p2,para_p3,para_p4,para_p5,para_alpha,para_beta,para_gamma,para_apex_x,para_apex_y,para_apex_z
0,256696.0,11.9592513096,269.48409829,238.598161149,135.084141347,1172.11029493,10325276.9416,0.0,0.0,0.0,0.0,0.0,-0.0028221815991,-0.000436477455933,-1.10818825928,-0.233229586225,-82.0535704124,1.57587118486,0.241532861525,-1060.20392396,80.2873100718,248.634847109,212.166874193
