,points_in_feature,sphere_x_abs,sphere_y_abs,sphere_z_abs,sphere_radius,sphere_res_var,sphere_volume,sphere_x_rel,sphere_y_rel,sphere_z_resl,sphere_R,sphere_angle_raw,para_p1,para_p2,para_p3,para_p4,para_p5,para_alpha,para_beta,para_gamma,para_apex_x,para_apex_y,para_apex_z
0,98224.0,-164.32127312,275.6436291,271.716890933,236.172976986,4.08193203544,55179685.5402,0.0,0.0,0.0,0.0,0.0,0.00262006164984,0.00230811139467,1.98582517281,0.184905881799,319.939997907,1.55158447109,-2.23092944404,99.0082838896,73.3856767234,259.884477361,275.497596346
