,points_in_feature,sphere_x_abs,sphere_y_abs,sphere_z_abs,sphere_radius,sphere_res_var,sphere_volume,sphere_x_rel,sphere_y_rel,sphere_z_resl,sphere_R,sphere_angle_raw,para_p1,para_p2,para_p3,para_p4,para_p5,para_alpha,para_beta,para_gamma,para_apex_x,para_apex_y,para_apex_z
0,114617.0,-694.020129103,308.180964451,256.859964153,752.697210303,85.6251317195,1786279970.73,0.0,0.0,0.0,0.0,0.0,0.000372600130931,0.000133924821674,-0.0499957910184,-0.0883838927236,-0.301479879436,0.102714192173,1.40078647682,-106.909116804,29.6948823894,330.845150616,57.6115927328
1,8642.0,-116.034752506,434.120659033,303.628271644,167.434087252,30.1470386845,19661662.9181,577.985376597,125.939694581,46.768307491,593.392936271,69.6272802773,0.0,0.0,0.0,0.0,0.0,0.0,0.0,0.0,0.0,0.0,0.0
