,points_in_feature,sphere_x_abs,sphere_y_abs,sphere_z_abs,sphere_radius,sphere_res_var,sphere_volume,sphere_x_rel,sphere_y_rel,sphere_z_resl,sphere_R,sphere_angle_raw,para_p1,para_p2,para_p3,para_p4,para_p5,para_alpha,para_beta,para_gamma,para_apex_x,para_apex_y,para_apex_z
0,149906.0,-138.984702791,277.786133427,270.34666683,217.212588453,5.67450790752,42928289.3124,0.0,0.0,0.0,0.0,0.0,0.00270641442461,0.00274149160837,1.25402179884,1.80143927337,316.934946897,-1.18232658623,-1.7300400811,102.388259395,78.5330636643,299.991900605,284.424936558
