,points_in_feature,sphere_x_abs,sphere_y_abs,sphere_z_abs,sphere_radius,sphere_res_var,sphere_volume,sphere_x_rel,sphere_y_rel,sphere_z_resl,sphere_R,sphere_angle_raw,para_p1,para_p2,para_p3,para_p4,para_p5,para_alpha,para_beta,para_gamma,para_apex_x,para_apex_y,para_apex_z
0,232674.0,-89.3777619441,247.682340573,250.912340332,211.62523167,11.7397043349,39700040.4209,0.0,0.0,0.0,0.0,0.0,-0.00311733571805,-0.00351115092658,-0.672554669268,2.42899222546,-274.549706828,-1.45002223559,-1.09618581451,237.148744525,127.263419562,281.133009453,262.881387412
