,points_in_feature,sphere_x_abs,sphere_y_abs,sphere_z_abs,sphere_radius,sphere_res_var,sphere_volume,sphere_x_rel,sphere_y_rel,sphere_z_resl,sphere_R,sphere_angle_raw,para_p1,para_p2,para_p3,para_p4,para_p5,para_alpha,para_beta,para_gamma,para_apex_x,para_apex_y,para_apex_z
0,206303.0,-118.258362432,272.899221351,269.398845473,236.125747171,8.2072708752,55146587.699,0.0,0.0,0.0,0.0,0.0,-0.00261604141329,-0.00290809907991,-0.0181560625507,2.30362159091,-286.727656644,-1.43714210239,-0.79599291881,-284.293486641,121.260761277,291.761939341,292.890861744
1,30522.0,-183.64784023,152.735512186,157.142892902,224.561508768,5.17838776152,47434525.6478,-65.3894777978,-120.163709166,-112.25595257,176.96468488,226.948657727,0.0,0.0,0.0,0.0,0.0,0.0,0.0,0.0,0.0,0.0,0.0
