,points_in_feature,sphere_x_abs,sphere_y_abs,sphere_z_abs,sphere_radius,sphere_res_var,sphere_volume,sphere_x_rel,sphere_y_rel,sphere_z_resl,sphere_R,sphere_angle_raw,para_p1,para_p2,para_p3,para_p4,para_p5,para_alpha,para_beta,para_gamma,para_apex_x,para_apex_y,para_apex_z
0,24321.0,4003.58293064,172.572458546,179.891811097,4004.16914347,0.57020851438,2.68921703143e+11,0.0,0.0,0.0,0.0,0.0,-1.72271110876e-05,-2.21321210484e-05,0.0024480912549,0.00607937017128,-2.19383822697,-0.420213233798,1.57640648643,0.4175684637,0.962556657273,137.507987616,70.7466484682
1,134886.0,22.1875212645,277.916021345,267.468079465,133.389398266,495.986352031,9941514.48274,-3981.39540938,105.343562799,87.5762683679,3983.75153277,50.2619131979,0.0,0.0,0.0,0.0,0.0,0.0,0.0,0.0,0.0,0.0,0.0
