,points_in_feature,sphere_x_abs,sphere_y_abs,sphere_z_abs,sphere_radius,sphere_res_var,sphere_volume,sphere_x_rel,sphere_y_rel,sphere_z_resl,sphere_R,sphere_angle_raw,para_p1,para_p2,para_p3,para_p4,para_p5,para_alpha,para_beta,para_gamma,para_apex_x,para_apex_y,para_apex_z
0,145416.0,-369.132458906,258.646632699,263.727671986,411.370187638,48.9803729132,291599687.136,0.0,0.0,0.0,0.0,0.0,0.00148211019489,0.000615862371007,1.02803244282,0.136297611311,152.925237649,-1.53608006745,-1.11929297607,190.101229108,37.7868091982,250.690591173,263.310164267
