,points_in_feature,sphere_x_abs,sphere_y_abs,sphere_z_abs,sphere_radius,sphere_res_var,sphere_volume,sphere_x_rel,sphere_y_rel,sphere_z_resl,sphere_R,sphere_angle_raw,para_p1,para_p2,para_p3,para_p4,para_p5,para_alpha,para_beta,para_gamma,para_apex_x,para_apex_y,para_apex_z
0,286856.0,-134.747637428,255.127644514,253.126514564,267.288372962,146.074629603,79988731.8337,0.0,0.0,0.0,0.0,0.0,0.00232565135105,0.00274202977008,-1.86032530344,-0.0854715260669,120.254843472,-1.28986305381,2.36610748821,126.809962457,123.171215595,326.837377263,319.280309825
