,points_in_feature,sphere_x_abs,sphere_y_abs,sphere_z_abs,sphere_radius,sphere_res_var,sphere_volume,sphere_x_rel,sphere_y_rel,sphere_z_resl,sphere_R,sphere_angle_raw,para_p1,para_p2,para_p3,para_p4,para_p5,para_alpha,para_beta,para_gamma,para_apex_x,para_apex_y,para_apex_z
0,260190.0,-88.7661553268,241.853636194,257.681207935,228.412103688,64.0634250489,49916709.6591,0.0,0.0,0.0,0.0,0.0,-0.0032184301211,-0.00256874910796,1.57110265565,-1.38260651752,-190.268342577,0.602539997672,1.4257526135,103.012603125,141.343049034,255.832368374,285.890249038
