,points_in_feature,sphere_x_abs,sphere_y_abs,sphere_z_abs,sphere_radius,sphere_res_var,sphere_volume,sphere_x_rel,sphere_y_rel,sphere_z_resl,sphere_R,sphere_angle_raw,para_p1,para_p2,para_p3,para_p4,para_p5,para_alpha,para_beta,para_gamma,para_apex_x,para_apex_y,para_apex_z
0,171226.0,-105.647796852,277.710648296,269.327855759,202.466855249,4.12796629679,34765655.4266,0.0,0.0,0.0,0.0,0.0,0.00315614178031,0.00327938998986,-0.584335572292,-2.56048116506,350.753815552,1.3429590178,2.10817030589,111.571811492,97.4588036379,309.387597832,294.551932027
