,points_in_feature,sphere_x_abs,sphere_y_abs,sphere_z_abs,sphere_radius,sphere_res_var,sphere_volume,sphere_x_rel,sphere_y_rel,sphere_z_resl,sphere_R,sphere_angle_raw,para_p1,para_p2,para_p3,para_p4,para_p5,para_alpha,para_beta,para_gamma,para_apex_x,para_apex_y,para_apex_z
0,178938.0,-108.308316448,251.069139567,251.41461498,207.626921788,14.2772216025,37492086.055,0.0,0.0,0.0,0.0,0.0,0.00299992687224,0.0033206467177,-0.758817497014,-2.28399976505,291.004632189,-1.5936653165,1.16728866587,108.239781205,101.315912476,287.374906949,252.659267804
