,points_in_feature,sphere_x_abs,sphere_y_abs,sphere_z_abs,sphere_radius,sphere_res_var,sphere_volume,sphere_x_rel,sphere_y_rel,sphere_z_resl,sphere_R,sphere_angle_raw,para_p1,para_p2,para_p3,para_p4,para_p5,para_alpha,para_beta,para_gamma,para_apex_x,para_apex_y,para_apex_z
0,319766.0,3.83973795407,294.316233944,251.3458438,151.645307125,760.845736468,14607487.8694,0.0,0.0,0.0,0.0,0.0,0.00192447802035,0.00222151565491,-0.840612733497,-1.42864214857,237.822257999,-0.133008489238,1.38629133569,238.833967055,103.480829712,323.1205046,207.303751906
