,points_in_feature,sphere_x_abs,sphere_y_abs,sphere_z_abs,sphere_radius,sphere_res_var,sphere_volume,sphere_x_rel,sphere_y_rel,sphere_z_resl,sphere_R,sphere_angle_raw,para_p1,para_p2,para_p3,para_p4,para_p5,para_alpha,para_beta,para_gamma,para_apex_x,para_apex_y,para_apex_z
0,222605.0,-93.47994247,248.220469619,251.086559586,211.673452691,9.6408083308,39727184.8127,0.0,0.0,0.0,0.0,0.0,0.00307829567658,0.00347964315424,-0.676003273652,-2.41148194521,274.375096823,-1.69680513699,1.10325669875,120.904490519,122.418224075,283.681937458,263.175845573
