,points_in_feature,sphere_x_abs,sphere_y_abs,sphere_z_abs,sphere_radius,sphere_res_var,sphere_volume,sphere_x_rel,sphere_y_rel,sphere_z_resl,sphere_R,sphere_angle_raw,para_p1,para_p2,para_p3,para_p4,para_p5,para_alpha,para_beta,para_gamma,para_apex_x,para_apex_y,para_apex_z
0,206197.0,29.010224736,282.446952723,224.650414796,126.685135494,1804.78587482,8516587.05515,0.0,0.0,0.0,0.0,0.0,4.62620153762e-05,-0.000366490428756,-0.0214364798765,-0.208498787675,35.6807938137,0.00264845712072,1.50656567143,91.1179157204,51.9334129733,283.696205611,235.290350805
