,points_in_feature,sphere_x_abs,sphere_y_abs,sphere_z_abs,sphere_radius,sphere_res_var,sphere_volume,sphere_x_rel,sphere_y_rel,sphere_z_resl,sphere_R,sphere_angle_raw,para_p1,para_p2,para_p3,para_p4,para_p5,para_alpha,para_beta,para_gamma,para_apex_x,para_apex_y,para_apex_z
0,205695.0,-232.614184771,254.565917494,263.482851185,319.291810506,60.4074278509,136348997.067,0.0,0.0,0.0,0.0,0.0,-0.00217147414097,-0.00134308126659,1.60542831621,-0.3007012783,-186.816176733,-1.41126333069,1.07693114166,54.7588461309,84.1410684622,279.786062843,282.644224945
