,points_in_feature,sphere_x_abs,sphere_y_abs,sphere_z_abs,sphere_radius,sphere_res_var,sphere_volume,sphere_x_rel,sphere_y_rel,sphere_z_resl,sphere_R,sphere_angle_raw,para_p1,para_p2,para_p3,para_p4,para_p5,para_alpha,para_beta,para_gamma,para_apex_x,para_apex_y,para_apex_z
0,280814.0,-176.873654285,251.272661576,261.292515377,298.340618604,75.6163289547,111230980.871,0.0,0.0,0.0,0.0,0.0,0.00220940321237,0.00184970331522,-1.099109997,-1.02449947901,148.760451642,0.308097362484,1.37495254199,81.1748299365,111.490883282,318.650106501,203.569996496
