,points_in_feature,sphere_x_abs,sphere_y_abs,sphere_z_abs,sphere_radius,sphere_res_var,sphere_volume,sphere_x_rel,sphere_y_rel,sphere_z_resl,sphere_R,sphere_angle_raw,para_p1,para_p2,para_p3,para_p4,para_p5,para_alpha,para_beta,para_gamma,para_apex_x,para_apex_y,para_apex_z
0,268580.0,-188.729263174,252.067672848,261.599710247,302.392174716,74.0770169461,115824452.052,0.0,0.0,0.0,0.0,0.0,0.00233877003536,0.00155899519053,-1.72970974749,-0.260419831883,176.545173511,1.78013952224,1.03343628868,35.9036749474,112.244528772,263.574884582,292.251734072
