,points_in_feature,sphere_x_abs,sphere_y_abs,sphere_z_abs,sphere_radius,sphere_res_var,sphere_volume,sphere_x_rel,sphere_y_rel,sphere_z_resl,sphere_R,sphere_angle_raw,para_p1,para_p2,para_p3,para_p4,para_p5,para_alpha,para_beta,para_gamma,para_apex_x,para_apex_y,para_apex_z
0,168409.0,-148.287605474,240.883238674,261.414827755,239.193443536,38.9367240762,57323991.4782,0.0,0.0,0.0,0.0,0.0,-0.00290050269164,-0.00212962086167,1.13702811955,-1.41274363881,-182.365153085,1.1299274511,1.28881432127,58.3918824267,86.8376854688,287.791605464,291.132580126
