,points_in_feature,sphere_x_abs,sphere_y_abs,sphere_z_abs,sphere_radius,sphere_res_var,sphere_volume,sphere_x_rel,sphere_y_rel,sphere_z_resl,sphere_R,sphere_angle_raw,para_p1,para_p2,para_p3,para_p4,para_p5,para_alpha,para_beta,para_gamma,para_apex_x,para_apex_y,para_apex_z
0,66909.0,-226.606054352,222.548739189,273.847055431,276.232824281,8.23073092685,88290598.4741,0.0,0.0,0.0,0.0,0.0,0.00166927338656,0.00202315201876,0.158670819143,-1.55126054234,192.222516253,-1.63374154927,0.654296268319,-180.784644822,44.5387017645,283.994233698,280.109196892
1,51777.0,-152.149154779,328.407104703,215.46847522,200.289357156,79.6760705049,33655978.9406,74.456899573,105.858365514,-58.3785802105,141.978456361,118.875777541,0.0,0.0,0.0,0.0,0.0,0.0,0.0,0.0,0.0,0.0,0.0
