,points_in_feature,sphere_x_abs,sphere_y_abs,sphere_z_abs,sphere_radius,sphere_res_var,sphere_volume,sphere_x_rel,sphere_y_rel,sphere_z_resl,sphere_R,sphere_angle_raw,para_p1,para_p2,para_p3,para_p4,para_p5,para_alpha,para_beta,para_gamma,para_apex_x,para_apex_y,para_apex_z
0,248067.0,-225.777733828,253.779745119,255.306211463,325.662919354,97.779129672,144675017.8,0.0,0.0,0.0,0.0,0.0,0.00211317057219,0.00129118795885,1.49672874161,0.275300148038,163.495630229,-1.66588131111,-1.08203874567,-532.611147275,97.2590073015,262.653792225,268.02986884
