,points_in_feature,sphere_x_abs,sphere_y_abs,sphere_z_abs,sphere_radius,sphere_res_var,sphere_volume,sphere_x_rel,sphere_y_rel,sphere_z_resl,sphere_R,sphere_angle_raw,para_p1,para_p2,para_p3,para_p4,para_p5,para_alpha,para_beta,para_gamma,para_apex_x,para_apex_y,para_apex_z
0,166416.0,-104.837915226,299.585711602,264.307411787,200.45604276,5.20922521028,33740076.827,0.0,0.0,0.0,0.0,0.0,0.00329935365093,0.00324699352234,2.20760205488,1.58642857919,384.371508697,1.00819232407,-1.83319448923,-410.659019821,96.2806740479,328.168324987,294.220064519
