,points_in_feature,sphere_x_abs,sphere_y_abs,sphere_z_abs,sphere_radius,sphere_res_var,sphere_volume,sphere_x_rel,sphere_y_rel,sphere_z_resl,sphere_R,sphere_angle_raw,para_p1,para_p2,para_p3,para_p4,para_p5,para_alpha,para_beta,para_gamma,para_apex_x,para_apex_y,para_apex_z
0,256807.0,-77.7979091604,240.452214474,266.061422081,211.526029471,12.9461402329,39644236.7901,0.0,0.0,0.0,0.0,0.0,0.00318813145111,0.00355340355958,-0.800705648807,-2.44407099101,284.944395339,-1.61449326405,1.10660025536,120.83508167,139.295246086,276.267972977,269.738463397
