,points_in_feature,sphere_x_abs,sphere_y_abs,sphere_z_abs,sphere_radius,sphere_res_var,sphere_volume,sphere_x_rel,sphere_y_rel,sphere_z_resl,sphere_R,sphere_angle_raw,para_p1,para_p2,para_p3,para_p4,para_p5,para_alpha,para_beta,para_gamma,para_apex_x,para_apex_y,para_apex_z
0,203546.0,-84.7884921685,295.767587368,262.520953433,204.746484123,14.4843471604,35953234.54,0.0,0.0,0.0,0.0,0.0,0.00339939052015,0.0036034036451,-0.182309073749,-2.91506680245,356.815589409,1.33909407974,2.22284192534,117.763045394,120.021025701,345.544999521,292.975099068
