,points_in_feature,sphere_x_abs,sphere_y_abs,sphere_z_abs,sphere_radius,sphere_res_var,sphere_volume,sphere_x_rel,sphere_y_rel,sphere_z_resl,sphere_R,sphere_angle_raw,para_p1,para_p2,para_p3,para_p4,para_p5,para_alpha,para_beta,para_gamma,para_apex_x,para_apex_y,para_apex_z
0,214919.0,-107.452980342,271.214937353,263.286825384,231.918749078,9.28902791353,52251190.3729,0.0,0.0,0.0,0.0,0.0,-0.00304003918618,-0.00274185220289,-2.37027413044,0.0297848543606,-279.753696698,1.41365433984,-0.780980474635,-136.848301435,128.765402801,289.921865941,290.896929604
1,31055.0,-175.047802318,149.355771943,142.700545031,216.817426256,23.0881878038,42694424.4843,-67.5948219756,-121.85916541,-120.586280353,184.281760252,225.30081106,0.0,0.0,0.0,0.0,0.0,0.0,0.0,0.0,0.0,0.0,0.0
