,points_in_feature,sphere_x_abs,sphere_y_abs,sphere_z_abs,sphere_radius,sphere_res_var,sphere_volume,sphere_x_rel,sphere_y_rel,sphere_z_resl,sphere_R,sphere_angle_raw,para_p1,para_p2,para_p3,para_p4,para_p5,para_alpha,para_beta,para_gamma,para_apex_x,para_apex_y,para_apex_z
0,134124.0,-171.629533902,239.83271463,274.204509417,244.102215379,59.0048632659,60926155.1495,0.0,0.0,0.0,0.0,0.0,-0.00262500910776,-0.00171981887652,-1.01742465915,1.14923841047,-183.49366504,-1.25927008812,-1.22799303765,23.8234487292,68.1226690066,256.40703764,300.451450663
