,points_in_feature,sphere_x_abs,sphere_y_abs,sphere_z_abs,sphere_radius,sphere_res_var,sphere_volume,sphere_x_rel,sphere_y_rel,sphere_z_resl,sphere_R,sphere_angle_raw,para_p1,para_p2,para_p3,para_p4,para_p5,para_alpha,para_beta,para_gamma,para_apex_x,para_apex_y,para_apex_z
0,175870.0,-123.075848672,245.20293777,267.154041474,215.362778674,4.43337945806,41840854.6778,0.0,0.0,0.0,0.0,0.0,-0.00284604247426,-0.00307177411875,0.847854539125,-2.11454236796,-285.539759187,-1.5828910938,1.95294765322,406.67511355,92.9776883657,283.974098645,267.191405066
