,points_in_feature,sphere_x_abs,sphere_y_abs,sphere_z_abs,sphere_radius,sphere_res_var,sphere_volume,sphere_x_rel,sphere_y_rel,sphere_z_resl,sphere_R,sphere_angle_raw,para_p1,para_p2,para_p3,para_p4,para_p5,para_alpha,para_beta,para_gamma,para_apex_x,para_apex_y,para_apex_z
0,173746.0,-1543.36101132,239.362376165,240.095811294,1573.67328364,44.9430072638,16324215704.3,0.0,0.0,0.0,0.0,0.0,-6.79867958375e-05,-6.74842267972e-05,0.0189224475187,-0.0189606644619,9.87331200202,0.275996536984,1.59147796354,-185.61049619,18.027307432,140.93929782,138.09207021
