,points_in_feature,sphere_x_abs,sphere_y_abs,sphere_z_abs,sphere_radius,sphere_res_var,sphere_volume,sphere_x_rel,sphere_y_rel,sphere_z_resl,sphere_R,sphere_angle_raw,para_p1,para_p2,para_p3,para_p4,para_p5,para_alpha,para_beta,para_gamma,para_apex_x,para_apex_y,para_apex_z
0,276519.0,-201.930505221,252.724849175,255.1292816,316.73856145,101.366755112,133104098.728,0.0,0.0,0.0,0.0,0.0,-0.0022539194853,-0.00140852795603,1.63441968588,-0.279427225544,-156.802718841,1.76865810986,2.08509493066,120.724548639,112.274298585,268.914848238,282.656250089
