,points_in_feature,sphere_x_abs,sphere_y_abs,sphere_z_abs,sphere_radius,sphere_res_var,sphere_volume,sphere_x_rel,sphere_y_rel,sphere_z_resl,sphere_R,sphere_angle_raw,para_p1,para_p2,para_p3,para_p4,para_p5,para_alpha,para_beta,para_gamma,para_apex_x,para_apex_y,para_apex_z
0,81715.0,277.687050642,257.455468363,240.0209085,294.94250013,166.364429031,107473323.998,0.0,0.0,0.0,0.0,0.0,0.000296087862141,0.000298320224167,-0.131711607442,0.154869665312,53.8624256698,0.333596713292,1.54897402124,2.80050967245,12.5744798878,258.073645409,224.615577724
