,points_in_feature,sphere_x_abs,sphere_y_abs,sphere_z_abs,sphere_radius,sphere_res_var,sphere_volume,sphere_x_rel,sphere_y_rel,sphere_z_resl,sphere_R,sphere_angle_raw,para_p1,para_p2,para_p3,para_p4,para_p5,para_alpha,para_beta,para_gamma,para_apex_x,para_apex_y,para_apex_z
0,252289.0,-78.3717218383,284.911537594,260.74849607,218.455154906,78.168129322,43669226.6606,0.0,0.0,0.0,0.0,0.0,0.00360192314564,0.00324929016445,2.62945414419,1.0361144417,302.376392599,1.26539526222,-2.04220146629,356.042953237,139.100482125,349.130977478,291.657058543
