,points_in_feature,sphere_x_abs,sphere_y_abs,sphere_z_abs,sphere_radius,sphere_res_var,sphere_volume,sphere_x_rel,sphere_y_rel,sphere_z_resl,sphere_R,sphere_angle_raw,para_p1,para_p2,para_p3,para_p4,para_p5,para_alpha,para_beta,para_gamma,para_apex_x,para_apex_y,para_apex_z
0,247003.0,-101.359466862,239.60097557,272.300954542,232.367108211,69.2197963458,52554821.9513,0.0,0.0,0.0,0.0,0.0,-0.00323569395597,-0.00239637956539,1.61242014299,-1.3365550401,-207.639293143,0.779106987263,1.40196815804,121.686604059,132.422054745,254.087681059,300.015839678
