,points_in_feature,sphere_x_abs,sphere_y_abs,sphere_z_abs,sphere_radius,sphere_res_var,sphere_volume,sphere_x_rel,sphere_y_rel,sphere_z_resl,sphere_R,sphere_angle_raw,para_p1,para_p2,para_p3,para_p4,para_p5,para_alpha,para_beta,para_gamma,para_apex_x,para_apex_y,para_apex_z
0,126713.0,-144.952029043,188.526554294,171.414342494,214.36975005,12.6621458564,41264740.0917,0.0,0.0,0.0,0.0,0.0,0.00289658132181,0.00237241819313,-0.650205367906,-1.16640024771,84.9335656034,1.36954703222,1.87807200844,80.2287171059,68.742610221,207.062303009,185.570966276
