,points_in_feature,sphere_x_abs,sphere_y_abs,sphere_z_abs,sphere_radius,sphere_res_var,sphere_volume,sphere_x_rel,sphere_y_rel,sphere_z_resl,sphere_R,sphere_angle_raw,para_p1,para_p2,para_p3,para_p4,para_p5,para_alpha,para_beta,para_gamma,para_apex_x,para_apex_y,para_apex_z
0,123508.0,-144.837137576,247.422738604,268.108258864,212.853525126,13.6781484971,40395329.0777,0.0,0.0,0.0,0.0,0.0,0.00268721804236,0.00250316976966,2.03774669287,-0.0685638398153,280.148551693,1.37158585056,-2.32602876478,714.562801677,65.7054636343,247.303530438,299.734253948
