,points_in_feature,sphere_x_abs,sphere_y_abs,sphere_z_abs,sphere_radius,sphere_res_var,sphere_volume,sphere_x_rel,sphere_y_rel,sphere_z_resl,sphere_R,sphere_angle_raw,para_p1,para_p2,para_p3,para_p4,para_p5,para_alpha,para_beta,para_gamma,para_apex_x,para_apex_y,para_apex_z
0,139379.0,-140.996500798,299.535945221,265.777389757,216.391484224,4.52038829625,42443296.4062,0.0,0.0,0.0,0.0,0.0,-0.00270259695392,-0.00265963365139,0.718397631496,-2.09265894003,-336.766646112,1.36816589768,1.16445278958,196.456421687,75.272793158,317.900425779,284.1548926
