,points_in_feature,sphere_x_abs,sphere_y_abs,sphere_z_abs,sphere_radius,sphere_res_var,sphere_volume,sphere_x_rel,sphere_y_rel,sphere_z_resl,sphere_R,sphere_angle_raw,para_p1,para_p2,para_p3,para_p4,para_p5,para_alpha,para_beta,para_gamma,para_apex_x,para_apex_y,para_apex_z
0,161820.0,-109.045745748,188.02110713,170.271816955,203.39364611,19.6432070925,35245262.904,0.0,0.0,0.0,0.0,0.0,-0.00333191439784,-0.00282725890555,0.637433446271,-1.43008138832,-75.3294933264,1.24571732761,1.17460339368,-1034.94132962,94.5131084412,208.976516017,197.496432078
