,points_in_feature,sphere_x_abs,sphere_y_abs,sphere_z_abs,sphere_radius,sphere_res_var,sphere_volume,sphere_x_rel,sphere_y_rel,sphere_z_resl,sphere_R,sphere_angle_raw,para_p1,para_p2,para_p3,para_p4,para_p5,para_alpha,para_beta,para_gamma,para_apex_x,para_apex_y,para_apex_z
0,119050.0,-153.078432299,274.132842767,265.242306902,231.20633472,8.20243944741,51771148.0964,0.0,0.0,0.0,0.0,0.0,-0.00273655081989,-0.00237602954886,-2.10333901983,0.230011712073,-314.07396371,1.52825282312,-0.892992501335,102.038893486,80.1252655782,281.080724984,271.58102138
