,points_in_feature,sphere_x_abs,sphere_y_abs,sphere_z_abs,sphere_radius,sphere_res_var,sphere_volume,sphere_x_rel,sphere_y_rel,sphere_z_resl,sphere_R,sphere_angle_raw,para_p1,para_p2,para_p3,para_p4,para_p5,para_alpha,para_beta,para_gamma,para_apex_x,para_apex_y,para_apex_z
0,205887.0,-111.103720762,271.534927167,263.606189946,231.659912946,10.4616103788,52076438.5581,0.0,0.0,0.0,0.0,0.0,0.0030028966051,0.00269157285578,-2.34046365042,-0.0560350109308,284.3686774,-1.4132836239,2.34266757975,-130.54813338,124.453257137,285.362366003,290.906127121
1,24470.0,-144.393653491,132.587553128,131.825794332,179.639922167,30.3979558869,24282711.7173,-33.2899327294,-138.947374039,-131.780395614,194.372490445,226.516437448,0.0,0.0,0.0,0.0,0.0,0.0,0.0,0.0,0.0,0.0,0.0
