,points_in_feature,sphere_x_abs,sphere_y_abs,sphere_z_abs,sphere_radius,sphere_res_var,sphere_volume,sphere_x_rel,sphere_y_rel,sphere_z_resl,sphere_R,sphere_angle_raw,para_p1,para_p2,para_p3,para_p4,para_p5,para_alpha,para_beta,para_gamma,para_apex_x,para_apex_y,para_apex_z
0,219900.0,-98.6351822033,242.600363511,266.582265247,213.024974056,8.13034678539,40493020.4262,0.0,0.0,0.0,0.0,0.0,0.00302688280331,0.00333465752888,-0.82073014777,-2.29477801612,285.977517106,-1.58368523841,1.14393795675,114.510452238,117.350553946,280.892028959,266.727927824
