,points_in_feature,sphere_x_abs,sphere_y_abs,sphere_z_abs,sphere_radius,sphere_res_var,sphere_volume,sphere_x_rel,sphere_y_rel,sphere_z_resl,sphere_R,sphere_angle_raw,para_p1,para_p2,para_p3,para_p4,para_p5,para_alpha,para_beta,para_gamma,para_apex_x,para_apex_y,para_apex_z
0,163142.0,-135.391721013,273.004132943,264.662033432,232.919521189,7.43691527853,52930533.9762,0.0,0.0,0.0,0.0,0.0,0.00287281858763,0.00253053003886,2.23210271425,0.153508279491,305.15733783,1.42504911218,-2.27777032041,1085.2967781,100.629573978,275.20632153,288.219229405
