,points_in_feature,sphere_x_abs,sphere_y_abs,sphere_z_abs,sphere_radius,sphere_res_var,sphere_volume,sphere_x_rel,sphere_y_rel,sphere_z_resl,sphere_R,sphere_angle_raw,para_p1,para_p2,para_p3,para_p4,para_p5,para_alpha,para_beta,para_gamma,para_apex_x,para_apex_y,para_apex_z
0,186382.0,-139.420660137,238.999970553,273.327506464,237.593148634,65.8777939803,56181114.214,0.0,0.0,0.0,0.0,0.0,0.00290207380148,0.0020470653144,1.24401585195,1.29930067462,199.632712299,-1.31092862312,-1.80704587596,108.536862065,95.8156153556,271.581474744,288.575656683
