,points_in_feature,sphere_x_abs,sphere_y_abs,sphere_z_abs,sphere_radius,sphere_res_var,sphere_volume,sphere_x_rel,sphere_y_rel,sphere_z_resl,sphere_R,sphere_angle_raw,para_p1,para_p2,para_p3,para_p4,para_p5,para_alpha,para_beta,para_gamma,para_apex_x,para_apex_y,para_apex_z
0,182099.0,-268.873851438,257.107704688,255.656269861,343.92297899,88.6301382423,170401020.358,0.0,0.0,0.0,0.0,0.0,-0.00191143653533,-0.00104329282265,1.3379474117,-0.284645559537,-167.073275123,1.57491732911,2.03646990514,83.1907709395,69.7573876875,283.54123863,251.624128476
