,points_in_feature,sphere_x_abs,sphere_y_abs,sphere_z_abs,sphere_radius,sphere_res_var,sphere_volume,sphere_x_rel,sphere_y_rel,sphere_z_resl,sphere_R,sphere_angle_raw,para_p1,para_p2,para_p3,para_p4,para_p5,para_alpha,para_beta,para_gamma,para_apex_x,para_apex_y,para_apex_z
0,229529.0,-111.421606001,239.362615446,272.908060194,233.091912227,62.3213076037,53048147.6248,0.0,0.0,0.0,0.0,0.0,-0.00315706967004,-0.00230757862059,-1.52185653415,1.33237383127,-210.017554559,-1.01331303891,-1.40127406346,99.4428386959,122.580487571,260.031675138,293.690915593
