,points_in_feature,sphere_x_abs,sphere_y_abs,sphere_z_abs,sphere_radius,sphere_res_var,sphere_volume,sphere_x_rel,sphere_y_rel,sphere_z_resl,sphere_R,sphere_angle_raw,para_p1,para_p2,para_p3,para_p4,para_p5,para_alpha,para_beta,para_gamma,para_apex_x,para_apex_y,para_apex_z
0,15237.0,-625.455890914,1106.12224252,250.70706733,1276.36988117,55.1906494536,8710001940.22,0.0,0.0,0.0,0.0,0.0,0.0354753080706,1.45340606873e-05,1.65453809872,0.305353424089,13.158473169,-1.26246217668,0.00667765569056,-10.3931086987,-1389.19061686,898.654902213,-10497.8533428
1,1328.0,-15.8266136324,120.378257041,142.417448895,145.837696062,10.4383235568,12992657.6007,609.629277281,-985.743985478,-108.289618435,1164.0728938,263.730869261,0.0,0.0,0.0,0.0,0.0,0.0,0.0,0.0,0.0,0.0,0.0
2,1205.0,48.0751355788,291.013148754,-93.9059945309,106.008301717,7.51316203349,4990088.41336,673.531026493,-815.109093765,-344.613061861,1112.11736826,247.082256825,0.0,0.0,0.0,0.0,0.0,0.0,0.0,0.0,0.0,0.0,0.0
