,points_in_feature,sphere_x_abs,sphere_y_abs,sphere_z_abs,sphere_radius,sphere_res_var,sphere_volume,sphere_x_rel,sphere_y_rel,sphere_z_resl,sphere_R,sphere_angle_raw,para_p1,para_p2,para_p3,para_p4,para_p5,para_alpha,para_beta,para_gamma,para_apex_x,para_apex_y,para_apex_z
0,215825.0,-120.528809542,281.252681822,275.787274846,236.073333528,7.85782794016,55109872.6176,0.0,0.0,0.0,0.0,0.0,0.00287337080988,0.00258372690215,-2.3394742167,-0.0955465525366,299.02938544,-1.37065954459,2.32108252268,-74.0426064343,117.491249929,296.873857013,309.56745221
