,points_in_feature,sphere_x_abs,sphere_y_abs,sphere_z_abs,sphere_radius,sphere_res_var,sphere_volume,sphere_x_rel,sphere_y_rel,sphere_z_resl,sphere_R,sphere_angle_raw,para_p1,para_p2,para_p3,para_p4,para_p5,para_alpha,para_beta,para_gamma,para_apex_x,para_apex_y,para_apex_z
0,54181.0,-173.983411927,219.921858804,281.812637057,226.18066502,15.7699558431,48467993.3092,0.0,0.0,0.0,0.0,0.0,0.00221656072996,0.0018180790994,1.54737386141,0.397670247122,227.641421167,0.721997538638,-1.82924652875,10.3841071209,37.3198389548,163.60569787,331.288839246
1,22447.0,-121.831904461,344.627563214,220.629169263,164.819161365,6.40605617116,18754768.5688,52.1515074667,124.70570441,-61.1834677937,148.373546075,116.133624066,0.0,0.0,0.0,0.0,0.0,0.0,0.0,0.0,0.0,0.0,0.0
2,11672.0,-29.7029729031,391.054116179,257.120801247,71.7215234586,60.074631962,1545386.54675,144.280439024,171.132257375,-24.6918358103,225.194985191,98.2102661841,0.0,0.0,0.0,0.0,0.0,0.0,0.0,0.0,0.0,0.0,0.0
