,points_in_feature,sphere_x_abs,sphere_y_abs,sphere_z_abs,sphere_radius,sphere_res_var,sphere_volume,sphere_x_rel,sphere_y_rel,sphere_z_resl,sphere_R,sphere_angle_raw,para_p1,para_p2,para_p3,para_p4,para_p5,para_alpha,para_beta,para_gamma,para_apex_x,para_apex_y,para_apex_z
0,149710.0,-107.828970641,186.450134207,149.682407244,197.928193134,17.3010023726,32479668.6074,0.0,0.0,0.0,0.0,0.0,-0.00357534925776,-0.00315171016227,-0.347703416044,1.619588522,-66.823819005,-1.48757830137,-1.12455336804,-271.92097426,87.7836494628,239.933557861,159.739101474
