,points_in_feature,sphere_x_abs,sphere_y_abs,sphere_z_abs,sphere_radius,sphere_res_var,sphere_volume,sphere_x_rel,sphere_y_rel,sphere_z_resl,sphere_R,sphere_angle_raw,para_p1,para_p2,para_p3,para_p4,para_p5,para_alpha,para_beta,para_gamma,para_apex_x,para_apex_y,para_apex_z
0,174076.0,-110.247033731,276.678556735,239.25642473,206.046219073,8.20242207994,36642285.8464,0.0,0.0,0.0,0.0,0.0,0.00298952057565,0.00309997419758,-0.653686786622,-2.22402086071,302.009717924,-1.53838534412,1.17971070178,64.2438898881,97.1770182694,305.007311368,236.104610678
