,points_in_feature,sphere_x_abs,sphere_y_abs,sphere_z_abs,sphere_radius,sphere_res_var,sphere_volume,sphere_x_rel,sphere_y_rel,sphere_z_resl,sphere_R,sphere_angle_raw,para_p1,para_p2,para_p3,para_p4,para_p5,para_alpha,para_beta,para_gamma,para_apex_x,para_apex_y,para_apex_z
0,252101.0,-89.8448155919,301.068158571,282.542679522,229.680052426,103.960254932,50752617.48,0.0,0.0,0.0,0.0,0.0,0.00349231689337,0.003181099546,-2.56069821091,-1.37666782366,327.10737237,-1.13636276748,1.92970368525,1031.28899721,135.065057381,383.513521464,317.370351113
