,points_in_feature,sphere_x_abs,sphere_y_abs,sphere_z_abs,sphere_radius,sphere_res_var,sphere_volume,sphere_x_rel,sphere_y_rel,sphere_z_resl,sphere_R,sphere_angle_raw,para_p1,para_p2,para_p3,para_p4,para_p5,para_alpha,para_beta,para_gamma,para_apex_x,para_apex_y,para_apex_z
0,179087.0,-148.164816936,282.731085725,277.57153106,240.398550003,4.96340964374,58194794.7503,0.0,0.0,0.0,0.0,0.0,0.00265278162398,0.00235940545156,-2.1424369968,-0.219237820797,311.706859683,1.73832851779,0.909748498907,117.670478357,93.5332599505,283.221436004,303.516624339
