,points_in_feature,sphere_x_abs,sphere_y_abs,sphere_z_abs,sphere_radius,sphere_res_var,sphere_volume,sphere_x_rel,sphere_y_rel,sphere_z_resl,sphere_R,sphere_angle_raw,para_p1,para_p2,para_p3,para_p4,para_p5,para_alpha,para_beta,para_gamma,para_apex_x,para_apex_y,para_apex_z
0,227037.0,-98.0993942013,310.793607842,284.06166029,217.873987368,32.2356755315,43321626.5402,0.0,0.0,0.0,0.0,0.0,-0.00338687906884,-0.00360209174569,0.566309138184,-3.04204885392,-385.880297399,1.25392305498,1.03736764772,20.3710468596,115.744272177,384.296911374,320.387745451
