,points_in_feature,sphere_x_abs,sphere_y_abs,sphere_z_abs,sphere_radius,sphere_res_var,sphere_volume,sphere_x_rel,sphere_y_rel,sphere_z_resl,sphere_R,sphere_angle_raw,para_p1,para_p2,para_p3,para_p4,para_p5,para_alpha,para_beta,para_gamma,para_apex_x,para_apex_y,para_apex_z
0,301532.0,-135.236187112,262.554688063,256.287702754,272.549448622,166.299633905,84805600.2889,0.0,0.0,0.0,0.0,0.0,0.00233072118675,0.00274193561036,-1.89698500228,-0.186902192686,118.033525017,-1.23160186293,2.33573686938,120.472344873,126.415613885,335.983848011,333.802581612
