,points_in_feature,sphere_x_abs,sphere_y_abs,sphere_z_abs,sphere_radius,sphere_res_var,sphere_volume,sphere_x_rel,sphere_y_rel,sphere_z_resl,sphere_R,sphere_angle_raw,para_p1,para_p2,para_p3,para_p4,para_p5,para_alpha,para_beta,para_gamma,para_apex_x,para_apex_y,para_apex_z
0,320438.0,-110.843638164,254.280898865,257.746017587,263.930174213,157.399849551,77011528.3883,0.0,0.0,0.0,0.0,0.0,-0.00308133705032,-0.00192033889698,2.23289717822,-0.355551856057,-214.51641687,-1.42453240073,1.01131894583,299.781085578,153.1133861,289.331336499,274.444110725
