,points_in_feature,sphere_x_abs,sphere_y_abs,sphere_z_abs,sphere_radius,sphere_res_var,sphere_volume,sphere_x_rel,sphere_y_rel,sphere_z_resl,sphere_R,sphere_angle_raw,para_p1,para_p2,para_p3,para_p4,para_p5,para_alpha,para_beta,para_gamma,para_apex_x,para_apex_y,para_apex_z
0,158017.0,-212.960259375,262.590991379,261.465018014,290.843298772,123.547014481,103054223.366,0.0,0.0,0.0,0.0,0.0,-0.00240247935677,-0.0011307425755,1.72207080997,-0.336895553127,-230.875711214,1.65384917322,2.01315562535,233.894404853,70.4495118269,294.195251342,263.997279725
