,points_in_feature,sphere_x_abs,sphere_y_abs,sphere_z_abs,sphere_radius,sphere_res_var,sphere_volume,sphere_x_rel,sphere_y_rel,sphere_z_resl,sphere_R,sphere_angle_raw,para_p1,para_p2,para_p3,para_p4,para_p5,para_alpha,para_beta,para_gamma,para_apex_x,para_apex_y,para_apex_z
0,111586.0,-234.823062002,255.156417053,295.586592997,284.984361736,35.3644709108,96950866.8953,0.0,0.0,0.0,0.0,0.0,-0.00234289692445,-0.00145650520033,-0.681199293976,1.26549886404,-175.918999609,-1.28807141002,-1.08432822477,1079.18733424,38.3165471127,335.93716929,342.911163496
