,points_in_feature,sphere_x_abs,sphere_y_abs,sphere_z_abs,sphere_radius,sphere_res_var,sphere_volume,sphere_x_rel,sphere_y_rel,sphere_z_resl,sphere_R,sphere_angle_raw,para_p1,para_p2,para_p3,para_p4,para_p5,para_alpha,para_beta,para_gamma,para_apex_x,para_apex_y,para_apex_z
0,227781.0,-85.9706587374,273.869720868,239.653557621,206.537820692,9.11048623157,36905184.4206,0.0,0.0,0.0,0.0,0.0,0.00319049013328,0.00343067707201,0.450552833239,2.50330447036,309.269102496,1.62563403743,-1.05621703771,124.033614356,125.602870923,298.123654676,245.16328344
