,points_in_feature,sphere_x_abs,sphere_y_abs,sphere_z_abs,sphere_radius,sphere_res_var,sphere_volume,sphere_x_rel,sphere_y_rel,sphere_z_resl,sphere_R,sphere_angle_raw,para_p1,para_p2,para_p3,para_p4,para_p5,para_alpha,para_beta,para_gamma,para_apex_x,para_apex_y,para_apex_z
0,236901.0,-120.761909046,250.395496422,300.149828706,242.035330765,78.3359619361,59391583.9229,0.0,0.0,0.0,0.0,0.0,0.00302485923376,0.00212520865652,-1.57406283858,-1.30185581908,250.28492255,1.21926821983,1.74112656138,-233.754262782,121.893796997,267.65330052,314.146545288
