,points_in_feature,sphere_x_abs,sphere_y_abs,sphere_z_abs,sphere_radius,sphere_res_var,sphere_volume,sphere_x_rel,sphere_y_rel,sphere_z_resl,sphere_R,sphere_angle_raw,para_p1,para_p2,para_p3,para_p4,para_p5,para_alpha,para_beta,para_gamma,para_apex_x,para_apex_y,para_apex_z
0,140130.0,-179.677219385,284.135502614,277.091038906,250.740034466,15.0769537271,66032790.8545,0.0,0.0,0.0,0.0,0.0,0.00220979022555,0.00217299808864,-1.14077614344,-1.34356914962,272.093974552,-0.0468392357496,1.46883820032,100.446393942,67.4185486012,319.526453089,249.83151048
