,points_in_feature,sphere_x_abs,sphere_y_abs,sphere_z_abs,sphere_radius,sphere_res_var,sphere_volume,sphere_x_rel,sphere_y_rel,sphere_z_resl,sphere_R,sphere_angle_raw,para_p1,para_p2,para_p3,para_p4,para_p5,para_alpha,para_beta,para_gamma,para_apex_x,para_apex_y,para_apex_z
0,114723.0,-132.789597176,189.567984728,150.174978313,199.126838908,11.2829383739,33073336.3605,0.0,0.0,0.0,0.0,0.0,-0.00334179191708,-0.00292619108601,0.470384027011,-1.51057317461,-92.5129139124,1.62249966761,1.23605379477,-130.679844797,61.9522197266,244.241724347,149.13575538
