,points_in_feature,sphere_x_abs,sphere_y_abs,sphere_z_abs,sphere_radius,sphere_res_var,sphere_volume,sphere_x_rel,sphere_y_rel,sphere_z_resl,sphere_R,sphere_angle_raw,para_p1,para_p2,para_p3,para_p4,para_p5,para_alpha,para_beta,para_gamma,para_apex_x,para_apex_y,para_apex_z
0,13404.0,2869.30407815,173.401108816,134.684324117,2869.38508413,0.540782640485,98958959091.3,0.0,0.0,0.0,0.0,0.0,6.9730071398e-06,7.28875351039e-06,-0.637843176267,0.0149295630948,1.59458221156,0.334850840271,-0.977283371121,0.265907713735,12411.7877662,-9353.11149125,-45434.4677669
1,167934.0,-155.838566789,293.742038994,267.350942897,223.554077833,370.96051416,46798981.1152,-3025.14264494,120.340930177,132.66661878,3030.44062695,42.2109447034,0.0,0.0,0.0,0.0,0.0,0.0,0.0,0.0,0.0,0.0,0.0
