,points_in_feature,sphere_x_abs,sphere_y_abs,sphere_z_abs,sphere_radius,sphere_res_var,sphere_volume,sphere_x_rel,sphere_y_rel,sphere_z_resl,sphere_R,sphere_angle_raw,para_p1,para_p2,para_p3,para_p4,para_p5,para_alpha,para_beta,para_gamma,para_apex_x,para_apex_y,para_apex_z
0,150043.0,-197.965517701,251.149487983,299.647375765,269.263072509,50.7476032623,81774707.7514,0.0,0.0,0.0,0.0,0.0,-0.00254277619036,-0.00163812546714,0.974049921711,-1.2706756768,-203.461898289,1.38416539274,1.21119720125,89.5442837243,64.6826123201,312.43076372,322.289194049
