,points_in_feature,sphere_x_abs,sphere_y_abs,sphere_z_abs,sphere_radius,sphere_res_var,sphere_volume,sphere_x_rel,sphere_y_rel,sphere_z_resl,sphere_R,sphere_angle_raw,para_p1,para_p2,para_p3,para_p4,para_p5,para_alpha,para_beta,para_gamma,para_apex_x,para_apex_y,para_apex_z
0,160758.0,-101.764816228,185.262828367,149.070210984,198.754280444,19.4584833772,32888046.7381,0.0,0.0,0.0,0.0,0.0,-0.00361369722219,-0.00319454148497,0.354650551998,-1.62419687951,-59.2227315558,1.45033521436,1.11789296101,-281.296339814,95.8455703791,235.945384066,162.754758089
