,points_in_feature,sphere_x_abs,sphere_y_abs,sphere_z_abs,sphere_radius,sphere_res_var,sphere_volume,sphere_x_rel,sphere_y_rel,sphere_z_resl,sphere_R,sphere_angle_raw,para_p1,para_p2,para_p3,para_p4,para_p5,para_alpha,para_beta,para_gamma,para_apex_x,para_apex_y,para_apex_z
0,272057.0,-144.157371587,256.493232627,259.382686769,272.114242444,144.816678432,84399996.6278,0.0,0.0,0.0,0.0,0.0,0.00167241983953,0.00285041733838,-0.359661915185,2.06933414144,221.756629063,1.66658559092,-0.509106833227,186.882081198,125.650520484,283.690540245,277.552763717
