,points_in_feature,sphere_x_abs,sphere_y_abs,sphere_z_abs,sphere_radius,sphere_res_var,sphere_volume,sphere_x_rel,sphere_y_rel,sphere_z_resl,sphere_R,sphere_angle_raw,para_p1,para_p2,para_p3,para_p4,para_p5,para_alpha,para_beta,para_gamma,para_apex_x,para_apex_y,para_apex_z
0,131254.0,-131.032151733,320.686278494,290.286725471,203.258863784,18.3647337857,35175241.6716,0.0,0.0,0.0,0.0,0.0,0.00294017775,0.00272278582276,1.63758341193,1.86993781629,442.88134205,-0.560607941574,-1.76230011509,-242.423010787,69.6086341159,310.006154075,325.262841297
