,points_in_feature,sphere_x_abs,sphere_y_abs,sphere_z_abs,sphere_radius,sphere_res_var,sphere_volume,sphere_x_rel,sphere_y_rel,sphere_z_resl,sphere_R,sphere_angle_raw,para_p1,para_p2,para_p3,para_p4,para_p5,para_alpha,para_beta,para_gamma,para_apex_x,para_apex_y,para_apex_z
0,218226.0,-182.376591389,259.243007583,261.297779475,283.565904281,128.756058698,95510394.8914,0.0,0.0,0.0,0.0,0.0,0.00265127547552,0.00143922017651,1.92773000595,0.369591230588,228.764606027,-1.74038707202,-1.09396525346,-199.739057613,96.7279398812,290.104130657,276.17080388
