,points_in_feature,sphere_x_abs,sphere_y_abs,sphere_z_abs,sphere_radius,sphere_res_var,sphere_volume,sphere_x_rel,sphere_y_rel,sphere_z_resl,sphere_R,sphere_angle_raw,para_p1,para_p2,para_p3,para_p4,para_p5,para_alpha,para_beta,para_gamma,para_apex_x,para_apex_y,para_apex_z
0,172429.0,-112.655836927,319.07610394,287.021940948,208.656235409,6.8049968517,38052457.7066,0.0,0.0,0.0,0.0,0.0,-0.00317502296417,-0.00312404719285,0.453580683599,-2.75189318077,-421.118419126,1.30140970724,0.996543198455,-212.006612755,94.9737679603,358.220794451,319.665168469
