,points_in_feature,sphere_x_abs,sphere_y_abs,sphere_z_abs,sphere_radius,sphere_res_var,sphere_volume,sphere_x_rel,sphere_y_rel,sphere_z_resl,sphere_R,sphere_angle_raw,para_p1,para_p2,para_p3,para_p4,para_p5,para_alpha,para_beta,para_gamma,para_apex_x,para_apex_y,para_apex_z
0,283231.0,-93.5665294048,251.555886369,297.387382517,240.136214535,77.8684531266,58004486.9665,0.0,0.0,0.0,0.0,0.0,-0.00321026256488,-0.00237780874595,1.75755685393,-1.38171997344,-241.122446634,0.732539408485,1.39918237159,-179.852192378,148.962557727,263.503058661,328.314747292
