,points_in_feature,sphere_x_abs,sphere_y_abs,sphere_z_abs,sphere_radius,sphere_res_var,sphere_volume,sphere_x_rel,sphere_y_rel,sphere_z_resl,sphere_R,sphere_angle_raw,para_p1,para_p2,para_p3,para_p4,para_p5,para_alpha,para_beta,para_gamma,para_apex_x,para_apex_y,para_apex_z
0,136853.0,-141.204477481,278.436719162,239.797039628,214.402926526,2.55758709908,41283901.8047,0.0,0.0,0.0,0.0,0.0,0.00274419919926,0.00277913946767,0.70961217937,1.99354714744,288.657023562,-1.45895041092,-1.92227928979,58.1185474771,73.6972741356,302.206129443,248.509606727
