,points_in_feature,sphere_x_abs,sphere_y_abs,sphere_z_abs,sphere_radius,sphere_res_var,sphere_volume,sphere_x_rel,sphere_y_rel,sphere_z_resl,sphere_R,sphere_angle_raw,para_p1,para_p2,para_p3,para_p4,para_p5,para_alpha,para_beta,para_gamma,para_apex_x,para_apex_y,para_apex_z
0,192822.0,-155.54380198,249.76682321,300.440099305,251.547611054,69.4577400186,66672877.7843,0.0,0.0,0.0,0.0,0.0,-0.00276905480129,-0.00185048313602,1.27724295362,-1.2846520817,-220.249501733,1.28176903365,1.30818089334,14.2960732969,92.1754722667,291.811246922,320.194452911
