,points_in_feature,sphere_x_abs,sphere_y_abs,sphere_z_abs,sphere_radius,sphere_res_var,sphere_volume,sphere_x_rel,sphere_y_rel,sphere_z_resl,sphere_R,sphere_angle_raw,para_p1,para_p2,para_p3,para_p4,para_p5,para_alpha,para_beta,para_gamma,para_apex_x,para_apex_y,para_apex_z
0,264295.0,-61.0785089034,271.663349102,239.383829417,204.860931782,12.1074545635,36013558.8578,0.0,0.0,0.0,0.0,0.0,-0.00345427473657,-0.00377485325022,-0.67779387896,2.67493309714,-315.367364626,1.59958833215,-2.00952768394,-350.388449758,151.964629457,300.77324617,241.607856491
