,points_in_feature,sphere_x_abs,sphere_y_abs,sphere_z_abs,sphere_radius,sphere_res_var,sphere_volume,sphere_x_rel,sphere_y_rel,sphere_z_resl,sphere_R,sphere_angle_raw,para_p1,para_p2,para_p3,para_p4,para_p5,para_alpha,para_beta,para_gamma,para_apex_x,para_apex_y,para_apex_z
0,105794.0,-94.1944317916,256.714781371,275.473432031,170.158431771,11.6416916119,20637117.2817,0.0,0.0,0.0,0.0,0.0,-0.00346826003994,-0.0037050079277,-1.82408401445,-2.10199627027,-413.897325283,1.43167580172,-0.0103679038134,76.9397355618,75.8963678454,262.197746557,300.845259782
