,points_in_feature,sphere_x_abs,sphere_y_abs,sphere_z_abs,sphere_radius,sphere_res_var,sphere_volume,sphere_x_rel,sphere_y_rel,sphere_z_resl,sphere_R,sphere_angle_raw,para_p1,para_p2,para_p3,para_p4,para_p5,para_alpha,para_beta,para_gamma,para_apex_x,para_apex_y,para_apex_z
0,59337.0,-191.014079083,224.944851013,289.343128487,242.949837255,3.04160942709,60067346.4316,0.0,0.0,0.0,0.0,0.0,0.00238472121224,0.00212939397729,-1.8573355468,-0.00858542977538,256.506316585,1.72083667941,0.886850827289,17.0602615843,50.7577840499,252.426746655,310.50863632
1,17464.0,-105.536394598,354.713928646,206.542156644,148.482550825,20.4343032592,13712444.0553,85.4776844855,129.769077633,-82.8009718422,176.075123151,122.540480075,0.0,0.0,0.0,0.0,0.0,0.0,0.0,0.0,0.0,0.0,0.0
2,16263.0,-63.6725298404,379.783990686,238.117598974,117.255412699,14.1773146402,6752853.18977,127.341549243,154.839139673,-51.2255295128,206.91806159,108.305796964,0.0,0.0,0.0,0.0,0.0,0.0,0.0,0.0,0.0,0.0,0.0
