,points_in_feature,sphere_x_abs,sphere_y_abs,sphere_z_abs,sphere_radius,sphere_res_var,sphere_volume,sphere_x_rel,sphere_y_rel,sphere_z_resl,sphere_R,sphere_angle_raw,para_p1,para_p2,para_p3,para_p4,para_p5,para_alpha,para_beta,para_gamma,para_apex_x,para_apex_y,para_apex_z
0,234851.0,-116.880754838,230.879798577,286.111098021,243.800761334,111.457620705,60700711.5139,0.0,0.0,0.0,0.0,0.0,-0.00307391630137,-0.00204308401314,-1.39263940112,1.23953198661,-194.529313338,-1.4308505659,-1.33799810853,105.318650983,126.712715284,251.724381687,294.579261637
