,points_in_feature,sphere_x_abs,sphere_y_abs,sphere_z_abs,sphere_radius,sphere_res_var,sphere_volume,sphere_x_rel,sphere_y_rel,sphere_z_resl,sphere_R,sphere_angle_raw,para_p1,para_p2,para_p3,para_p4,para_p5,para_alpha,para_beta,para_gamma,para_apex_x,para_apex_y,para_apex_z
0,180793.0,-141.764049018,274.596006267,290.176408921,235.49258243,6.4924142755,54704153.9913,0.0,0.0,0.0,0.0,0.0,-0.0027189618834,-0.00244312046979,-2.22193139426,0.0602813908762,-329.299860815,1.42812859027,-0.861085954587,-130.488097298,95.4228973664,274.413774431,313.568169238
