,points_in_feature,sphere_x_abs,sphere_y_abs,sphere_z_abs,sphere_radius,sphere_res_var,sphere_volume,sphere_x_rel,sphere_y_rel,sphere_z_resl,sphere_R,sphere_angle_raw,para_p1,para_p2,para_p3,para_p4,para_p5,para_alpha,para_beta,para_gamma,para_apex_x,para_apex_y,para_apex_z
0,263671.0,-76.5217520174,294.196601773,280.674887696,218.413778605,106.897457865,43644417.9694,0.0,0.0,0.0,0.0,0.0,-0.00366849630897,-0.00345823822528,2.59893292922,-1.50505635301,-328.893287666,-1.01149964467,1.22432229244,123.259138165,137.287754804,369.192576797,323.72046307
