,points_in_feature,sphere_x_abs,sphere_y_abs,sphere_z_abs,sphere_radius,sphere_res_var,sphere_volume,sphere_x_rel,sphere_y_rel,sphere_z_resl,sphere_R,sphere_angle_raw,para_p1,para_p2,para_p3,para_p4,para_p5,para_alpha,para_beta,para_gamma,para_apex_x,para_apex_y,para_apex_z
0,191749.0,-60.8338113345,202.70569013,182.027874626,185.219611242,12.0719996262,26616412.2356,0.0,0.0,0.0,0.0,0.0,0.00393445810134,0.00424616317779,-0.361521424592,-2.25312907413,181.428068699,-1.27620328574,1.03627795891,108.051188711,132.884502545,219.27498841,150.266973692
