,points_in_feature,sphere_x_abs,sphere_y_abs,sphere_z_abs,sphere_radius,sphere_res_var,sphere_volume,sphere_x_rel,sphere_y_rel,sphere_z_resl,sphere_R,sphere_angle_raw,para_p1,para_p2,para_p3,para_p4,para_p5,para_alpha,para_beta,para_gamma,para_apex_x,para_apex_y,para_apex_z
0,35117.0,-201.22840093,159.359059147,159.723866114,250.297902202,12.7767107294,65684097.7061,0.0,0.0,0.0,0.0,0.0,0.0016510141502,0.00187030838633,-0.279018136406,-0.367283960514,50.7424649215,-0.0362227491879,1.29827779834,-320.146843977,27.5818210713,93.3811672726,87.9655548495
1,251385.0,-90.4183872484,271.884072674,287.151850988,230.53535648,13.2405008269,51321723.5455,110.810013681,112.525013527,127.427984874,202.925181114,41.4460457343,0.0,0.0,0.0,0.0,0.0,0.0,0.0,0.0,0.0,0.0,0.0
