,points_in_feature,sphere_x_abs,sphere_y_abs,sphere_z_abs,sphere_radius,sphere_res_var,sphere_volume,sphere_x_rel,sphere_y_rel,sphere_z_resl,sphere_R,sphere_angle_raw,para_p1,para_p2,para_p3,para_p4,para_p5,para_alpha,para_beta,para_gamma,para_apex_x,para_apex_y,para_apex_z
0,16320.0,64.2035969785,332.232711478,183.661171716,77.4184876954,470.395011919,1943670.57408,0.0,0.0,0.0,0.0,0.0,-0.252499258928,0.00103332076248,-8.98030118183,0.773254066784,44.1682000236,0.660069854244,0.0952792204258,78.4646840445,14.7339298215,310.206976745,210.457792328
1,28935.0,34.83381023,108.687127044,294.337725461,62.4845694504,435.055214924,1021896.60025,-29.3697867485,-223.545584434,110.676553745,251.166303955,296.339833719,0.0,0.0,0.0,0.0,0.0,0.0,0.0,0.0,0.0,0.0,0.0
2,5599.0,-9.01635212448,192.587132353,192.96708336,35.4282163203,32.5643276763,186267.23704,-73.219949103,-139.645579125,9.30591164411,157.951412489,273.812525214,0.0,0.0,0.0,0.0,0.0,0.0,0.0,0.0,0.0,0.0,0.0
