,points_in_feature,sphere_x_abs,sphere_y_abs,sphere_z_abs,sphere_radius,sphere_res_var,sphere_volume,sphere_x_rel,sphere_y_rel,sphere_z_resl,sphere_R,sphere_angle_raw,para_p1,para_p2,para_p3,para_p4,para_p5,para_alpha,para_beta,para_gamma,para_apex_x,para_apex_y,para_apex_z
0,76786.0,-165.87553469,229.155468262,283.091023831,229.58192493,138.930427801,50687595.292,0.0,0.0,0.0,0.0,0.0,0.000786742659853,0.00138700667663,-0.462159860627,0.513303428963,86.3267549284,1.56520425373,0.363148772483,73.8694530416,38.8201943833,207.443029052,277.151835855
1,5741.0,-14.6425399425,178.064905046,224.161600426,73.7775844907,85.6703796583,1682139.0998,151.232994747,-51.090563216,-58.9294234059,170.159752271,220.924595889,0.0,0.0,0.0,0.0,0.0,0.0,0.0,0.0,0.0,0.0,0.0
