,points_in_feature,sphere_x_abs,sphere_y_abs,sphere_z_abs,sphere_radius,sphere_res_var,sphere_volume,sphere_x_rel,sphere_y_rel,sphere_z_resl,sphere_R,sphere_angle_raw,para_p1,para_p2,para_p3,para_p4,para_p5,para_alpha,para_beta,para_gamma,para_apex_x,para_apex_y,para_apex_z
0,185045.0,-150.013949955,230.597301489,286.034639634,251.737190391,106.788791176,66823735.8466,0.0,0.0,0.0,0.0,0.0,-0.00281152896124,-0.00175733231762,-1.16740906083,1.16793834266,-170.905455536,-1.33767708663,-1.26565051774,551.47140807,96.9706263774,268.006606402,305.171867999
