,points_in_feature,sphere_x_abs,sphere_y_abs,sphere_z_abs,sphere_radius,sphere_res_var,sphere_volume,sphere_x_rel,sphere_y_rel,sphere_z_resl,sphere_R,sphere_angle_raw,para_p1,para_p2,para_p3,para_p4,para_p5,para_alpha,para_beta,para_gamma,para_apex_x,para_apex_y,para_apex_z
0,268046.0,-134.465766799,267.581980767,264.140065609,266.86975223,223.823484533,79613490.7587,0.0,0.0,0.0,0.0,0.0,-0.00306706405898,-0.00160781179252,2.26737961124,-0.415571111972,-263.256879312,-1.42312479393,1.0708844991,117.558636998,127.376156627,307.059653868,276.007118694
