,points_in_feature,sphere_x_abs,sphere_y_abs,sphere_z_abs,sphere_radius,sphere_res_var,sphere_volume,sphere_x_rel,sphere_y_rel,sphere_z_resl,sphere_R,sphere_angle_raw,para_p1,para_p2,para_p3,para_p4,para_p5,para_alpha,para_beta,para_gamma,para_apex_x,para_apex_y,para_apex_z
0,208769.0,-167.860817017,271.000364676,265.697510492,275.653272003,203.675123127,87736047.3933,0.0,0.0,0.0,0.0,0.0,-0.00287450313884,-0.00137399365979,2.13166627304,-0.416117890983,-268.395642339,-1.43030201271,1.10099290601,123.832668264,99.4546674354,318.085294525,272.775324484
