,points_in_feature,sphere_x_abs,sphere_y_abs,sphere_z_abs,sphere_radius,sphere_res_var,sphere_volume,sphere_x_rel,sphere_y_rel,sphere_z_resl,sphere_R,sphere_angle_raw,para_p1,para_p2,para_p3,para_p4,para_p5,para_alpha,para_beta,para_gamma,para_apex_x,para_apex_y,para_apex_z
0,116670.0,-95.5995672653,315.193321472,282.866667952,181.124503791,83.9135509696,24889732.8593,0.0,0.0,0.0,0.0,0.0,0.00225261780569,0.00267991560443,-1.09265775466,-1.79152524864,370.740420582,-0.35207370347,1.4360731868,-426.96485298,72.6082555457,327.809766027,248.10272009
