,points_in_feature,sphere_x_abs,sphere_y_abs,sphere_z_abs,sphere_radius,sphere_res_var,sphere_volume,sphere_x_rel,sphere_y_rel,sphere_z_resl,sphere_R,sphere_angle_raw,para_p1,para_p2,para_p3,para_p4,para_p5,para_alpha,para_beta,para_gamma,para_apex_x,para_apex_y,para_apex_z
0,220389.0,-116.299016176,273.30720971,288.323281309,232.526124734,8.39814036439,52662790.8305,0.0,0.0,0.0,0.0,0.0,-0.00294863440269,-0.00265978123699,2.41640292948,0.0612859316684,-320.921697439,-1.38572489321,0.787122882843,-158.835457733,118.947895041,285.22340116,320.89499371
1,14630.0,-117.236182622,105.810835839,133.715212326,137.347084443,40.0229290566,10852928.5462,-0.937166446046,-167.49637387,-154.608068983,227.94641593,227.291343009,0.0,0.0,0.0,0.0,0.0,0.0,0.0,0.0,0.0,0.0,0.0
