,points_in_feature,sphere_x_abs,sphere_y_abs,sphere_z_abs,sphere_radius,sphere_res_var,sphere_volume,sphere_x_rel,sphere_y_rel,sphere_z_resl,sphere_R,sphere_angle_raw,para_p1,para_p2,para_p3,para_p4,para_p5,para_alpha,para_beta,para_gamma,para_apex_x,para_apex_y,para_apex_z
0,320053.0,-102.743472971,264.879466192,263.194199173,260.405116758,238.502941225,73966854.4179,0.0,0.0,0.0,0.0,0.0,0.00326451754132,0.00183277363347,-2.40762376163,-0.402513736249,258.349195023,1.69354140882,1.03326239976,92.4510944582,155.605303161,303.136966958,273.968873628
