,points_in_feature,sphere_x_abs,sphere_y_abs,sphere_z_abs,sphere_radius,sphere_res_var,sphere_volume,sphere_x_rel,sphere_y_rel,sphere_z_resl,sphere_R,sphere_angle_raw,para_p1,para_p2,para_p3,para_p4,para_p5,para_alpha,para_beta,para_gamma,para_apex_x,para_apex_y,para_apex_z
0,103016.0,0.338603455939,254.016262827,270.483568613,120.944168216,438.160309715,7410429.93515,0.0,0.0,0.0,0.0,0.0,-0.000281064308028,-0.0005472533655,0.156720457802,-0.256955373042,-14.773085732,0.30671974467,1.54091073901,9.14045653456,34.4427728614,231.525186367,281.852556834
