,points_in_feature,sphere_x_abs,sphere_y_abs,sphere_z_abs,sphere_radius,sphere_res_var,sphere_volume,sphere_x_rel,sphere_y_rel,sphere_z_resl,sphere_R,sphere_angle_raw,para_p1,para_p2,para_p3,para_p4,para_p5,para_alpha,para_beta,para_gamma,para_apex_x,para_apex_y,para_apex_z
0,284216.0,-88.6587164633,232.363678874,285.624217033,240.410780165,112.653552974,58203677.0999,0.0,0.0,0.0,0.0,0.0,-0.00328663919153,-0.00231891593997,1.64785775534,-1.28617831759,-205.882251721,1.17729465003,1.4047613082,39.6370048662,155.154727453,239.112217112,300.917929062
