,points_in_feature,sphere_x_abs,sphere_y_abs,sphere_z_abs,sphere_radius,sphere_res_var,sphere_volume,sphere_x_rel,sphere_y_rel,sphere_z_resl,sphere_R,sphere_angle_raw,para_p1,para_p2,para_p3,para_p4,para_p5,para_alpha,para_beta,para_gamma,para_apex_x,para_apex_y,para_apex_z
0,69959.0,-114.97778468,279.332343992,285.396715934,175.420918438,91.0674997465,22611675.8369,0.0,0.0,0.0,0.0,0.0,0.00183727656943,0.00184719151183,0.94986737026,1.09507280667,245.846921527,-0.265250834225,-1.39394458223,222.653118624,39.285285421,316.004180564,234.137012973
