,points_in_feature,sphere_x_abs,sphere_y_abs,sphere_z_abs,sphere_radius,sphere_res_var,sphere_volume,sphere_x_rel,sphere_y_rel,sphere_z_resl,sphere_R,sphere_angle_raw,para_p1,para_p2,para_p3,para_p4,para_p5,para_alpha,para_beta,para_gamma,para_apex_x,para_apex_y,para_apex_z
0,136352.0,-186.154025676,231.154173327,285.234641085,263.53609278,95.6128317458,76667079.0868,0.0,0.0,0.0,0.0,0.0,-0.00264650075116,-0.00153211688074,-1.36492409577,1.02132502922,-152.050947082,-0.559423330272,-1.22243529707,-44.6939269953,59.1702261558,288.006538269,358.934747547
