,points_in_feature,sphere_x_abs,sphere_y_abs,sphere_z_abs,sphere_radius,sphere_res_var,sphere_volume,sphere_x_rel,sphere_y_rel,sphere_z_resl,sphere_R,sphere_angle_raw,para_p1,para_p2,para_p3,para_p4,para_p5,para_alpha,para_beta,para_gamma,para_apex_x,para_apex_y,para_apex_z
0,151406.0,-78.0937483725,255.86820174,274.291591877,177.416266014,7.07182901448,23392083.9145,0.0,0.0,0.0,0.0,0.0,0.00385925082707,0.00378552367536,-2.43086848453,-1.62206724938,423.910882412,-1.20563137528,1.73498168042,-199.896425894,104.451091246,264.813168743,285.737683935
