,points_in_feature,sphere_x_abs,sphere_y_abs,sphere_z_abs,sphere_radius,sphere_res_var,sphere_volume,sphere_x_rel,sphere_y_rel,sphere_z_resl,sphere_R,sphere_angle_raw,para_p1,para_p2,para_p3,para_p4,para_p5,para_alpha,para_beta,para_gamma,para_apex_x,para_apex_y,para_apex_z
0,10657.0,-98.3163037508,209.038983122,174.653716003,165.102999826,0.347879014152,18851829.4433,0.0,0.0,0.0,0.0,0.0,0.00316047037957,0.00281141103457,-1.05319312573,-1.32040989252,49.6780356639,-0.400033906851,1.4269518387,87.7039019093,30.5634673506,309.839261105,152.513619446
1,9800.0,-75.8417626391,204.374035453,227.633585073,121.20804254,2.9114733748,7459039.75982,22.4745411117,-4.66494766896,52.9798690698,57.7384902954,354.968008324,0.0,0.0,0.0,0.0,0.0,0.0,0.0,0.0,0.0,0.0,0.0
2,20026.0,-19.3317615755,146.740002426,192.783522963,84.352946934,251.834835066,2514139.59685,78.9845421752,-62.2989806958,18.1298069597,102.217468168,286.225677219,0.0,0.0,0.0,0.0,0.0,0.0,0.0,0.0,0.0,0.0,0.0
3,6103.0,37.8833669065,259.521264097,68.61613928,32.7521848611,103.58804941,147166.661877,136.199670657,50.4822809754,-106.037576723,179.840981584,154.541853963,0.0,0.0,0.0,0.0,0.0,0.0,0.0,0.0,0.0,0.0,0.0
