,points_in_feature,sphere_x_abs,sphere_y_abs,sphere_z_abs,sphere_radius,sphere_res_var,sphere_volume,sphere_x_rel,sphere_y_rel,sphere_z_resl,sphere_R,sphere_angle_raw,para_p1,para_p2,para_p3,para_p4,para_p5,para_alpha,para_beta,para_gamma,para_apex_x,para_apex_y,para_apex_z
0,162010.0,-104.221329174,312.911256836,288.629926781,198.605846991,7.59229872877,32814417.5083,0.0,0.0,0.0,0.0,0.0,0.00320486282959,0.00334277058092,-2.82030846538,-0.211897757138,433.842539704,-1.38930693124,2.34589816467,139.501162834,93.7539721383,348.917334662,316.498938795
