,points_in_feature,sphere_x_abs,sphere_y_abs,sphere_z_abs,sphere_radius,sphere_res_var,sphere_volume,sphere_x_rel,sphere_y_rel,sphere_z_resl,sphere_R,sphere_angle_raw,para_p1,para_p2,para_p3,para_p4,para_p5,para_alpha,para_beta,para_gamma,para_apex_x,para_apex_y,para_apex_z
0,129206.0,-153.861312182,275.200255163,290.363260156,229.582277192,10.1242688419,50687828.6118,0.0,0.0,0.0,0.0,0.0,0.00252537627534,0.00247124423053,1.49948122024,1.33613901565,322.846129411,-0.0558547068282,-1.61210960284,28.2502372511,76.5470085625,267.352482033,300.565838464
