,points_in_feature,sphere_x_abs,sphere_y_abs,sphere_z_abs,sphere_radius,sphere_res_var,sphere_volume,sphere_x_rel,sphere_y_rel,sphere_z_resl,sphere_R,sphere_angle_raw,para_p1,para_p2,para_p3,para_p4,para_p5,para_alpha,para_beta,para_gamma,para_apex_x,para_apex_y,para_apex_z
0,151414.0,-191.766699458,274.906320041,266.375877337,277.538686389,200.740641372,89548681.2495,0.0,0.0,0.0,0.0,0.0,0.00108065380479,0.00264342298521,0.365104902743,-1.94083470762,270.625199758,-1.62449646281,0.424737034603,114.596185362,74.229101213,313.700959995,270.089233097
