,points_in_feature,sphere_x_abs,sphere_y_abs,sphere_z_abs,sphere_radius,sphere_res_var,sphere_volume,sphere_x_rel,sphere_y_rel,sphere_z_resl,sphere_R,sphere_angle_raw,para_p1,para_p2,para_p3,para_p4,para_p5,para_alpha,para_beta,para_gamma,para_apex_x,para_apex_y,para_apex_z
0,243398.0,-43.1790991607,254.279768,273.100055514,184.427286433,7.04091542299,26276295.5615,0.0,0.0,0.0,0.0,0.0,0.00403761740005,0.00421331303804,-0.495614392676,-3.1302914275,418.445889555,1.499026778,2.22686817906,-7.85392604647,151.095949087,266.274753449,282.447312907
