,points_in_feature,sphere_x_abs,sphere_y_abs,sphere_z_abs,sphere_radius,sphere_res_var,sphere_volume,sphere_x_rel,sphere_y_rel,sphere_z_resl,sphere_R,sphere_angle_raw,para_p1,para_p2,para_p3,para_p4,para_p5,para_alpha,para_beta,para_gamma,para_apex_x,para_apex_y,para_apex_z
0,215510.0,-48.8358776624,201.565923984,183.234715083,187.499436645,15.6790693393,27611405.2999,0.0,0.0,0.0,0.0,0.0,-0.00407306429583,-0.0043910506258,0.438606763962,-2.33014302826,-173.709195266,-1.30584761356,2.087910028,92.3594048094,150.256903655,220.400633542,154.337454383
