,points_in_feature,sphere_x_abs,sphere_y_abs,sphere_z_abs,sphere_radius,sphere_res_var,sphere_volume,sphere_x_rel,sphere_y_rel,sphere_z_resl,sphere_R,sphere_angle_raw,para_p1,para_p2,para_p3,para_p4,para_p5,para_alpha,para_beta,para_gamma,para_apex_x,para_apex_y,para_apex_z
0,198540.0,-63.383692211,255.161577278,273.786743717,180.679816013,3.75601557268,24706858.5156,0.0,0.0,0.0,0.0,0.0,-0.00390327529739,-0.00385098831379,2.87008817886,-0.706048377323,-410.652743073,-1.47884243485,1.0607307473,-384.976375651,123.38215686,265.635942707,282.979584539
