,points_in_feature,sphere_x_abs,sphere_y_abs,sphere_z_abs,sphere_radius,sphere_res_var,sphere_volume,sphere_x_rel,sphere_y_rel,sphere_z_resl,sphere_R,sphere_angle_raw,para_p1,para_p2,para_p3,para_p4,para_p5,para_alpha,para_beta,para_gamma,para_apex_x,para_apex_y,para_apex_z
0,148833.0,-85.5627145244,203.913846434,179.562773593,185.01887973,7.26060138442,26529969.4796,0.0,0.0,0.0,0.0,0.0,-0.00366882543937,-0.00385500093705,-0.450859134212,2.0194184896,-177.647064263,1.20726807686,-2.02752268846,-162.222349502,103.203047161,223.960063564,147.322340651
