,points_in_feature,sphere_x_abs,sphere_y_abs,sphere_z_abs,sphere_radius,sphere_res_var,sphere_volume,sphere_x_rel,sphere_y_rel,sphere_z_resl,sphere_R,sphere_angle_raw,para_p1,para_p2,para_p3,para_p4,para_p5,para_alpha,para_beta,para_gamma,para_apex_x,para_apex_y,para_apex_z
0,109846.0,-104.025795964,205.092674757,177.897135836,183.693017705,12.4816623741,25963698.4033,0.0,0.0,0.0,0.0,0.0,0.0035777803368,0.00363571336368,-0.637685302164,-1.82588727707,184.020268263,-0.897608445605,1.22090293079,88.7738410393,78.5609418044,227.916484673,135.278236916
