,points_in_feature,sphere_x_abs,sphere_y_abs,sphere_z_abs,sphere_radius,sphere_res_var,sphere_volume,sphere_x_rel,sphere_y_rel,sphere_z_resl,sphere_R,sphere_angle_raw,para_p1,para_p2,para_p3,para_p4,para_p5,para_alpha,para_beta,para_gamma,para_apex_x,para_apex_y,para_apex_z
0,191380.0,-46.3634378642,206.340723303,179.919079188,166.31530695,9.7238777183,19270157.9452,0.0,0.0,0.0,0.0,0.0,-0.0043129080983,-0.00466345071522,0.579231454902,-2.47190506284,-217.353395001,-1.32513613922,2.02142475839,98.6425873561,126.442061651,224.488809707,158.677246647
