,points_in_feature,sphere_x_abs,sphere_y_abs,sphere_z_abs,sphere_radius,sphere_res_var,sphere_volume,sphere_x_rel,sphere_y_rel,sphere_z_resl,sphere_R,sphere_angle_raw,para_p1,para_p2,para_p3,para_p4,para_p5,para_alpha,para_beta,para_gamma,para_apex_x,para_apex_y,para_apex_z
0,214587.0,-25.31481455,204.543812472,180.69665997,166.150456383,14.9800415815,19212913.3863,0.0,0.0,0.0,0.0,0.0,-0.00468868610097,-0.00514976836283,-0.66990976695,2.71060644454,-224.906077297,1.31674948746,-2.02086350902,89.2004239542,151.199852218,225.275530536,158.115385743
