,points_in_feature,sphere_x_abs,sphere_y_abs,sphere_z_abs,sphere_radius,sphere_res_var,sphere_volume,sphere_x_rel,sphere_y_rel,sphere_z_resl,sphere_R,sphere_angle_raw,para_p1,para_p2,para_p3,para_p4,para_p5,para_alpha,para_beta,para_gamma,para_apex_x,para_apex_y,para_apex_z
0,187766.0,-89.7184772952,307.242588569,284.567142197,200.276387235,18.7762771079,33649441.0927,0.0,0.0,0.0,0.0,0.0,0.00350132362011,0.00361550890554,2.50932017602,1.73316591746,423.297096405,-2.2338138066,-1.25915305302,120.117248034,110.009139577,348.387825916,327.317797723
