,points_in_feature,sphere_x_abs,sphere_y_abs,sphere_z_abs,sphere_radius,sphere_res_var,sphere_volume,sphere_x_rel,sphere_y_rel,sphere_z_resl,sphere_R,sphere_angle_raw,para_p1,para_p2,para_p3,para_p4,para_p5,para_alpha,para_beta,para_gamma,para_apex_x,para_apex_y,para_apex_z
0,205495.0,-61.8490554126,277.529917119,263.350269016,182.405132291,6.6004919529,25421417.9415,0.0,0.0,0.0,0.0,0.0,0.00395383628434,0.00388631457871,-1.49552102974,-2.64061320562,421.41912717,1.4491475035,1.81247566858,-127.232954756,126.545727508,301.821179672,269.230007046
