,points_in_feature,sphere_x_abs,sphere_y_abs,sphere_z_abs,sphere_radius,sphere_res_var,sphere_volume,sphere_x_rel,sphere_y_rel,sphere_z_resl,sphere_R,sphere_angle_raw,para_p1,para_p2,para_p3,para_p4,para_p5,para_alpha,para_beta,para_gamma,para_apex_x,para_apex_y,para_apex_z
0,219140.0,-65.9884286297,304.36728214,280.993261032,201.439174849,34.4785060657,34238947.86,0.0,0.0,0.0,0.0,0.0,0.00402423402381,0.00378562791035,3.07753400391,-1.20195145462,388.283690135,-1.81665557398,-0.317645589161,321.666659259,133.813815804,359.523627176,334.028243247
