,points_in_feature,sphere_x_abs,sphere_y_abs,sphere_z_abs,sphere_radius,sphere_res_var,sphere_volume,sphere_x_rel,sphere_y_rel,sphere_z_resl,sphere_R,sphere_angle_raw,para_p1,para_p2,para_p3,para_p4,para_p5,para_alpha,para_beta,para_gamma,para_apex_x,para_apex_y,para_apex_z
0,192174.0,-175.872999376,236.670465035,254.726707946,270.931059966,115.641347724,83303835.4625,0.0,0.0,0.0,0.0,0.0,-0.00265091926579,-0.00155711968246,0.843367593977,-1.09496522194,-115.37612491,1.37862593679,1.21642896895,95.8652539168,88.0418279207,290.523300176,278.501586706
