,points_in_feature,sphere_x_abs,sphere_y_abs,sphere_z_abs,sphere_radius,sphere_res_var,sphere_volume,sphere_x_rel,sphere_y_rel,sphere_z_resl,sphere_R,sphere_angle_raw,para_p1,para_p2,para_p3,para_p4,para_p5,para_alpha,para_beta,para_gamma,para_apex_x,para_apex_y,para_apex_z
0,91015.0,-1605.95135836,199.831046282,193.169247278,1625.81332552,11.4091117918,18001166368.4,0.0,0.0,0.0,0.0,0.0,7.37378355153e-05,8.44764049123e-05,-0.036377856851,-0.0316775273317,-10.4346691348,0.230582680241,1.58243827653,-182.440851773,15.4845901871,186.803929989,247.355130807
