,points_in_feature,sphere_x_abs,sphere_y_abs,sphere_z_abs,sphere_radius,sphere_res_var,sphere_volume,sphere_x_rel,sphere_y_rel,sphere_z_resl,sphere_R,sphere_angle_raw,para_p1,para_p2,para_p3,para_p4,para_p5,para_alpha,para_beta,para_gamma,para_apex_x,para_apex_y,para_apex_z
0,110631.0,-168.050792764,223.255306403,292.789653154,235.348906492,18.9509857353,54604088.7201,0.0,0.0,0.0,0.0,0.0,-0.00256827141657,-0.00180805036552,-1.9678083745,0.0923793909398,-271.670683288,1.33274280281,-0.995998333807,83.0451808198,64.3637341449,226.10586834,321.685525562
1,47923.0,-104.203128475,369.112862061,224.025630481,164.304675597,25.6484252935,18579686.2592,63.847664289,145.857555658,-68.7640226734,173.434257262,115.241366029,0.0,0.0,0.0,0.0,0.0,0.0,0.0,0.0,0.0,0.0,0.0
