,points_in_feature,sphere_x_abs,sphere_y_abs,sphere_z_abs,sphere_radius,sphere_res_var,sphere_volume,sphere_x_rel,sphere_y_rel,sphere_z_resl,sphere_R,sphere_angle_raw,para_p1,para_p2,para_p3,para_p4,para_p5,para_alpha,para_beta,para_gamma,para_apex_x,para_apex_y,para_apex_z
0,284690.0,-102.086668504,236.530220934,257.463691308,249.778740103,138.202679392,65276223.5872,0.0,0.0,0.0,0.0,0.0,0.00311619919226,0.00205959352257,-1.26262256444,-1.19059806122,144.092321175,-1.62121887173,1.36080068215,177.532223499,149.016136055,243.103652906,259.952086843
