,points_in_feature,sphere_x_abs,sphere_y_abs,sphere_z_abs,sphere_radius,sphere_res_var,sphere_volume,sphere_x_rel,sphere_y_rel,sphere_z_resl,sphere_R,sphere_angle_raw,para_p1,para_p2,para_p3,para_p4,para_p5,para_alpha,para_beta,para_gamma,para_apex_x,para_apex_y,para_apex_z
0,157934.0,-147.024678081,296.740320305,273.591095989,217.977815832,216.955964705,43383591.1907,0.0,0.0,0.0,0.0,0.0,0.00094607992192,0.00123020712784,-0.45770998611,-0.723428538486,131.525476702,0.376273005254,1.46843194031,514.833241462,48.9735014468,303.441029854,226.722564676
