,points_in_feature,sphere_x_abs,sphere_y_abs,sphere_z_abs,sphere_radius,sphere_res_var,sphere_volume,sphere_x_rel,sphere_y_rel,sphere_z_resl,sphere_R,sphere_angle_raw,para_p1,para_p2,para_p3,para_p4,para_p5,para_alpha,para_beta,para_gamma,para_apex_x,para_apex_y,para_apex_z
0,248504.0,-40.2941835189,276.050929109,263.691396997,185.080388791,8.90376125312,26556437.7417,0.0,0.0,0.0,0.0,0.0,-0.00416154642589,-0.00418828064891,-2.78785617893,1.59148411553,-431.347205213,-1.55768832717,-1.87215070552,17.1775667218,154.685203063,300.334238783,262.745674731
