,points_in_feature,sphere_x_abs,sphere_y_abs,sphere_z_abs,sphere_radius,sphere_res_var,sphere_volume,sphere_x_rel,sphere_y_rel,sphere_z_resl,sphere_R,sphere_angle_raw,para_p1,para_p2,para_p3,para_p4,para_p5,para_alpha,para_beta,para_gamma,para_apex_x,para_apex_y,para_apex_z
0,115565.0,-178.013716259,284.041911553,265.631148434,231.022331895,17.4173312632,51647642.0729,0.0,0.0,0.0,0.0,0.0,0.00219955643512,0.00193103190911,1.22736428511,1.13996562625,256.000591121,0.568748078486,-1.61431919708,66.4651512603,49.8674835688,306.409757883,274.881371327
