,points_in_feature,sphere_x_abs,sphere_y_abs,sphere_z_abs,sphere_radius,sphere_res_var,sphere_volume,sphere_x_rel,sphere_y_rel,sphere_z_resl,sphere_R,sphere_angle_raw,para_p1,para_p2,para_p3,para_p4,para_p5,para_alpha,para_beta,para_gamma,para_apex_x,para_apex_y,para_apex_z
0,150823.0,-113.075733921,309.904930429,287.569929373,203.495533068,8.87427238305,35298256.1789,0.0,0.0,0.0,0.0,0.0,-0.00308767845458,-0.00295187380941,-0.164664267731,-2.58402940891,-397.319072773,1.41497672851,0.765649767652,265.432167001,89.4123219288,340.272768765,312.307851612
