,points_in_feature,sphere_x_abs,sphere_y_abs,sphere_z_abs,sphere_radius,sphere_res_var,sphere_volume,sphere_x_rel,sphere_y_rel,sphere_z_resl,sphere_R,sphere_angle_raw,para_p1,para_p2,para_p3,para_p4,para_p5,para_alpha,para_beta,para_gamma,para_apex_x,para_apex_y,para_apex_z
0,332132.0,-1898.98537772,273.002839089,250.801514588,1938.80524315,27.0646787691,30527494795.4,0.0,0.0,0.0,0.0,0.0,9.83714888395e-05,0.000104597264362,-0.0684769628306,-0.025761265388,-18.0829643211,-0.0469305131774,1.59286347571,106.897494901,28.3887391163,122.553328457,348.53686743
