,points_in_feature,sphere_x_abs,sphere_y_abs,sphere_z_abs,sphere_radius,sphere_res_var,sphere_volume,sphere_x_rel,sphere_y_rel,sphere_z_resl,sphere_R,sphere_angle_raw,para_p1,para_p2,para_p3,para_p4,para_p5,para_alpha,para_beta,para_gamma,para_apex_x,para_apex_y,para_apex_z
0,162657.0,-85.2282943972,279.356823944,263.447302718,181.093413966,5.9254867842,24876918.1721,0.0,0.0,0.0,0.0,0.0,0.00374921348671,0.00359605814551,-2.13009437473,-1.97048338373,411.94382604,-0.781292432337,1.66029467868,88.5966507382,97.7908572716,309.61655706,275.878761471
