,points_in_feature,sphere_x_abs,sphere_y_abs,sphere_z_abs,sphere_radius,sphere_res_var,sphere_volume,sphere_x_rel,sphere_y_rel,sphere_z_resl,sphere_R,sphere_angle_raw,para_p1,para_p2,para_p3,para_p4,para_p5,para_alpha,para_beta,para_gamma,para_apex_x,para_apex_y,para_apex_z
0,173464.0,-108.585739287,180.158074418,182.214921339,187.742989761,578.331388466,27719142.9494,0.0,0.0,0.0,0.0,0.0,-0.000446536763635,-0.000276234609657,0.184821499968,-0.0921209406949,18.110906905,-0.812413196786,1.52109268523,60.4969582632,36.9249918566,174.341237877,202.215061783
