,points_in_feature,sphere_x_abs,sphere_y_abs,sphere_z_abs,sphere_radius,sphere_res_var,sphere_volume,sphere_x_rel,sphere_y_rel,sphere_z_resl,sphere_R,sphere_angle_raw,para_p1,para_p2,para_p3,para_p4,para_p5,para_alpha,para_beta,para_gamma,para_apex_x,para_apex_y,para_apex_z
0,200539.0,-195.81389753,270.271217589,270.839571999,294.202225676,233.765420771,106666113.406,0.0,0.0,0.0,0.0,0.0,0.00268167692953,0.00109848493923,-1.9876415142,-0.289736434821,267.917257534,1.68632297688,1.10829096992,117.652094596,89.8138070544,287.936417817,279.355287869
