,points_in_feature,sphere_x_abs,sphere_y_abs,sphere_z_abs,sphere_radius,sphere_res_var,sphere_volume,sphere_x_rel,sphere_y_rel,sphere_z_resl,sphere_R,sphere_angle_raw,para_p1,para_p2,para_p3,para_p4,para_p5,para_alpha,para_beta,para_gamma,para_apex_x,para_apex_y,para_apex_z
0,234014.0,-99.3847207234,289.395291724,288.212368681,225.26295585,40.5090970415,47880419.2911,0.0,0.0,0.0,0.0,0.0,0.00268135172705,0.00296081823728,1.32184977096,1.98705793899,339.568478079,-1.1577343415,-1.74545616455,-261.941615783,127.980009651,295.372252833,307.078956956
