,points_in_feature,sphere_x_abs,sphere_y_abs,sphere_z_abs,sphere_radius,sphere_res_var,sphere_volume,sphere_x_rel,sphere_y_rel,sphere_z_resl,sphere_R,sphere_angle_raw,para_p1,para_p2,para_p3,para_p4,para_p5,para_alpha,para_beta,para_gamma,para_apex_x,para_apex_y,para_apex_z
0,155355.0,-208.111969557,239.091964759,254.890978641,278.724637121,105.289734602,90701545.1238,0.0,0.0,0.0,0.0,0.0,-0.00131848716112,-0.00249079384879,1.020732218,0.611753041331,-110.083048623,-1.51252750281,0.436974070179,450.629071194,59.8623974752,312.618797096,281.486420489
