,points_in_feature,sphere_x_abs,sphere_y_abs,sphere_z_abs,sphere_radius,sphere_res_var,sphere_volume,sphere_x_rel,sphere_y_rel,sphere_z_resl,sphere_R,sphere_angle_raw,para_p1,para_p2,para_p3,para_p4,para_p5,para_alpha,para_beta,para_gamma,para_apex_x,para_apex_y,para_apex_z
0,117955.0,-147.447033335,311.275611682,286.553937634,212.388235203,20.3372978511,40130999.6553,0.0,0.0,0.0,0.0,0.0,0.00249810096092,0.00250759993281,1.3723716837,1.60752695617,384.219447294,-0.0980412265909,-1.47420889108,46.94734833,62.2200515412,328.97386195,264.43664819
