,points_in_feature,sphere_x_abs,sphere_y_abs,sphere_z_abs,sphere_radius,sphere_res_var,sphere_volume,sphere_x_rel,sphere_y_rel,sphere_z_resl,sphere_R,sphere_angle_raw,para_p1,para_p2,para_p3,para_p4,para_p5,para_alpha,para_beta,para_gamma,para_apex_x,para_apex_y,para_apex_z
0,255522.0,-155.738455486,266.929788351,269.051668783,279.604334672,273.508970637,91563062.3051,0.0,0.0,0.0,0.0,0.0,0.00294872997832,0.00135764066339,2.18922355635,0.329782396942,269.844697119,-1.73696437842,-1.08924332451,-325.36657628,116.934381749,286.109370066,285.511999478
