,points_in_feature,sphere_x_abs,sphere_y_abs,sphere_z_abs,sphere_radius,sphere_res_var,sphere_volume,sphere_x_rel,sphere_y_rel,sphere_z_resl,sphere_R,sphere_angle_raw,para_p1,para_p2,para_p3,para_p4,para_p5,para_alpha,para_beta,para_gamma,para_apex_x,para_apex_y,para_apex_z
0,114403.0,-321.809498685,281.524789136,275.184660304,370.380840454,122.750043748,212830638.438,0.0,0.0,0.0,0.0,0.0,0.000906555308288,0.000547742584262,0.484649966433,0.321045507593,78.8112503442,0.0273137445061,-1.54428789242,-65.9593290527,36.2112781804,293.372558444,266.546748491
