,points_in_feature,sphere_x_abs,sphere_y_abs,sphere_z_abs,sphere_radius,sphere_res_var,sphere_volume,sphere_x_rel,sphere_y_rel,sphere_z_resl,sphere_R,sphere_angle_raw,para_p1,para_p2,para_p3,para_p4,para_p5,para_alpha,para_beta,para_gamma,para_apex_x,para_apex_y,para_apex_z
0,149999.0,-70.4654249856,207.96410485,178.036549909,165.58271228,5.25286852974,19016631.2742,0.0,0.0,0.0,0.0,0.0,0.00396051456381,0.0042022227763,-0.256187669763,-2.28062386573,214.052044199,-1.38523658034,1.01065255942,95.581663091,98.4052456702,222.514862773,159.344461606
