,points_in_feature,sphere_x_abs,sphere_y_abs,sphere_z_abs,sphere_radius,sphere_res_var,sphere_volume,sphere_x_rel,sphere_y_rel,sphere_z_resl,sphere_R,sphere_angle_raw,para_p1,para_p2,para_p3,para_p4,para_p5,para_alpha,para_beta,para_gamma,para_apex_x,para_apex_y,para_apex_z
0,119998.0,-105.570112301,209.553942288,177.950095527,180.131482603,11.648003783,24482596.783,0.0,0.0,0.0,0.0,0.0,0.00330855595191,0.00323414561501,-1.80938095091,0.196396127443,173.950098812,1.46356323227,0.541820243659,369.115096111,74.2882765725,224.616328777,159.86985633
