,points_in_feature,sphere_x_abs,sphere_y_abs,sphere_z_abs,sphere_radius,sphere_res_var,sphere_volume,sphere_x_rel,sphere_y_rel,sphere_z_resl,sphere_R,sphere_angle_raw,para_p1,para_p2,para_p3,para_p4,para_p5,para_alpha,para_beta,para_gamma,para_apex_x,para_apex_y,para_apex_z
0,184431.0,-122.176131342,291.126189971,294.121772181,222.859675038,5.23378412392,46364233.8948,0.0,0.0,0.0,0.0,0.0,-0.00269261471948,-0.00293513176954,-0.0545584352577,-2.45212353015,-395.079122838,1.47590202305,0.729613434956,-526.125258124,103.614474429,283.874182472,311.515746362
