,points_in_feature,sphere_x_abs,sphere_y_abs,sphere_z_abs,sphere_radius,sphere_res_var,sphere_volume,sphere_x_rel,sphere_y_rel,sphere_z_resl,sphere_R,sphere_angle_raw,para_p1,para_p2,para_p3,para_p4,para_p5,para_alpha,para_beta,para_gamma,para_apex_x,para_apex_y,para_apex_z
0,123150.0,-114.008453362,281.451614503,264.527358619,188.180523478,7.93208543018,27913392.7476,0.0,0.0,0.0,0.0,0.0,-0.00339028190753,-0.00311338431481,2.14141635898,-1.55452680769,-383.173867054,-0.99953346096,1.37516659775,-285.030046384,72.8070610262,312.980893428,284.632049546
