,points_in_feature,sphere_x_abs,sphere_y_abs,sphere_z_abs,sphere_radius,sphere_res_var,sphere_volume,sphere_x_rel,sphere_y_rel,sphere_z_resl,sphere_R,sphere_angle_raw,para_p1,para_p2,para_p3,para_p4,para_p5,para_alpha,para_beta,para_gamma,para_apex_x,para_apex_y,para_apex_z
0,163136.0,-149.752697679,291.462068925,293.80944595,229.367414699,6.56247346236,50545647.9012,0.0,0.0,0.0,0.0,0.0,0.00266410531679,0.00243831162349,2.1624542993,0.126658631344,377.531745323,-1.52522351156,-0.85332000169,70.7531234694,80.9424689177,283.749405717,286.850949309
