,points_in_feature,sphere_x_abs,sphere_y_abs,sphere_z_abs,sphere_radius,sphere_res_var,sphere_volume,sphere_x_rel,sphere_y_rel,sphere_z_resl,sphere_R,sphere_angle_raw,para_p1,para_p2,para_p3,para_p4,para_p5,para_alpha,para_beta,para_gamma,para_apex_x,para_apex_y,para_apex_z
0,234545.0,-135.133989084,235.258608814,256.670055343,256.620316045,132.530791602,70788337.9877,0.0,0.0,0.0,0.0,0.0,-0.00287448356471,-0.00178400826498,1.04543903982,-1.12641403344,-127.528937246,-1.7024780219,1.8555499729,117.870839272,118.771916022,260.822940799,267.804098386
