,points_in_feature,sphere_x_abs,sphere_y_abs,sphere_z_abs,sphere_radius,sphere_res_var,sphere_volume,sphere_x_rel,sphere_y_rel,sphere_z_resl,sphere_R,sphere_angle_raw,para_p1,para_p2,para_p3,para_p4,para_p5,para_alpha,para_beta,para_gamma,para_apex_x,para_apex_y,para_apex_z
0,382786.0,-2688.00753652,266.273699594,266.798111979,2711.06825129,6.65342455646,83466069499.0,0.0,0.0,0.0,0.0,0.0,0.000133151620088,0.000120818712711,-0.0664192027462,-0.0538601540064,-1.91012548186,0.146519257739,1.56488415911,-213.763483733,20.1815343629,222.897276813,249.120445409
