,points_in_feature,sphere_x_abs,sphere_y_abs,sphere_z_abs,sphere_radius,sphere_res_var,sphere_volume,sphere_x_rel,sphere_y_rel,sphere_z_resl,sphere_R,sphere_angle_raw,para_p1,para_p2,para_p3,para_p4,para_p5,para_alpha,para_beta,para_gamma,para_apex_x,para_apex_y,para_apex_z
0,302041.0,-118.73727773,265.192603715,267.842163277,269.505428002,297.712563868,81995715.3281,0.0,0.0,0.0,0.0,0.0,0.00318879783496,0.00158016151567,2.36099764822,0.356277672041,268.614495791,-1.71285482824,-1.06215621334,-268.81294188,146.000525217,290.611708122,281.985689979
