,points_in_feature,sphere_x_abs,sphere_y_abs,sphere_z_abs,sphere_radius,sphere_res_var,sphere_volume,sphere_x_rel,sphere_y_rel,sphere_z_resl,sphere_R,sphere_angle_raw,para_p1,para_p2,para_p3,para_p4,para_p5,para_alpha,para_beta,para_gamma,para_apex_x,para_apex_y,para_apex_z
0,194431.0,-66.5103720272,194.81020196,183.386120051,184.449018035,22.303369265,26285585.2923,0.0,0.0,0.0,0.0,0.0,-0.00366897692257,-0.00414138834895,0.697411425272,-2.03923971218,-165.965672822,-1.14881521984,1.93130951253,85.9033759533,122.220382985,214.143982282,151.084094754
