,points_in_feature,sphere_x_abs,sphere_y_abs,sphere_z_abs,sphere_radius,sphere_res_var,sphere_volume,sphere_x_rel,sphere_y_rel,sphere_z_resl,sphere_R,sphere_angle_raw,para_p1,para_p2,para_p3,para_p4,para_p5,para_alpha,para_beta,para_gamma,para_apex_x,para_apex_y,para_apex_z
0,34261.0,-186.567491977,231.845726896,293.193586403,233.675886537,2.51428815887,53447858.1793,0.0,0.0,0.0,0.0,0.0,0.002383261905,0.00185026463217,0.828704889642,0.865673748624,239.661503121,0.712557280233,-1.21689954232,538.166925234,33.7315721909,183.576534571,233.490879559
1,30164.0,-171.694483461,228.812606615,292.845935737,222.871992422,9.77503123676,46371921.9292,14.8730085164,-3.03312028189,-0.347650666018,15.1831176627,263.461396792,0.0,0.0,0.0,0.0,0.0,0.0,0.0,0.0,0.0,0.0,0.0
2,29956.0,-82.5473427121,416.392888098,209.431477328,122.155566594,25.4132316004,7635340.27679,104.020149265,184.547161202,-83.762109075,227.802407971,114.41230757,0.0,0.0,0.0,0.0,0.0,0.0,0.0,0.0,0.0,0.0,0.0
