,points_in_feature,sphere_x_abs,sphere_y_abs,sphere_z_abs,sphere_radius,sphere_res_var,sphere_volume,sphere_x_rel,sphere_y_rel,sphere_z_resl,sphere_R,sphere_angle_raw,para_p1,para_p2,para_p3,para_p4,para_p5,para_alpha,para_beta,para_gamma,para_apex_x,para_apex_y,para_apex_z
0,147538.0,-82.7659718097,250.234884535,239.708860207,181.624444683,10.8636949457,25096404.6166,0.0,0.0,0.0,0.0,0.0,0.00408444793726,0.0037278051181,2.63516763714,1.1475654291,329.192173738,1.24977467404,-1.97122510686,104.760202583,101.709992683,286.821506146,262.783742449
