,points_in_feature,sphere_x_abs,sphere_y_abs,sphere_z_abs,sphere_radius,sphere_res_var,sphere_volume,sphere_x_rel,sphere_y_rel,sphere_z_resl,sphere_R,sphere_angle_raw,para_p1,para_p2,para_p3,para_p4,para_p5,para_alpha,para_beta,para_gamma,para_apex_x,para_apex_y,para_apex_z
0,247154.0,-1111.97515777,270.452667971,253.218598037,1166.08328848,87.6733299857,6641670460.83,0.0,0.0,0.0,0.0,0.0,9.02464365749e-05,0.000118917536524,-0.0226995130643,-0.0314447261996,-21.618641267,0.686865739451,1.53074411725,43.3355938102,34.3658330787,134.081355116,121.528277699
