,points_in_feature,sphere_x_abs,sphere_y_abs,sphere_z_abs,sphere_radius,sphere_res_var,sphere_volume,sphere_x_rel,sphere_y_rel,sphere_z_resl,sphere_R,sphere_angle_raw,para_p1,para_p2,para_p3,para_p4,para_p5,para_alpha,para_beta,para_gamma,para_apex_x,para_apex_y,para_apex_z
0,111276.0,-178.511416384,274.579438272,283.550711663,235.673128219,62.904313018,54830071.0618,0.0,0.0,0.0,0.0,0.0,-0.00150974559797,-0.00159303844366,0.935775340898,-0.827743275158,-187.576504379,0.114178082248,1.45867025179,-91.1533875234,46.9651555202,253.206597568,318.497527461
