,points_in_feature,sphere_x_abs,sphere_y_abs,sphere_z_abs,sphere_radius,sphere_res_var,sphere_volume,sphere_x_rel,sphere_y_rel,sphere_z_resl,sphere_R,sphere_angle_raw,para_p1,para_p2,para_p3,para_p4,para_p5,para_alpha,para_beta,para_gamma,para_apex_x,para_apex_y,para_apex_z
0,118768.0,-114.654993555,198.50499412,177.907480413,185.647021047,2.84859663064,26801096.5735,0.0,0.0,0.0,0.0,0.0,-0.00320034559894,-0.00332271929079,0.962702171102,-1.45976519038,-159.24416799,-0.609398620143,1.69461153499,47.6494666595,71.3355253255,215.474487466,157.340629664
