,points_in_feature,sphere_x_abs,sphere_y_abs,sphere_z_abs,sphere_radius,sphere_res_var,sphere_volume,sphere_x_rel,sphere_y_rel,sphere_z_resl,sphere_R,sphere_angle_raw,para_p1,para_p2,para_p3,para_p4,para_p5,para_alpha,para_beta,para_gamma,para_apex_x,para_apex_y,para_apex_z
0,224673.0,-113.762474749,246.810113646,257.767038471,243.978182848,216.258943359,60833329.4518,0.0,0.0,0.0,0.0,0.0,0.00330213239056,0.00186142234013,-0.931641259743,-1.31599017198,135.736250153,1.59588502997,1.95025678473,519.768954239,124.459665977,296.607285968,260.419634283
