,points_in_feature,sphere_x_abs,sphere_y_abs,sphere_z_abs,sphere_radius,sphere_res_var,sphere_volume,sphere_x_rel,sphere_y_rel,sphere_z_resl,sphere_R,sphere_angle_raw,para_p1,para_p2,para_p3,para_p4,para_p5,para_alpha,para_beta,para_gamma,para_apex_x,para_apex_y,para_apex_z
0,197937.0,-61.6748837858,295.576601052,300.564199909,181.462820276,18.7403998942,25029465.6692,0.0,0.0,0.0,0.0,0.0,0.00395759058753,0.00418516574076,-3.10379729932,-1.46677235213,519.170774348,-1.20563474495,1.9612095414,70.1849056637,123.604993896,328.345017814,329.944997295
