,points_in_feature,sphere_x_abs,sphere_y_abs,sphere_z_abs,sphere_radius,sphere_res_var,sphere_volume,sphere_x_rel,sphere_y_rel,sphere_z_resl,sphere_R,sphere_angle_raw,para_p1,para_p2,para_p3,para_p4,para_p5,para_alpha,para_beta,para_gamma,para_apex_x,para_apex_y,para_apex_z
0,189454.0,-59.3508910707,248.163578778,238.723183789,182.82869545,11.2759503674,25598922.7963,0.0,0.0,0.0,0.0,0.0,0.00419669514677,0.0040434880478,2.29540766374,1.78762866991,318.706667376,1.02643705369,-1.73153777556,110.835892738,131.312781579,279.637050048,255.662704184
