,points_in_feature,sphere_x_abs,sphere_y_abs,sphere_z_abs,sphere_radius,sphere_res_var,sphere_volume,sphere_x_rel,sphere_y_rel,sphere_z_resl,sphere_R,sphere_angle_raw,para_p1,para_p2,para_p3,para_p4,para_p5,para_alpha,para_beta,para_gamma,para_apex_x,para_apex_y,para_apex_z
0,152800.0,-89.153206865,197.11186498,179.691201895,182.390954773,7.17588666634,25415490.7302,0.0,0.0,0.0,0.0,0.0,0.00349550549318,0.00376535721964,-0.810924059959,-1.78723285522,165.374341611,-1.02903007692,1.30976780479,95.1973440796,95.0800530824,215.405688056,152.068944388
