,points_in_feature,sphere_x_abs,sphere_y_abs,sphere_z_abs,sphere_radius,sphere_res_var,sphere_volume,sphere_x_rel,sphere_y_rel,sphere_z_resl,sphere_R,sphere_angle_raw,para_p1,para_p2,para_p3,para_p4,para_p5,para_alpha,para_beta,para_gamma,para_apex_x,para_apex_y,para_apex_z
0,169667.0,-93.2244281464,223.322156897,294.03960681,213.191987291,20.4888458463,40588335.6433,0.0,0.0,0.0,0.0,0.0,0.00309499760519,0.00252450709428,-2.32085544839,-0.243587937095,284.470041282,-1.26471913146,2.09287238356,83.034205852,119.658540334,216.990122615,325.564168606
1,84577.0,-75.3990166842,370.479804386,212.091852646,185.711928019,73.9268969318,26829217.4608,17.8254114622,147.157647489,-81.9477541635,169.376955105,119.112144102,0.0,0.0,0.0,0.0,0.0,0.0,0.0,0.0,0.0,0.0,0.0
