,points_in_feature,sphere_x_abs,sphere_y_abs,sphere_z_abs,sphere_radius,sphere_res_var,sphere_volume,sphere_x_rel,sphere_y_rel,sphere_z_resl,sphere_R,sphere_angle_raw,para_p1,para_p2,para_p3,para_p4,para_p5,para_alpha,para_beta,para_gamma,para_apex_x,para_apex_y,para_apex_z
0,172428.0,-109.448672996,274.477802224,284.935037171,206.326694298,2.37740313243,36792124.7916,0.0,0.0,0.0,0.0,0.0,0.00311948989917,0.00297547882838,2.18881974718,1.06402936184,385.319626142,-1.41789259852,-1.25604554184,-224.502546909,100.073885121,280.167934101,274.467072221
