,points_in_feature,sphere_x_abs,sphere_y_abs,sphere_z_abs,sphere_radius,sphere_res_var,sphere_volume,sphere_x_rel,sphere_y_rel,sphere_z_resl,sphere_R,sphere_angle_raw,para_p1,para_p2,para_p3,para_p4,para_p5,para_alpha,para_beta,para_gamma,para_apex_x,para_apex_y,para_apex_z
0,261324.0,-58.4238727241,273.964818164,283.08573346,205.397951652,10.340534645,36297518.3974,0.0,0.0,0.0,0.0,0.0,-0.00341238674796,-0.00370537531504,-0.153545441601,2.9442541169,-402.252597707,-1.47880550166,-0.820393695361,-32.9554830723,155.941884815,281.668702828,297.786547879
