,points_in_feature,sphere_x_abs,sphere_y_abs,sphere_z_abs,sphere_radius,sphere_res_var,sphere_volume,sphere_x_rel,sphere_y_rel,sphere_z_resl,sphere_R,sphere_angle_raw,para_p1,para_p2,para_p3,para_p4,para_p5,para_alpha,para_beta,para_gamma,para_apex_x,para_apex_y,para_apex_z
0,107298.0,-148.54386068,229.795800748,294.025177195,220.07313216,22.9105433313,44646732.7701,0.0,0.0,0.0,0.0,0.0,0.00249057530117,0.00241105072421,1.43849854087,1.19645613357,271.397950812,-0.263734971671,-1.51077624021,197.528984448,68.2462490396,263.394051963,279.480950414
1,48382.0,-90.2587718344,398.673330829,212.433924492,150.735214268,28.5109043939,14346064.4365,58.285088846,168.877530081,-81.5912527033,196.40240392,115.786981096,0.0,0.0,0.0,0.0,0.0,0.0,0.0,0.0,0.0,0.0,0.0
