,points_in_feature,sphere_x_abs,sphere_y_abs,sphere_z_abs,sphere_radius,sphere_res_var,sphere_volume,sphere_x_rel,sphere_y_rel,sphere_z_resl,sphere_R,sphere_angle_raw,para_p1,para_p2,para_p3,para_p4,para_p5,para_alpha,para_beta,para_gamma,para_apex_x,para_apex_y,para_apex_z
0,236836.0,-38.8868887184,246.261031759,238.385696687,186.22369834,13.1440812619,27051630.7856,0.0,0.0,0.0,0.0,0.0,-0.00440302092541,-0.00432090313733,-0.818563589777,2.89042861868,-317.217833163,-1.47896823171,-1.07939393673,111.483369474,161.023938865,273.502807042,247.950786279
