,points_in_feature,sphere_x_abs,sphere_y_abs,sphere_z_abs,sphere_radius,sphere_res_var,sphere_volume,sphere_x_rel,sphere_y_rel,sphere_z_resl,sphere_R,sphere_angle_raw,para_p1,para_p2,para_p3,para_p4,para_p5,para_alpha,para_beta,para_gamma,para_apex_x,para_apex_y,para_apex_z
0,57106.0,2.95426363462,185.640093758,203.908183329,87.5121390623,1080.60906747,2807330.26467,0.0,0.0,0.0,0.0,0.0,-2.72415053286e-05,9.19484764427e-06,-0.0173853418868,-0.00335157401351,13.3454946941,0.537586757081,-1.57721840142,6.81682972811,16.8609904319,181.270520987,319.60209613
