,points_in_feature,sphere_x_abs,sphere_y_abs,sphere_z_abs,sphere_radius,sphere_res_var,sphere_volume,sphere_x_rel,sphere_y_rel,sphere_z_resl,sphere_R,sphere_angle_raw,para_p1,para_p2,para_p3,para_p4,para_p5,para_alpha,para_beta,para_gamma,para_apex_x,para_apex_y,para_apex_z
0,215854.0,-82.7613815903,274.443036978,284.62089446,204.873419471,5.48347303096,36020145.0847,0.0,0.0,0.0,0.0,0.0,-0.0034027926107,-0.00317946826508,2.68408365036,-0.236372352605,-402.897723086,-4.7043903113,2.24426718709,-695.873805988,128.048700078,275.651351973,285.751968586
