,points_in_feature,sphere_x_abs,sphere_y_abs,sphere_z_abs,sphere_radius,sphere_res_var,sphere_volume,sphere_x_rel,sphere_y_rel,sphere_z_resl,sphere_R,sphere_angle_raw,para_p1,para_p2,para_p3,para_p4,para_p5,para_alpha,para_beta,para_gamma,para_apex_x,para_apex_y,para_apex_z
0,113649.0,-109.419306577,301.096856923,305.133089174,179.651794821,5.29739812118,24287526.6707,0.0,0.0,0.0,0.0,0.0,0.00337039401424,0.00320189865301,-1.82139552593,-2.14630662554,528.472097516,-1.22113525155,1.46730366288,-187.326670411,71.1973718685,311.629910228,298.553928979
