,points_in_feature,sphere_x_abs,sphere_y_abs,sphere_z_abs,sphere_radius,sphere_res_var,sphere_volume,sphere_x_rel,sphere_y_rel,sphere_z_resl,sphere_R,sphere_angle_raw,para_p1,para_p2,para_p3,para_p4,para_p5,para_alpha,para_beta,para_gamma,para_apex_x,para_apex_y,para_apex_z
0,192726.0,-66.0858690525,221.198235341,293.605665994,210.185908563,18.8302883101,38895503.5595,0.0,0.0,0.0,0.0,0.0,0.00333142583135,0.00271043930085,2.4792182282,0.215316211689,281.790309658,1.23152526384,-2.1176400852,98.742491371,144.668039112,209.435060735,330.15298187
1,102089.0,-57.4212944561,362.757998205,212.576496593,192.362361045,84.4006730122,29815967.4844,8.66457459641,141.559762864,-81.0291694017,163.340036761,119.786931976,0.0,0.0,0.0,0.0,0.0,0.0,0.0,0.0,0.0,0.0,0.0
