,points_in_feature,sphere_x_abs,sphere_y_abs,sphere_z_abs,sphere_radius,sphere_res_var,sphere_volume,sphere_x_rel,sphere_y_rel,sphere_z_resl,sphere_R,sphere_angle_raw,para_p1,para_p2,para_p3,para_p4,para_p5,para_alpha,para_beta,para_gamma,para_apex_x,para_apex_y,para_apex_z
0,131818.0,-141.974256643,275.441834864,283.456014666,216.570124609,1.79027802339,42548499.4541,0.0,0.0,0.0,0.0,0.0,0.00275983878794,0.00263326356855,-1.4824923151,-1.47299468905,347.391868593,-0.085587583061,1.48830954366,-238.690660841,75.3863852191,278.986601761,264.904367804
