,points_in_feature,sphere_x_abs,sphere_y_abs,sphere_z_abs,sphere_radius,sphere_res_var,sphere_volume,sphere_x_rel,sphere_y_rel,sphere_z_resl,sphere_R,sphere_angle_raw,para_p1,para_p2,para_p3,para_p4,para_p5,para_alpha,para_beta,para_gamma,para_apex_x,para_apex_y,para_apex_z
0,275361.0,-86.3479203797,246.709614014,258.384259069,240.867601441,219.205646203,58536098.5458,0.0,0.0,0.0,0.0,0.0,0.00347075059099,0.00209828672494,-1.12341805654,-1.39749289697,148.008823341,1.63006968218,1.89527261338,117.654127606,153.345987823,280.777103098,256.060128616
