,points_in_feature,sphere_x_abs,sphere_y_abs,sphere_z_abs,sphere_radius,sphere_res_var,sphere_volume,sphere_x_rel,sphere_y_rel,sphere_z_resl,sphere_R,sphere_angle_raw,para_p1,para_p2,para_p3,para_p4,para_p5,para_alpha,para_beta,para_gamma,para_apex_x,para_apex_y,para_apex_z
0,244968.0,-42.3375612591,291.945302674,296.221068218,186.205724837,38.7465890433,27043798.8238,0.0,0.0,0.0,0.0,0.0,-0.00430254963962,-0.0045702687276,2.67247549961,-2.54694332452,-495.29218238,-0.308372160937,1.36837016123,116.351175232,149.344996454,334.200161028,339.817634432
