,points_in_feature,sphere_x_abs,sphere_y_abs,sphere_z_abs,sphere_radius,sphere_res_var,sphere_volume,sphere_x_rel,sphere_y_rel,sphere_z_resl,sphere_R,sphere_angle_raw,para_p1,para_p2,para_p3,para_p4,para_p5,para_alpha,para_beta,para_gamma,para_apex_x,para_apex_y,para_apex_z
0,105396.0,-96.6096294843,252.684544789,241.027243153,177.02602069,16.8453176093,23238063.3125,0.0,0.0,0.0,0.0,0.0,-0.00355478183316,-0.00389261424948,-0.915844341225,-2.65112350822,-344.852271649,1.47557877749,0.477021345718,95.6326271879,78.8573690437,297.00523598,255.983197017
