,points_in_feature,sphere_x_abs,sphere_y_abs,sphere_z_abs,sphere_radius,sphere_res_var,sphere_volume,sphere_x_rel,sphere_y_rel,sphere_z_resl,sphere_R,sphere_angle_raw,para_p1,para_p2,para_p3,para_p4,para_p5,para_alpha,para_beta,para_gamma,para_apex_x,para_apex_y,para_apex_z
0,151970.0,-80.650799072,299.35395973,304.301143664,176.353948168,6.63051777701,22974399.5824,0.0,0.0,0.0,0.0,0.0,0.00375682601111,0.00362359253952,-0.0247109022941,-3.15211438131,538.644359855,1.51160142983,2.34780961957,-133.589741136,98.0226008737,321.356905232,312.865719645
