,points_in_feature,sphere_x_abs,sphere_y_abs,sphere_z_abs,sphere_radius,sphere_res_var,sphere_volume,sphere_x_rel,sphere_y_rel,sphere_z_resl,sphere_R,sphere_angle_raw,para_p1,para_p2,para_p3,para_p4,para_p5,para_alpha,para_beta,para_gamma,para_apex_x,para_apex_y,para_apex_z
0,135232.0,-186.345855299,252.391042802,254.388403503,263.7117001,177.196915449,76820442.5981,0.0,0.0,0.0,0.0,0.0,0.00284212713839,0.00169487843256,-1.42322823171,-1.24055163594,112.129461781,0.0923008254616,1.96175880604,-38.1684606508,30.7163274139,393.889926466,355.540935315
