,points_in_feature,sphere_x_abs,sphere_y_abs,sphere_z_abs,sphere_radius,sphere_res_var,sphere_volume,sphere_x_rel,sphere_y_rel,sphere_z_resl,sphere_R,sphere_angle_raw,para_p1,para_p2,para_p3,para_p4,para_p5,para_alpha,para_beta,para_gamma,para_apex_x,para_apex_y,para_apex_z
0,221350.0,-49.2804038591,193.393153652,185.43369254,184.444918362,31.0412132759,26283832.6144,0.0,0.0,0.0,0.0,0.0,0.0039824299831,0.00446967884163,-0.738919032348,-2.2093377509,171.32792126,-1.07903542449,1.17631084109,101.528046674,141.033184094,217.588807428,144.704304969
