,points_in_feature,sphere_x_abs,sphere_y_abs,sphere_z_abs,sphere_radius,sphere_res_var,sphere_volume,sphere_x_rel,sphere_y_rel,sphere_z_resl,sphere_R,sphere_angle_raw,para_p1,para_p2,para_p3,para_p4,para_p5,para_alpha,para_beta,para_gamma,para_apex_x,para_apex_y,para_apex_z
0,252829.0,-56.5751990544,260.601204388,242.60394125,198.233547597,19.228191103,32630225.0324,0.0,0.0,0.0,0.0,0.0,-0.00369017987585,-0.0038526652965,-2.56839275344,0.788015150615,-291.252476639,1.55568431408,-1.02102736582,7.68070814242,148.567979053,296.547786591,244.842486903
