,points_in_feature,sphere_x_abs,sphere_y_abs,sphere_z_abs,sphere_radius,sphere_res_var,sphere_volume,sphere_x_rel,sphere_y_rel,sphere_z_resl,sphere_R,sphere_angle_raw,para_p1,para_p2,para_p3,para_p4,para_p5,para_alpha,para_beta,para_gamma,para_apex_x,para_apex_y,para_apex_z
0,240944.0,-34.7030356522,256.252117813,277.945840828,185.834891771,5.23522131995,26882545.3127,0.0,0.0,0.0,0.0,0.0,0.00450919939873,0.00429370030568,-3.33298778661,-0.741503162709,468.947189445,-1.5495343578,2.08877489285,32.9367286385,167.805313703,263.399584631,280.236661818
