,points_in_feature,sphere_x_abs,sphere_y_abs,sphere_z_abs,sphere_radius,sphere_res_var,sphere_volume,sphere_x_rel,sphere_y_rel,sphere_z_resl,sphere_R,sphere_angle_raw,para_p1,para_p2,para_p3,para_p4,para_p5,para_alpha,para_beta,para_gamma,para_apex_x,para_apex_y,para_apex_z
0,154520.0,-70.1994728197,253.969930572,236.432044005,167.667019598,4.00156876113,19743836.3581,0.0,0.0,0.0,0.0,0.0,-0.00396310949403,-0.00404916794471,-0.000978840305521,2.85254608231,-374.149669538,1.55880350468,-2.30446948748,-80.2278967848,101.076402815,274.081235228,234.904707529
