,points_in_feature,sphere_x_abs,sphere_y_abs,sphere_z_abs,sphere_radius,sphere_res_var,sphere_volume,sphere_x_rel,sphere_y_rel,sphere_z_resl,sphere_R,sphere_angle_raw,para_p1,para_p2,para_p3,para_p4,para_p5,para_alpha,para_beta,para_gamma,para_apex_x,para_apex_y,para_apex_z
0,205479.0,-45.7775108037,271.231511099,274.398556146,172.875508853,13.2608695129,21641582.9529,0.0,0.0,0.0,0.0,0.0,-0.00420574941938,-0.00447652769722,-3.17404869952,0.937270755596,-460.918179937,1.47352517486,-1.05214126377,32.764680762,133.816055338,298.571669816,285.073483439
