,points_in_feature,sphere_x_abs,sphere_y_abs,sphere_z_abs,sphere_radius,sphere_res_var,sphere_volume,sphere_x_rel,sphere_y_rel,sphere_z_resl,sphere_R,sphere_angle_raw,para_p1,para_p2,para_p3,para_p4,para_p5,para_alpha,para_beta,para_gamma,para_apex_x,para_apex_y,para_apex_z
0,119755.0,-120.387152894,269.012675924,246.484383136,192.331036716,9.52240717251,29801404.14,0.0,0.0,0.0,0.0,0.0,0.00376837921581,0.00306219097823,-2.66152933182,-0.89336082074,347.059932731,-1.20638474981,2.07498869107,-306.875192827,66.92296343,317.552206153,275.73131868
