,points_in_feature,sphere_x_abs,sphere_y_abs,sphere_z_abs,sphere_radius,sphere_res_var,sphere_volume,sphere_x_rel,sphere_y_rel,sphere_z_resl,sphere_R,sphere_angle_raw,para_p1,para_p2,para_p3,para_p4,para_p5,para_alpha,para_beta,para_gamma,para_apex_x,para_apex_y,para_apex_z
0,132959.0,-112.842705944,256.576737623,238.108743488,190.96447639,11.3027543094,29170667.5992,0.0,0.0,0.0,0.0,0.0,-0.00306606583414,-0.00286908685753,0.488982062405,-1.82279637659,-283.211273416,-1.25586305116,2.06251355487,123.890392101,75.852442081,241.75692778,209.124523456
1,11079.0,48.8239624244,254.690210615,395.784994813,57.5679349613,165.396884926,799154.155985,161.666668369,-1.88652700811,157.676251325,225.835052367,359.314513902,0.0,0.0,0.0,0.0,0.0,0.0,0.0,0.0,0.0,0.0,0.0
