,points_in_feature,sphere_x_abs,sphere_y_abs,sphere_z_abs,sphere_radius,sphere_res_var,sphere_volume,sphere_x_rel,sphere_y_rel,sphere_z_resl,sphere_R,sphere_angle_raw,para_p1,para_p2,para_p3,para_p4,para_p5,para_alpha,para_beta,para_gamma,para_apex_x,para_apex_y,para_apex_z
0,173201.0,-115.79180062,226.982606922,288.382286738,229.038988638,14.8949482943,50328833.1083,0.0,0.0,0.0,0.0,0.0,-0.00247965387554,-0.00272279927222,-0.0670996503475,2.03249714318,-245.182929536,-1.48551749419,-0.700906293174,-233.993912041,115.099919739,230.929661456,301.698316627
1,89247.0,-105.654456467,383.779957521,198.492453153,214.137226635,88.0045198817,41130608.0912,10.1373441532,156.797350599,-89.8898335852,181.020322293,119.825073143,0.0,0.0,0.0,0.0,0.0,0.0,0.0,0.0,0.0,0.0,0.0
