,points_in_feature,sphere_x_abs,sphere_y_abs,sphere_z_abs,sphere_radius,sphere_res_var,sphere_volume,sphere_x_rel,sphere_y_rel,sphere_z_resl,sphere_R,sphere_angle_raw,para_p1,para_p2,para_p3,para_p4,para_p5,para_alpha,para_beta,para_gamma,para_apex_x,para_apex_y,para_apex_z
0,190830.0,-157.358571792,255.729193591,245.273156245,252.526991214,230.122442686,67454670.0207,0.0,0.0,0.0,0.0,0.0,-0.00293357149836,-0.00129634353114,-0.607679715404,0.738277221946,-110.538667931,1.04147464231,-1.99605900747,195.909961076,78.461970679,223.855048922,190.323585004
