,points_in_feature,sphere_x_abs,sphere_y_abs,sphere_z_abs,sphere_radius,sphere_res_var,sphere_volume,sphere_x_rel,sphere_y_rel,sphere_z_resl,sphere_R,sphere_angle_raw,para_p1,para_p2,para_p3,para_p4,para_p5,para_alpha,para_beta,para_gamma,para_apex_x,para_apex_y,para_apex_z
0,194018.0,-45.4898231749,252.604919336,237.746699764,167.90870453,5.86986640708,19829339.2088,0.0,0.0,0.0,0.0,0.0,-0.00432417528803,-0.00445564328839,0.93565480643,-2.95027330161,-399.191782383,1.71572940907,1.14304312688,284.090694424,129.484235006,270.242602448,225.963125825
