,points_in_feature,sphere_x_abs,sphere_y_abs,sphere_z_abs,sphere_radius,sphere_res_var,sphere_volume,sphere_x_rel,sphere_y_rel,sphere_z_resl,sphere_R,sphere_angle_raw,para_p1,para_p2,para_p3,para_p4,para_p5,para_alpha,para_beta,para_gamma,para_apex_x,para_apex_y,para_apex_z
0,161083.0,-68.8899948925,274.075148607,275.939667658,171.307343942,7.52906563515,21057972.4893,0.0,0.0,0.0,0.0,0.0,0.00396791220921,0.00382101551288,0.290464999078,2.98735976802,464.385482611,1.52282693378,-0.889221303685,92.5446825305,105.829969588,292.03019402,270.650934345
