,points_in_feature,sphere_x_abs,sphere_y_abs,sphere_z_abs,sphere_radius,sphere_res_var,sphere_volume,sphere_x_rel,sphere_y_rel,sphere_z_resl,sphere_R,sphere_angle_raw,para_p1,para_p2,para_p3,para_p4,para_p5,para_alpha,para_beta,para_gamma,para_apex_x,para_apex_y,para_apex_z
0,195343.0,-57.2585542303,256.76234087,278.541042729,184.089521104,3.92666581635,26132190.3582,0.0,0.0,0.0,0.0,0.0,0.00410436333667,0.00395385013851,2.71508568174,1.48355482122,442.088858777,-1.54918377244,-1.33577525995,89.5184868495,137.544796699,264.862902608,277.251103314
