,points_in_feature,sphere_x_abs,sphere_y_abs,sphere_z_abs,sphere_radius,sphere_res_var,sphere_volume,sphere_x_rel,sphere_y_rel,sphere_z_resl,sphere_R,sphere_angle_raw,para_p1,para_p2,para_p3,para_p4,para_p5,para_alpha,para_beta,para_gamma,para_apex_x,para_apex_y,para_apex_z
0,228912.0,-2236.66612473,275.121170659,236.252126744,2262.76613453,15.8449091398,48529701515.8,0.0,0.0,0.0,0.0,0.0,5.60660342512e-05,9.52634452837e-05,-0.0332480226515,-0.02016782882,-9.89659054266,-0.16622360158,1.58042164639,0.201740937647,16.8459762316,105.793644837,296.476260374
