,points_in_feature,sphere_x_abs,sphere_y_abs,sphere_z_abs,sphere_radius,sphere_res_var,sphere_volume,sphere_x_rel,sphere_y_rel,sphere_z_resl,sphere_R,sphere_angle_raw,para_p1,para_p2,para_p3,para_p4,para_p5,para_alpha,para_beta,para_gamma,para_apex_x,para_apex_y,para_apex_z
0,152038.0,-77.8114832465,257.88807346,278.114926067,184.615229879,3.12310280424,26356709.2346,0.0,0.0,0.0,0.0,0.0,-0.00391754511309,-0.00375528998098,-2.14363293639,1.97288563549,-437.221102271,0.155282342338,-1.60835627516,69.2341081825,115.705056201,265.463008046,270.654842294
