,points_in_feature,sphere_x_abs,sphere_y_abs,sphere_z_abs,sphere_radius,sphere_res_var,sphere_volume,sphere_x_rel,sphere_y_rel,sphere_z_resl,sphere_R,sphere_angle_raw,para_p1,para_p2,para_p3,para_p4,para_p5,para_alpha,para_beta,para_gamma,para_apex_x,para_apex_y,para_apex_z
0,196119.0,-88.423577362,225.889951883,288.314699231,226.84156211,12.3708356532,48894104.6001,0.0,0.0,0.0,0.0,0.0,-0.00288107140905,-0.00255576342308,2.13019654678,-0.133047374809,-239.318273985,-1.38678721632,0.9875625932,80.0247197412,140.457885081,213.943691042,310.217517003
1,104291.0,-82.4926245531,376.952637813,199.265310946,216.847292323,89.0625176187,42712070.0704,5.93095280893,151.06268593,-89.0493882855,175.456276136,120.518768372,0.0,0.0,0.0,0.0,0.0,0.0,0.0,0.0,0.0,0.0,0.0
