,points_in_feature,sphere_x_abs,sphere_y_abs,sphere_z_abs,sphere_radius,sphere_res_var,sphere_volume,sphere_x_rel,sphere_y_rel,sphere_z_resl,sphere_R,sphere_angle_raw,para_p1,para_p2,para_p3,para_p4,para_p5,para_alpha,para_beta,para_gamma,para_apex_x,para_apex_y,para_apex_z
0,208313.0,-75.7330649465,262.646423368,242.422885291,193.718412174,21.7811978327,30450982.6123,0.0,0.0,0.0,0.0,0.0,-0.00363340585879,-0.00350583441615,2.3991792603,-1.15108693152,-301.308240758,-1.31527756346,1.1810506726,111.133741381,120.152242439,296.717468135,263.217239774
