,points_in_feature,sphere_x_abs,sphere_y_abs,sphere_z_abs,sphere_radius,sphere_res_var,sphere_volume,sphere_x_rel,sphere_y_rel,sphere_z_resl,sphere_R,sphere_angle_raw,para_p1,para_p2,para_p3,para_p4,para_p5,para_alpha,para_beta,para_gamma,para_apex_x,para_apex_y,para_apex_z
0,269786.0,-98.1324046952,255.438846742,251.802042277,242.027872038,250.605161416,59386093.3367,0.0,0.0,0.0,0.0,0.0,-0.00344576997511,-0.00183171710971,-0.897494188034,1.22953766295,-131.638100816,1.31188947327,-1.95721198713,13.8328643192,138.886899621,274.069496263,230.054204409
