,points_in_feature,sphere_x_abs,sphere_y_abs,sphere_z_abs,sphere_radius,sphere_res_var,sphere_volume,sphere_x_rel,sphere_y_rel,sphere_z_resl,sphere_R,sphere_angle_raw,para_p1,para_p2,para_p3,para_p4,para_p5,para_alpha,para_beta,para_gamma,para_apex_x,para_apex_y,para_apex_z
0,141527.0,-144.486391657,230.377569282,287.07132175,233.797115164,10.7605191322,53531085.926,0.0,0.0,0.0,0.0,0.0,-0.00259294743616,-0.0028466586826,1.62418892523,-1.20789088585,-255.228321658,1.14853087293,1.72437428985,-180.438874769,87.046551776,278.878337627,271.925428004
1,72264.0,-117.246535324,396.821221845,195.549849247,201.569000979,83.7420062914,34305190.8172,27.2398563334,166.443652564,-91.5214725026,191.889757884,118.804837297,0.0,0.0,0.0,0.0,0.0,0.0,0.0,0.0,0.0,0.0,0.0
