,points_in_feature,sphere_x_abs,sphere_y_abs,sphere_z_abs,sphere_radius,sphere_res_var,sphere_volume,sphere_x_rel,sphere_y_rel,sphere_z_resl,sphere_R,sphere_angle_raw,para_p1,para_p2,para_p3,para_p4,para_p5,para_alpha,para_beta,para_gamma,para_apex_x,para_apex_y,para_apex_z
0,246228.0,-25.8049167243,267.671028137,271.727390688,176.924418328,28.5770146023,23198074.4919,0.0,0.0,0.0,0.0,0.0,0.00456635415462,0.00491271736362,-3.19434709039,-1.55663478263,438.324621699,-1.28174147379,1.94470307052,-482.688275237,160.835070889,305.946626052,295.502267348
