,points_in_feature,sphere_x_abs,sphere_y_abs,sphere_z_abs,sphere_radius,sphere_res_var,sphere_volume,sphere_x_rel,sphere_y_rel,sphere_z_resl,sphere_R,sphere_angle_raw,para_p1,para_p2,para_p3,para_p4,para_p5,para_alpha,para_beta,para_gamma,para_apex_x,para_apex_y,para_apex_z
0,225205.0,-127.678657975,255.629498617,249.71244165,245.900446809,248.694493204,62282575.4644,0.0,0.0,0.0,0.0,0.0,0.00149932950373,0.00311791195108,1.04733259903,-0.71433626432,106.378417963,-1.52307103702,-0.421126600489,102.05311652,109.285572338,279.911680383,242.089351525
