,points_in_feature,sphere_x_abs,sphere_y_abs,sphere_z_abs,sphere_radius,sphere_res_var,sphere_volume,sphere_x_rel,sphere_y_rel,sphere_z_resl,sphere_R,sphere_angle_raw,para_p1,para_p2,para_p3,para_p4,para_p5,para_alpha,para_beta,para_gamma,para_apex_x,para_apex_y,para_apex_z
0,109545.0,-173.610740031,235.100237931,284.846675994,240.283688523,7.22724923,58111418.8686,0.0,0.0,0.0,0.0,0.0,-0.00233405969811,-0.00260777337926,1.3571988582,-1.29663354649,-252.563896627,0.729067557521,1.66045601958,140.417009927,62.091027165,286.44369881,267.66833473
1,49653.0,-103.606664988,416.28055762,192.920489726,167.808769595,76.2044613528,19793954.5417,70.0040750424,181.180319689,-91.9261862678,214.889046921,116.902053213,0.0,0.0,0.0,0.0,0.0,0.0,0.0,0.0,0.0,0.0,0.0
