,points_in_feature,sphere_x_abs,sphere_y_abs,sphere_z_abs,sphere_radius,sphere_res_var,sphere_volume,sphere_x_rel,sphere_y_rel,sphere_z_resl,sphere_R,sphere_angle_raw,para_p1,para_p2,para_p3,para_p4,para_p5,para_alpha,para_beta,para_gamma,para_apex_x,para_apex_y,para_apex_z
0,167677.0,-95.0994883299,265.54730233,243.298757511,192.117467543,14.0463828786,29702237.6745,0.0,0.0,0.0,0.0,0.0,0.00364861817587,0.00333205438823,2.47702275464,1.05581935068,319.911932418,1.30770054821,-2.00074812114,-146.52752896,96.1190911667,308.061019842,264.746376194
