,points_in_feature,sphere_x_abs,sphere_y_abs,sphere_z_abs,sphere_radius,sphere_res_var,sphere_volume,sphere_x_rel,sphere_y_rel,sphere_z_resl,sphere_R,sphere_angle_raw,para_p1,para_p2,para_p3,para_p4,para_p5,para_alpha,para_beta,para_gamma,para_apex_x,para_apex_y,para_apex_z
0,236353.0,-24.0736919206,251.031628555,240.195273042,170.653110883,13.0772836163,20817627.7281,0.0,0.0,0.0,0.0,0.0,-0.00468477284303,-0.00492152469686,1.45918024501,-3.05064218524,-424.647657401,-1.24087233923,1.8699005755,349.874666838,158.174025609,270.440524846,219.783473727
