,points_in_feature,sphere_x_abs,sphere_y_abs,sphere_z_abs,sphere_radius,sphere_res_var,sphere_volume,sphere_x_rel,sphere_y_rel,sphere_z_resl,sphere_R,sphere_angle_raw,para_p1,para_p2,para_p3,para_p4,para_p5,para_alpha,para_beta,para_gamma,para_apex_x,para_apex_y,para_apex_z
0,160129.0,-170.974720604,249.45471382,249.018642222,247.683783344,264.781987063,63647496.7952,0.0,0.0,0.0,0.0,0.0,-0.00131137821726,-0.000846187298944,-0.66504653253,0.407347407364,-80.6362505334,0.134989900108,-1.55452293068,81.8426595792,54.9309828432,239.891785772,253.856926734
