,points_in_feature,sphere_x_abs,sphere_y_abs,sphere_z_abs,sphere_radius,sphere_res_var,sphere_volume,sphere_x_rel,sphere_y_rel,sphere_z_resl,sphere_R,sphere_angle_raw,para_p1,para_p2,para_p3,para_p4,para_p5,para_alpha,para_beta,para_gamma,para_apex_x,para_apex_y,para_apex_z
0,83228.0,-11.1465520939,302.243095057,263.84354302,127.610742334,105.570212409,8704629.97521,0.0,0.0,0.0,0.0,0.0,0.00515102765614,0.00506052518086,-2.79748996503,-3.06968642086,702.843447397,0.0635911073321,1.3422096155,31.0253074349,90.5284046125,354.826388554,227.891429231
1,17305.0,148.16282723,251.415848651,196.537279417,111.904163014,310.920474828,5869854.53925,159.309379324,-50.8272464059,-67.3062636034,180.258204912,217.058777712,0.0,0.0,0.0,0.0,0.0,0.0,0.0,0.0,0.0,0.0,0.0
