,points_in_feature,sphere_x_abs,sphere_y_abs,sphere_z_abs,sphere_radius,sphere_res_var,sphere_volume,sphere_x_rel,sphere_y_rel,sphere_z_resl,sphere_R,sphere_angle_raw,para_p1,para_p2,para_p3,para_p4,para_p5,para_alpha,para_beta,para_gamma,para_apex_x,para_apex_y,para_apex_z
0,193445.0,-68.265932063,242.279404639,226.55039912,185.520985046,5.25082943652,26746547.727,0.0,0.0,0.0,0.0,0.0,0.00371822721646,0.00374772103782,0.981236714715,2.28351188797,286.965566244,1.31258135608,-1.24328544216,161.464538367,122.365056486,259.215786474,209.37166951
