,points_in_feature,sphere_x_abs,sphere_y_abs,sphere_z_abs,sphere_radius,sphere_res_var,sphere_volume,sphere_x_rel,sphere_y_rel,sphere_z_resl,sphere_R,sphere_angle_raw,para_p1,para_p2,para_p3,para_p4,para_p5,para_alpha,para_beta,para_gamma,para_apex_x,para_apex_y,para_apex_z
0,70551.0,-130.713036387,169.065017142,201.720385696,203.435723697,51.6514503239,35267141.7948,0.0,0.0,0.0,0.0,0.0,-0.00247287409901,-0.00627219783759,0.206284103011,-2.35413219588,-236.648941438,-0.985302346286,2.18701330784,42.1229400904,59.3334769591,130.999112174,128.091511375
1,121021.0,-99.4634310804,308.621512123,250.789259401,191.630318726,6.29570615469,29476863.8241,31.2496053066,139.556494981,49.0688737057,151.19625488,70.628029754,0.0,0.0,0.0,0.0,0.0,0.0,0.0,0.0,0.0,0.0,0.0
