,points_in_feature,sphere_x_abs,sphere_y_abs,sphere_z_abs,sphere_radius,sphere_res_var,sphere_volume,sphere_x_rel,sphere_y_rel,sphere_z_resl,sphere_R,sphere_angle_raw,para_p1,para_p2,para_p3,para_p4,para_p5,para_alpha,para_beta,para_gamma,para_apex_x,para_apex_y,para_apex_z
0,204217.0,-89.6444279327,230.37123683,287.571920752,227.80351831,16.7316103767,49518774.8329,0.0,0.0,0.0,0.0,0.0,-0.00268196296349,-0.00289807150053,-0.217089737678,2.15915623257,-240.202657393,-1.44874314514,-0.775992798329,42.5033926339,141.669392218,232.258311877,306.699466101
1,95946.0,-88.1460795125,391.792669824,191.448533897,222.900171288,92.925830525,46389513.2837,1.4983484202,161.421432994,-96.1233868545,187.879827491,120.772992354,0.0,0.0,0.0,0.0,0.0,0.0,0.0,0.0,0.0,0.0,0.0
