,points_in_feature,sphere_x_abs,sphere_y_abs,sphere_z_abs,sphere_radius,sphere_res_var,sphere_volume,sphere_x_rel,sphere_y_rel,sphere_z_resl,sphere_R,sphere_angle_raw,para_p1,para_p2,para_p3,para_p4,para_p5,para_alpha,para_beta,para_gamma,para_apex_x,para_apex_y,para_apex_z
0,97801.0,-146.083118766,240.392546772,238.470938505,198.161396976,84.747389295,32594608.9487,0.0,0.0,0.0,0.0,0.0,0.0013569873354,0.00194612878016,-0.761109876244,-0.898280650482,151.259827447,0.18393156055,1.69751405674,81.5666488594,38.9208057764,221.998053969,290.872285178
