,points_in_feature,sphere_x_abs,sphere_y_abs,sphere_z_abs,sphere_radius,sphere_res_var,sphere_volume,sphere_x_rel,sphere_y_rel,sphere_z_resl,sphere_R,sphere_angle_raw,para_p1,para_p2,para_p3,para_p4,para_p5,para_alpha,para_beta,para_gamma,para_apex_x,para_apex_y,para_apex_z
0,149816.0,-98.2722069505,237.016735042,231.376714121,179.699969806,145.581330295,24307070.5613,0.0,0.0,0.0,0.0,0.0,0.00229126260245,0.00220729597579,-1.2335455845,-0.865236196489,178.950539761,-0.0840458184441,1.73885063252,94.5116919511,61.5535046404,191.923929592,274.618605717
