,points_in_feature,sphere_x_abs,sphere_y_abs,sphere_z_abs,sphere_radius,sphere_res_var,sphere_volume,sphere_x_rel,sphere_y_rel,sphere_z_resl,sphere_R,sphere_angle_raw,para_p1,para_p2,para_p3,para_p4,para_p5,para_alpha,para_beta,para_gamma,para_apex_x,para_apex_y,para_apex_z
0,233030.0,-41.1988230672,265.502319101,250.908557299,187.155924349,21.0144329007,27459924.9905,0.0,0.0,0.0,0.0,0.0,-0.00441591127253,-0.00412992213588,2.39784963201,-2.07685733874,-360.93960276,-0.499483360165,1.41554684478,91.4930152253,156.231516171,291.405797919,280.245506862
