,points_in_feature,sphere_x_abs,sphere_y_abs,sphere_z_abs,sphere_radius,sphere_res_var,sphere_volume,sphere_x_rel,sphere_y_rel,sphere_z_resl,sphere_R,sphere_angle_raw,para_p1,para_p2,para_p3,para_p4,para_p5,para_alpha,para_beta,para_gamma,para_apex_x,para_apex_y,para_apex_z
0,14048.0,161.369185094,245.710454155,188.083576923,142.352892562,203.030428247,12083353.9775,0.0,0.0,0.0,0.0,0.0,-0.00106548561232,-0.00110041172241,-0.364678752677,-0.560797546619,-140.882195152,0.241691454527,-1.60117857079,78.7923321385,35.9616558668,255.679947937,170.328543821
1,44270.0,5.52196955844,304.868463768,254.857884881,113.141315326,142.701963995,6066696.64466,-155.847215535,59.1580096136,66.7743079575,179.574031794,41.5390070965,0.0,0.0,0.0,0.0,0.0,0.0,0.0,0.0,0.0,0.0,0.0
