,points_in_feature,sphere_x_abs,sphere_y_abs,sphere_z_abs,sphere_radius,sphere_res_var,sphere_volume,sphere_x_rel,sphere_y_rel,sphere_z_resl,sphere_R,sphere_angle_raw,para_p1,para_p2,para_p3,para_p4,para_p5,para_alpha,para_beta,para_gamma,para_apex_x,para_apex_y,para_apex_z
0,205513.0,-13.8895532134,293.273903779,269.996999453,163.480958712,16.7040786315,18301645.4218,0.0,0.0,0.0,0.0,0.0,-0.00394028432241,-0.00337317261684,2.64265063974,1.25933375409,-136.933631011,-0.49838950808,0.0982600134627,10.8437246857,-5.50777370383,290.972357098,492.056286546
