,points_in_feature,sphere_x_abs,sphere_y_abs,sphere_z_abs,sphere_radius,sphere_res_var,sphere_volume,sphere_x_rel,sphere_y_rel,sphere_z_resl,sphere_R,sphere_angle_raw,para_p1,para_p2,para_p3,para_p4,para_p5,para_alpha,para_beta,para_gamma,para_apex_x,para_apex_y,para_apex_z
0,287786.0,-99.2920556729,249.5233651,235.912015932,247.946688301,259.558695891,63850388.6842,0.0,0.0,0.0,0.0,0.0,-0.00328526340868,-0.0018282109167,0.956185753085,-1.20130774048,-101.814543328,1.75972694747,1.26947918273,89.2265149787,141.728353937,292.277642008,225.53818884
