,points_in_feature,sphere_x_abs,sphere_y_abs,sphere_z_abs,sphere_radius,sphere_res_var,sphere_volume,sphere_x_rel,sphere_y_rel,sphere_z_resl,sphere_R,sphere_angle_raw,para_p1,para_p2,para_p3,para_p4,para_p5,para_alpha,para_beta,para_gamma,para_apex_x,para_apex_y,para_apex_z
0,123048.0,-137.028085696,253.754550985,266.344110737,207.925037234,3.37709592981,37653814.0092,0.0,0.0,0.0,0.0,0.0,0.00293931487989,0.00273975231425,-1.20500922964,-1.59617311527,310.216123913,-1.04801184358,1.37574109356,95.3109368102,71.6032513472,252.048891285,245.583676684
