,points_in_feature,sphere_x_abs,sphere_y_abs,sphere_z_abs,sphere_radius,sphere_res_var,sphere_volume,sphere_x_rel,sphere_y_rel,sphere_z_resl,sphere_R,sphere_angle_raw,para_p1,para_p2,para_p3,para_p4,para_p5,para_alpha,para_beta,para_gamma,para_apex_x,para_apex_y,para_apex_z
0,212259.0,-75.7464710906,252.227519808,268.921607585,198.164466294,4.92275689469,32596123.5439,0.0,0.0,0.0,0.0,0.0,-0.00352752640836,-0.00340106570604,2.07126691342,-1.50808927403,-346.352561944,1.16082662775,1.70536645519,303.529430292,128.216639032,261.659557534,256.973931895
