,points_in_feature,sphere_x_abs,sphere_y_abs,sphere_z_abs,sphere_radius,sphere_res_var,sphere_volume,sphere_x_rel,sphere_y_rel,sphere_z_resl,sphere_R,sphere_angle_raw,para_p1,para_p2,para_p3,para_p4,para_p5,para_alpha,para_beta,para_gamma,para_apex_x,para_apex_y,para_apex_z
0,250616.0,-53.3615463918,251.414642387,269.474560434,197.188190391,5.30371397642,32116729.4841,0.0,0.0,0.0,0.0,0.0,-0.00378977407962,-0.00365151797915,2.6592039264,-0.822692304021,-361.121615105,1.50171047685,2.02018899289,33.0231483539,153.040293192,257.664276477,262.635057719
