,points_in_feature,sphere_x_abs,sphere_y_abs,sphere_z_abs,sphere_radius,sphere_res_var,sphere_volume,sphere_x_rel,sphere_y_rel,sphere_z_resl,sphere_R,sphere_angle_raw,para_p1,para_p2,para_p3,para_p4,para_p5,para_alpha,para_beta,para_gamma,para_apex_x,para_apex_y,para_apex_z
0,45934.0,-169.054486365,155.041624389,187.379116745,215.514642933,22.1412249271,41929430.0406,0.0,0.0,0.0,0.0,0.0,0.00195839626525,0.00253670561989,-0.580018624682,-0.749700024518,84.4643355711,-0.174175379033,1.43004340033,37.9173953235,40.772733048,142.490529088,148.296311546
1,86165.0,-121.900502194,310.746831988,249.718868339,190.91603259,3.69547870887,29148473.217,47.1539841714,155.7052076,62.3397515945,174.223576263,68.1802991916,0.0,0.0,0.0,0.0,0.0,0.0,0.0,0.0,0.0,0.0,0.0
