,points_in_feature,sphere_x_abs,sphere_y_abs,sphere_z_abs,sphere_radius,sphere_res_var,sphere_volume,sphere_x_rel,sphere_y_rel,sphere_z_resl,sphere_R,sphere_angle_raw,para_p1,para_p2,para_p3,para_p4,para_p5,para_alpha,para_beta,para_gamma,para_apex_x,para_apex_y,para_apex_z
0,10905.0,-100.905021,240.140016417,255.894185304,151.574783267,5.15202785991,14587117.3599,0.0,0.0,0.0,0.0,0.0,0.00220885170178,0.00396480620613,-0.879712376657,-1.05614242576,293.496585748,-0.0478744071628,1.30661579043,6.99958581612,19.0910411159,151.175229798,229.249200591
1,38189.0,-26.3533174679,280.098873073,258.45625376,118.947586176,118.802758328,7049454.45588,74.5517035317,39.9588566565,2.56206845572,84.6240563879,86.3313504528,0.0,0.0,0.0,0.0,0.0,0.0,0.0,0.0,0.0,0.0,0.0
2,11413.0,24.2979840153,196.027307559,326.79275466,33.0573322351,126.994387457,151318.496346,125.203005015,-44.1127088579,70.8985693555,150.4936234,328.110348049,0.0,0.0,0.0,0.0,0.0,0.0,0.0,0.0,0.0,0.0,0.0
