,points_in_feature,sphere_x_abs,sphere_y_abs,sphere_z_abs,sphere_radius,sphere_res_var,sphere_volume,sphere_x_rel,sphere_y_rel,sphere_z_resl,sphere_R,sphere_angle_raw,para_p1,para_p2,para_p3,para_p4,para_p5,para_alpha,para_beta,para_gamma,para_apex_x,para_apex_y,para_apex_z
0,146889.0,-146.516192619,236.033099163,286.254139823,235.406157199,10.4446800245,54643947.1996,0.0,0.0,0.0,0.0,0.0,-0.0026108184844,-0.00330922874095,1.85323908365,-0.915697303689,-257.347023544,-1.84121360625,1.19411271474,-89.5623638662,85.2075365974,290.437236885,267.736590273
1,66292.0,-124.409045413,417.132621578,186.051657952,208.850844531,74.0455234156,38159029.1353,22.1071472061,181.099522415,-100.202481871,208.149706581,118.955783531,0.0,0.0,0.0,0.0,0.0,0.0,0.0,0.0,0.0,0.0,0.0
