,points_in_feature,sphere_x_abs,sphere_y_abs,sphere_z_abs,sphere_radius,sphere_res_var,sphere_volume,sphere_x_rel,sphere_y_rel,sphere_z_resl,sphere_R,sphere_angle_raw,para_p1,para_p2,para_p3,para_p4,para_p5,para_alpha,para_beta,para_gamma,para_apex_x,para_apex_y,para_apex_z
0,145056.0,-81.6773572815,269.16264756,255.919722727,183.20280268,17.7652988558,25756387.436,0.0,0.0,0.0,0.0,0.0,0.00447070261086,0.00365443494167,-2.77552586333,-1.59265264607,388.969164421,-0.690081830244,1.90249915711,94.8230501937,102.886887359,296.949392839,302.397028331
