,points_in_feature,sphere_x_abs,sphere_y_abs,sphere_z_abs,sphere_radius,sphere_res_var,sphere_volume,sphere_x_rel,sphere_y_rel,sphere_z_resl,sphere_R,sphere_angle_raw,para_p1,para_p2,para_p3,para_p4,para_p5,para_alpha,para_beta,para_gamma,para_apex_x,para_apex_y,para_apex_z
0,90775.0,-97.8461543056,176.649442561,210.076523729,199.534196384,60.9214472134,33276728.0925,0.0,0.0,0.0,0.0,0.0,0.00301912098118,0.00737998332054,0.15080998273,2.76382404899,277.541696698,0.873340613739,-0.846837427185,-33.2195113526,81.5582097218,121.196618863,120.962373621
1,150470.0,-76.3409732729,306.433493564,251.218604758,193.401182803,8.06609570523,30301629.7093,21.5051810327,129.784051003,41.1420810291,137.837018023,72.4111695473,0.0,0.0,0.0,0.0,0.0,0.0,0.0,0.0,0.0,0.0,0.0
