,points_in_feature,sphere_x_abs,sphere_y_abs,sphere_z_abs,sphere_radius,sphere_res_var,sphere_volume,sphere_x_rel,sphere_y_rel,sphere_z_resl,sphere_R,sphere_angle_raw,para_p1,para_p2,para_p3,para_p4,para_p5,para_alpha,para_beta,para_gamma,para_apex_x,para_apex_y,para_apex_z
0,157221.0,-96.3101863673,243.315927801,224.998001586,188.041135307,2.66762656035,27851411.0595,0.0,0.0,0.0,0.0,0.0,0.00342349613068,0.00334859807734,-1.9851726631,-1.16246316826,271.430250359,1.56275686309,1.26691922192,98.8771782854,94.4480628753,262.001520549,224.432131628
