,points_in_feature,sphere_x_abs,sphere_y_abs,sphere_z_abs,sphere_radius,sphere_res_var,sphere_volume,sphere_x_rel,sphere_y_rel,sphere_z_resl,sphere_R,sphere_angle_raw,para_p1,para_p2,para_p3,para_p4,para_p5,para_alpha,para_beta,para_gamma,para_apex_x,para_apex_y,para_apex_z
0,121322.0,-210.505058403,255.386570569,263.752420618,259.952754686,6.79542488093,73582049.6683,0.0,0.0,0.0,0.0,0.0,-0.00205128609708,-0.00189941092493,0.99289066094,-1.02210163154,-217.363859966,-0.619507164365,1.6355103338,60.2916579714,48.5253026133,260.741538806,249.49173536
