,points_in_feature,sphere_x_abs,sphere_y_abs,sphere_z_abs,sphere_radius,sphere_res_var,sphere_volume,sphere_x_rel,sphere_y_rel,sphere_z_resl,sphere_R,sphere_angle_raw,para_p1,para_p2,para_p3,para_p4,para_p5,para_alpha,para_beta,para_gamma,para_apex_x,para_apex_y,para_apex_z
0,158463.0,-6.91460101991,296.882692918,266.467828789,153.732926598,69.1003483878,15219111.3289,0.0,0.0,0.0,0.0,0.0,0.00568392803451,0.00598756280244,-4.18436239507,-1.85191958149,702.491575689,1.3603670157,1.13448672593,325.10922633,158.514433174,340.110972272,251.083203909
1,17306.0,198.162827332,251.415848634,196.537279395,111.904163082,310.920474457,5869854.55002,205.077428352,-45.4668442843,-69.930549394,221.391660383,213.030771327,0.0,0.0,0.0,0.0,0.0,0.0,0.0,0.0,0.0,0.0,0.0
