,points_in_feature,sphere_x_abs,sphere_y_abs,sphere_z_abs,sphere_radius,sphere_res_var,sphere_volume,sphere_x_rel,sphere_y_rel,sphere_z_resl,sphere_R,sphere_angle_raw,para_p1,para_p2,para_p3,para_p4,para_p5,para_alpha,para_beta,para_gamma,para_apex_x,para_apex_y,para_apex_z
0,100906.0,-105.886829312,271.165744661,260.080828557,182.635160468,15.921793693,25517714.9011,0.0,0.0,0.0,0.0,0.0,0.00464803869255,0.00341628213234,-2.96403997924,-1.46714569329,418.98620133,-0.644162672628,1.96067551162,88.4804935212,73.8584000896,301.221126266,310.056472005
