,points_in_feature,sphere_x_abs,sphere_y_abs,sphere_z_abs,sphere_radius,sphere_res_var,sphere_volume,sphere_x_rel,sphere_y_rel,sphere_z_resl,sphere_R,sphere_angle_raw,para_p1,para_p2,para_p3,para_p4,para_p5,para_alpha,para_beta,para_gamma,para_apex_x,para_apex_y,para_apex_z
0,239371.0,-44.7817500927,241.000536323,229.838778315,186.776193483,13.6843023715,27293119.0704,0.0,0.0,0.0,0.0,0.0,-0.00406514812804,-0.00419995371191,1.2923307659,-2.42483183287,-311.700461724,-1.04214344136,1.8359646904,92.0923209959,151.048332299,256.184233434,200.084641016
