,points_in_feature,sphere_x_abs,sphere_y_abs,sphere_z_abs,sphere_radius,sphere_res_var,sphere_volume,sphere_x_rel,sphere_y_rel,sphere_z_resl,sphere_R,sphere_angle_raw,para_p1,para_p2,para_p3,para_p4,para_p5,para_alpha,para_beta,para_gamma,para_apex_x,para_apex_y,para_apex_z
0,188204.0,-63.4614879733,267.243902758,252.677992319,185.046127992,19.0288943998,26541692.6405,0.0,0.0,0.0,0.0,0.0,0.00438196144139,0.0037992554466,2.57263183425,1.77253206357,368.627031913,0.636916293543,-1.82422913036,-316.766902702,126.283463058,292.231269368,292.867798968
