,points_in_feature,sphere_x_abs,sphere_y_abs,sphere_z_abs,sphere_radius,sphere_res_var,sphere_volume,sphere_x_rel,sphere_y_rel,sphere_z_resl,sphere_R,sphere_angle_raw,para_p1,para_p2,para_p3,para_p4,para_p5,para_alpha,para_beta,para_gamma,para_apex_x,para_apex_y,para_apex_z
0,165257.0,-105.910942315,253.001006079,267.953290329,202.500148217,3.89405360541,34782808.4888,0.0,0.0,0.0,0.0,0.0,0.00320330727317,0.00301395660744,-1.30534169008,-1.82120802855,320.829829452,-1.13762613656,1.36006047519,101.636042639,98.8924891318,262.031667293,248.941001554
