,points_in_feature,sphere_x_abs,sphere_y_abs,sphere_z_abs,sphere_radius,sphere_res_var,sphere_volume,sphere_x_rel,sphere_y_rel,sphere_z_resl,sphere_R,sphere_angle_raw,para_p1,para_p2,para_p3,para_p4,para_p5,para_alpha,para_beta,para_gamma,para_apex_x,para_apex_y,para_apex_z
0,178433.0,-116.407796206,231.843601971,287.813576582,229.546479378,19.9779486194,50664121.6785,0.0,0.0,0.0,0.0,0.0,-0.00253222060133,-0.00272244095825,0.63466253932,-1.94463118479,-242.986067188,1.43086204568,1.01370609649,-205.685646136,114.680843056,241.772834781,303.976625343
1,82765.0,-111.315982046,399.845868975,189.783076584,220.342551871,95.3745597646,44810906.9465,5.09181415992,168.002267004,-98.0304999974,194.578177655,120.263861012,0.0,0.0,0.0,0.0,0.0,0.0,0.0,0.0,0.0,0.0,0.0
