,points_in_feature,sphere_x_abs,sphere_y_abs,sphere_z_abs,sphere_radius,sphere_res_var,sphere_volume,sphere_x_rel,sphere_y_rel,sphere_z_resl,sphere_R,sphere_angle_raw,para_p1,para_p2,para_p3,para_p4,para_p5,para_alpha,para_beta,para_gamma,para_apex_x,para_apex_y,para_apex_z
0,131112.0,-15.7714110502,298.549208436,263.782859657,145.692103829,113.706717572,12953784.0664,0.0,0.0,0.0,0.0,0.0,0.00527673020292,0.00545902949734,-3.35478922261,-2.63682414341,712.635935477,0.751802880153,1.27284280993,-239.743847196,125.257550635,334.796510954,225.652864134
