,points_in_feature,sphere_x_abs,sphere_y_abs,sphere_z_abs,sphere_radius,sphere_res_var,sphere_volume,sphere_x_rel,sphere_y_rel,sphere_z_resl,sphere_R,sphere_angle_raw,para_p1,para_p2,para_p3,para_p4,para_p5,para_alpha,para_beta,para_gamma,para_apex_x,para_apex_y,para_apex_z
0,116895.0,-181.620630462,240.91183268,283.995335286,247.396069073,8.05324511134,63425951.857,0.0,0.0,0.0,0.0,0.0,-0.00226423682828,-0.00273270501455,1.5379423089,-1.01291075227,-244.32310474,-1.85433975271,1.28148910844,-698.984752804,60.2418678166,295.981059826,265.905886537
1,51618.0,-134.945126623,439.056935808,187.288822398,197.752188656,24.8829820252,32393099.5567,46.6755038396,198.145103127,-96.7065128882,225.371325122,116.015108908,0.0,0.0,0.0,0.0,0.0,0.0,0.0,0.0,0.0,0.0,0.0
