,points_in_feature,sphere_x_abs,sphere_y_abs,sphere_z_abs,sphere_radius,sphere_res_var,sphere_volume,sphere_x_rel,sphere_y_rel,sphere_z_resl,sphere_R,sphere_angle_raw,para_p1,para_p2,para_p3,para_p4,para_p5,para_alpha,para_beta,para_gamma,para_apex_x,para_apex_y,para_apex_z
0,134164.0,-161.02065171,242.140538427,292.732273437,241.583834977,12.1549518372,59059834.0928,0.0,0.0,0.0,0.0,0.0,0.00240509298722,0.00356323784716,-1.80042663775,-0.806719156632,253.667024005,-1.81055574803,2.01189254967,20.344907927,76.4625498352,293.521358666,278.450269058
1,71067.0,-145.14953152,428.78636905,184.527972432,227.507298863,76.7207256671,49325853.8624,15.8711201902,186.645830623,-108.204301006,216.32551699,120.102182128,0.0,0.0,0.0,0.0,0.0,0.0,0.0,0.0,0.0,0.0,0.0
