,points_in_feature,sphere_x_abs,sphere_y_abs,sphere_z_abs,sphere_radius,sphere_res_var,sphere_volume,sphere_x_rel,sphere_y_rel,sphere_z_resl,sphere_R,sphere_angle_raw,para_p1,para_p2,para_p3,para_p4,para_p5,para_alpha,para_beta,para_gamma,para_apex_x,para_apex_y,para_apex_z
0,241966.0,-42.851570928,265.706555796,246.54699829,199.072398237,19.6203195485,33046217.3278,0.0,0.0,0.0,0.0,0.0,0.00417092943043,0.00394847761688,-2.06903569963,-2.1374345941,316.187720082,0.0129091625615,1.69813369602,119.274368003,170.272382008,287.336715241,275.630168453
