,points_in_feature,sphere_x_abs,sphere_y_abs,sphere_z_abs,sphere_radius,sphere_res_var,sphere_volume,sphere_x_rel,sphere_y_rel,sphere_z_resl,sphere_R,sphere_angle_raw,para_p1,para_p2,para_p3,para_p4,para_p5,para_alpha,para_beta,para_gamma,para_apex_x,para_apex_y,para_apex_z
0,166413.0,-96.4552637811,267.95070562,250.033583642,203.701126295,16.9748253667,35405350.6682,0.0,0.0,0.0,0.0,0.0,0.00399956971042,0.0033966736993,2.34378285047,1.62329856799,320.449154865,0.486331193578,-1.86862269308,85.2147115065,110.59616826,292.544640799,303.592032674
