,points_in_feature,sphere_x_abs,sphere_y_abs,sphere_z_abs,sphere_radius,sphere_res_var,sphere_volume,sphere_x_rel,sphere_y_rel,sphere_z_resl,sphere_R,sphere_angle_raw,para_p1,para_p2,para_p3,para_p4,para_p5,para_alpha,para_beta,para_gamma,para_apex_x,para_apex_y,para_apex_z
0,236441.0,-1004.4112782,262.440560752,209.658782426,1058.77313993,69.7600460135,4971613454.82,0.0,0.0,0.0,0.0,0.0,-0.000168648306251,-0.000123063209066,-0.106893271391,0.0365206603674,26.8229575987,0.277268209179,-1.52547483753,56.8601101962,37.8417770546,151.108334173,316.77117189
