,points_in_feature,sphere_x_abs,sphere_y_abs,sphere_z_abs,sphere_radius,sphere_res_var,sphere_volume,sphere_x_rel,sphere_y_rel,sphere_z_resl,sphere_R,sphere_angle_raw,para_p1,para_p2,para_p3,para_p4,para_p5,para_alpha,para_beta,para_gamma,para_apex_x,para_apex_y,para_apex_z
0,96514.0,-107.791087875,311.02776385,276.942950554,178.527468532,16.8034254698,23834374.0015,0.0,0.0,0.0,0.0,0.0,0.00311891239205,0.00342641345652,-1.82709913549,-2.17526797223,458.081469015,-0.345435783637,1.66840472383,106.980747201,67.4842092068,344.654752048,295.227450506
1,36558.0,-82.5714829385,155.699020735,174.40154156,123.814941219,19.59046377,7950744.12024,25.2196049366,-155.328743115,-102.541408993,187.823820292,236.568909952,0.0,0.0,0.0,0.0,0.0,0.0,0.0,0.0,0.0,0.0,0.0
