,points_in_feature,sphere_x_abs,sphere_y_abs,sphere_z_abs,sphere_radius,sphere_res_var,sphere_volume,sphere_x_rel,sphere_y_rel,sphere_z_resl,sphere_R,sphere_angle_raw,para_p1,para_p2,para_p3,para_p4,para_p5,para_alpha,para_beta,para_gamma,para_apex_x,para_apex_y,para_apex_z
0,260291.0,-51.6243155644,235.291398467,245.646632987,204.8621585,10.7377597633,36014205.8149,0.0,0.0,0.0,0.0,0.0,-0.00374985765718,-0.00363413941578,2.35880417595,-0.935163122232,-268.996959318,1.42655590876,1.96411085254,183.874479685,165.016618464,245.644368266,232.774795193
