,points_in_feature,sphere_x_abs,sphere_y_abs,sphere_z_abs,sphere_radius,sphere_res_var,sphere_volume,sphere_x_rel,sphere_y_rel,sphere_z_resl,sphere_R,sphere_angle_raw,para_p1,para_p2,para_p3,para_p4,para_p5,para_alpha,para_beta,para_gamma,para_apex_x,para_apex_y,para_apex_z
0,102667.0,-174.727768536,242.105364772,294.136212949,234.383495851,31.6687683188,53934876.8989,0.0,0.0,0.0,0.0,0.0,0.00195192905045,0.00204984300515,1.23596975198,0.951975506584,231.160662879,-0.139209871777,-1.69762637009,78.484118325,53.2911230163,222.862677187,327.53258216
1,55204.0,-159.246137607,444.825386384,187.483785234,220.675545476,36.5286887737,45014376.1434,15.4816309293,202.720021612,-106.652427715,229.586211249,117.749173171,0.0,0.0,0.0,0.0,0.0,0.0,0.0,0.0,0.0,0.0,0.0
