,points_in_feature,sphere_x_abs,sphere_y_abs,sphere_z_abs,sphere_radius,sphere_res_var,sphere_volume,sphere_x_rel,sphere_y_rel,sphere_z_resl,sphere_R,sphere_angle_raw,para_p1,para_p2,para_p3,para_p4,para_p5,para_alpha,para_beta,para_gamma,para_apex_x,para_apex_y,para_apex_z
0,117865.0,-50.6971461729,233.066523989,230.320224009,144.266326003,78.6004790869,12577187.1952,0.0,0.0,0.0,0.0,0.0,-0.00423685238568,-0.00336414251409,-2.43854568908,1.23000882772,-311.746323799,1.02081305307,-1.29354711843,63.7345329256,81.9768304126,258.935358127,255.812522935
