,points_in_feature,sphere_x_abs,sphere_y_abs,sphere_z_abs,sphere_radius,sphere_res_var,sphere_volume,sphere_x_rel,sphere_y_rel,sphere_z_resl,sphere_R,sphere_angle_raw,para_p1,para_p2,para_p3,para_p4,para_p5,para_alpha,para_beta,para_gamma,para_apex_x,para_apex_y,para_apex_z
0,215666.0,-14.8859515041,269.114882764,261.280286816,160.215531754,12.431152616,17226714.4905,0.0,0.0,0.0,0.0,0.0,-0.00517144744908,-0.00536702725943,3.85638060623,-0.627565996306,-558.238582893,1.50708085475,2.22149729156,-224.684232312,157.662847505,291.388783461,254.415767209
