,points_in_feature,sphere_x_abs,sphere_y_abs,sphere_z_abs,sphere_radius,sphere_res_var,sphere_volume,sphere_x_rel,sphere_y_rel,sphere_z_resl,sphere_R,sphere_angle_raw,para_p1,para_p2,para_p3,para_p4,para_p5,para_alpha,para_beta,para_gamma,para_apex_x,para_apex_y,para_apex_z
0,153132.0,-42.9591775339,231.61921204,229.985085346,156.655472854,61.8866602277,16103687.1482,0.0,0.0,0.0,0.0,0.0,-0.00452707876353,-0.00400426534707,2.55348741635,-1.42482982111,-322.699146811,-1.25767003896,1.32210298805,92.2408453551,113.269242041,256.315981649,244.128753376
