,points_in_feature,sphere_x_abs,sphere_y_abs,sphere_z_abs,sphere_radius,sphere_res_var,sphere_volume,sphere_x_rel,sphere_y_rel,sphere_z_resl,sphere_R,sphere_angle_raw,para_p1,para_p2,para_p3,para_p4,para_p5,para_alpha,para_beta,para_gamma,para_apex_x,para_apex_y,para_apex_z
0,117390.0,-124.121706117,269.752978235,253.897656817,205.928885408,14.3899911127,36579723.2933,0.0,0.0,0.0,0.0,0.0,0.0040079909643,0.00307127130682,-2.46774785751,-1.42268748527,328.480838403,-0.473640000118,1.95641458963,-181.840815969,77.5761354248,296.782998483,317.853405944
