,points_in_feature,sphere_x_abs,sphere_y_abs,sphere_z_abs,sphere_radius,sphere_res_var,sphere_volume,sphere_x_rel,sphere_y_rel,sphere_z_resl,sphere_R,sphere_angle_raw,para_p1,para_p2,para_p3,para_p4,para_p5,para_alpha,para_beta,para_gamma,para_apex_x,para_apex_y,para_apex_z
0,214080.0,-126.204647464,261.905966922,254.08752519,244.806953902,311.305987969,61455373.08,0.0,0.0,0.0,0.0,0.0,-0.00328373121399,-0.00154580229356,0.545451047581,-1.21869243477,-108.77022043,1.52721706384,1.04045146304,164.839078411,107.502044317,315.055845503,274.246410527
