,points_in_feature,sphere_x_abs,sphere_y_abs,sphere_z_abs,sphere_radius,sphere_res_var,sphere_volume,sphere_x_rel,sphere_y_rel,sphere_z_resl,sphere_R,sphere_angle_raw,para_p1,para_p2,para_p3,para_p4,para_p5,para_alpha,para_beta,para_gamma,para_apex_x,para_apex_y,para_apex_z
0,135110.0,-22.9779601276,262.1477959,240.439873458,131.543728098,1159.63329341,9534524.68734,0.0,0.0,0.0,0.0,0.0,0.000400506459271,0.000299655911673,0.170539698997,0.145692020999,6.54873842402,-0.150447143972,-1.541930297,141.220145092,35.1000705628,244.05372037,210.928234381
1,8821.0,36.2075460767,123.182089708,254.368736523,54.6199226916,196.793658477,682561.601293,59.1855062043,-138.965706191,13.9288630653,151.68521638,275.723775236,0.0,0.0,0.0,0.0,0.0,0.0,0.0,0.0,0.0,0.0,0.0
