,points_in_feature,sphere_x_abs,sphere_y_abs,sphere_z_abs,sphere_radius,sphere_res_var,sphere_volume,sphere_x_rel,sphere_y_rel,sphere_z_resl,sphere_R,sphere_angle_raw,para_p1,para_p2,para_p3,para_p4,para_p5,para_alpha,para_beta,para_gamma,para_apex_x,para_apex_y,para_apex_z
0,215599.0,-80.9014992112,235.971961061,245.241197738,208.112043304,9.34050315942,37755502.0045,0.0,0.0,0.0,0.0,0.0,0.00343035907031,0.00328873935242,-1.42437425474,-1.75686790722,254.923022603,-0.865554834419,1.42199971297,239.567889369,133.89176649,250.939983329,223.21169219
