,points_in_feature,sphere_x_abs,sphere_y_abs,sphere_z_abs,sphere_radius,sphere_res_var,sphere_volume,sphere_x_rel,sphere_y_rel,sphere_z_resl,sphere_R,sphere_angle_raw,para_p1,para_p2,para_p3,para_p4,para_p5,para_alpha,para_beta,para_gamma,para_apex_x,para_apex_y,para_apex_z
0,122792.0,-85.7694942699,311.181867454,281.156200886,177.998985818,8.14698069302,23623334.1377,0.0,0.0,0.0,0.0,0.0,-0.00351053342574,-0.00377901704015,0.782850008925,-3.06256770524,-567.316005047,-1.3578990437,2.01864622943,161.51521723,94.0568829352,328.486136628,263.150505141
1,51022.0,-91.7000898898,167.569285938,186.170843788,153.130597772,39.3480657404,15040924.9035,-5.93059561992,-143.612581515,-94.985357098,172.284542536,236.519351014,0.0,0.0,0.0,0.0,0.0,0.0,0.0,0.0,0.0,0.0,0.0
