,points_in_feature,sphere_x_abs,sphere_y_abs,sphere_z_abs,sphere_radius,sphere_res_var,sphere_volume,sphere_x_rel,sphere_y_rel,sphere_z_resl,sphere_R,sphere_angle_raw,para_p1,para_p2,para_p3,para_p4,para_p5,para_alpha,para_beta,para_gamma,para_apex_x,para_apex_y,para_apex_z
0,32090.0,-131.57565481,236.408818818,233.509791026,197.762128476,2.32824725883,32397984.4244,0.0,0.0,0.0,0.0,0.0,0.0035770496082,0.0028053317912,0.645644154121,1.25054773447,235.946641281,0.0139841530003,-0.904757878428,72.3745622087,26.3939864669,220.347755849,114.555329921
1,42503.0,-113.420320681,238.513526432,236.918070518,188.892083429,35.3340403589,28231235.1622,18.1553341284,2.10470761411,3.40827949193,18.5919961422,31.6964866488,0.0,0.0,0.0,0.0,0.0,0.0,0.0,0.0,0.0,0.0,0.0
2,12356.0,18.2412048699,139.583755403,288.016205635,36.1080772237,100.298589747,197197.63273,149.81685968,-96.825063415,54.5064146093,186.523815056,299.376771896,0.0,0.0,0.0,0.0,0.0,0.0,0.0,0.0,0.0,0.0,0.0
