,points_in_feature,sphere_x_abs,sphere_y_abs,sphere_z_abs,sphere_radius,sphere_res_var,sphere_volume,sphere_x_rel,sphere_y_rel,sphere_z_resl,sphere_R,sphere_angle_raw,para_p1,para_p2,para_p3,para_p4,para_p5,para_alpha,para_beta,para_gamma,para_apex_x,para_apex_y,para_apex_z
0,123658.0,-135.558483795,239.109819918,240.462216905,215.373030309,7.68472105849,41846830.0501,0.0,0.0,0.0,0.0,0.0,-0.00319609013388,-0.00285296811982,0.650375485334,-1.79708470311,-252.056750238,-1.0401186194,2.01316004121,92.0718523588,78.2975621239,264.08072702,194.359948453
