,points_in_feature,sphere_x_abs,sphere_y_abs,sphere_z_abs,sphere_radius,sphere_res_var,sphere_volume,sphere_x_rel,sphere_y_rel,sphere_z_resl,sphere_R,sphere_angle_raw,para_p1,para_p2,para_p3,para_p4,para_p5,para_alpha,para_beta,para_gamma,para_apex_x,para_apex_y,para_apex_z
0,131659.0,-62.305202291,272.719824664,259.081178513,158.338716743,7.76030746918,16628381.1971,0.0,0.0,0.0,0.0,0.0,-0.00426957210217,-0.00410853968443,0.606158093771,-3.02962453886,-480.41503631,-1.41549281969,2.12695741186,-33.1937761021,98.9159587228,285.228764557,244.457619496
