,points_in_feature,sphere_x_abs,sphere_y_abs,sphere_z_abs,sphere_radius,sphere_res_var,sphere_volume,sphere_x_rel,sphere_y_rel,sphere_z_resl,sphere_R,sphere_angle_raw,para_p1,para_p2,para_p3,para_p4,para_p5,para_alpha,para_beta,para_gamma,para_apex_x,para_apex_y,para_apex_z
0,203280.0,-70.4213313722,266.919560628,247.842047968,200.988434983,19.0657812382,34009622.7748,0.0,0.0,0.0,0.0,0.0,0.00398461321284,0.0035800498954,-2.16263732426,-1.82858971034,307.778825711,-0.349668069323,1.7783570515,-803.991047344,137.948876832,289.476187825,289.949437424
