,points_in_feature,sphere_x_abs,sphere_y_abs,sphere_z_abs,sphere_radius,sphere_res_var,sphere_volume,sphere_x_rel,sphere_y_rel,sphere_z_resl,sphere_R,sphere_angle_raw,para_p1,para_p2,para_p3,para_p4,para_p5,para_alpha,para_beta,para_gamma,para_apex_x,para_apex_y,para_apex_z
0,109802.0,-82.6026861718,304.735183416,228.043315125,175.489092052,1362.96361036,22638048.7262,0.0,0.0,0.0,0.0,0.0,0.000352427178885,7.33230922414e-05,0.121878563936,0.0402538162493,-32.7476575566,0.511085547859,-1.57295245138,91.5660312545,34.3522784877,276.801221434,172.715019313
1,10185.0,23.6913293243,458.786895194,278.952571049,31.341916657,86.2147681406,128963.04045,106.294015496,154.051711778,50.9092559249,193.964171874,71.7129005243,0.0,0.0,0.0,0.0,0.0,0.0,0.0,0.0,0.0,0.0,0.0
