,points_in_feature,sphere_x_abs,sphere_y_abs,sphere_z_abs,sphere_radius,sphere_res_var,sphere_volume,sphere_x_rel,sphere_y_rel,sphere_z_resl,sphere_R,sphere_angle_raw,para_p1,para_p2,para_p3,para_p4,para_p5,para_alpha,para_beta,para_gamma,para_apex_x,para_apex_y,para_apex_z
0,30225.0,-247.023061358,288.543340134,290.356923565,351.261639233,313.838741782,181543531.96,0.0,0.0,0.0,0.0,0.0,-5.04386192571e-05,-0.000219458610275,0.0321034557251,-0.0495174342959,2.47384827645,-0.23549794901,1.57148402309,28.5941240318,20.0446874575,111.474362857,318.253897784
