,points_in_feature,sphere_x_abs,sphere_y_abs,sphere_z_abs,sphere_radius,sphere_res_var,sphere_volume,sphere_x_rel,sphere_y_rel,sphere_z_resl,sphere_R,sphere_angle_raw,para_p1,para_p2,para_p3,para_p4,para_p5,para_alpha,para_beta,para_gamma,para_apex_x,para_apex_y,para_apex_z
0,195949.0,-98.7708854457,234.674778671,294.944286187,228.159208626,21.3061261625,49751091.6702,0.0,0.0,0.0,0.0,0.0,-0.00280209558013,-0.00312962409653,1.87911625065,-1.18607381355,-254.098626462,-1.32236665061,1.39905657939,98.6054024461,133.040517211,258.604536377,306.266346275
1,92780.0,-91.6428748606,409.043077074,187.133275339,223.581434481,125.633458975,46816163.8024,7.12801058505,174.368298404,-107.811010848,205.130022384,121.728285966,0.0,0.0,0.0,0.0,0.0,0.0,0.0,0.0,0.0,0.0,0.0
