,points_in_feature,sphere_x_abs,sphere_y_abs,sphere_z_abs,sphere_radius,sphere_res_var,sphere_volume,sphere_x_rel,sphere_y_rel,sphere_z_resl,sphere_R,sphere_angle_raw,para_p1,para_p2,para_p3,para_p4,para_p5,para_alpha,para_beta,para_gamma,para_apex_x,para_apex_y,para_apex_z
0,218055.0,-29.706930204,229.092589939,231.172608095,165.620730081,59.8366140597,19029732.941,0.0,0.0,0.0,0.0,0.0,-0.00474357239666,-0.00461945968251,2.93541828563,-1.06180777165,-324.598580921,-1.3693438333,1.13049073659,86.0998453841,142.959633713,251.456299778,248.155437236
