,points_in_feature,sphere_x_abs,sphere_y_abs,sphere_z_abs,sphere_radius,sphere_res_var,sphere_volume,sphere_x_rel,sphere_y_rel,sphere_z_resl,sphere_R,sphere_angle_raw,para_p1,para_p2,para_p3,para_p4,para_p5,para_alpha,para_beta,para_gamma,para_apex_x,para_apex_y,para_apex_z
0,99691.0,-101.354495914,273.037272866,255.860923888,170.575059892,5.11987051197,20789076.9431,0.0,0.0,0.0,0.0,0.0,-0.00335776771544,-0.00342456656303,-2.48639305343,0.485594096302,-394.391994587,-1.54743107613,-2.21459610966,92.6360331122,69.8793894995,283.577647315,252.419620182
