,points_in_feature,sphere_x_abs,sphere_y_abs,sphere_z_abs,sphere_radius,sphere_res_var,sphere_volume,sphere_x_rel,sphere_y_rel,sphere_z_resl,sphere_R,sphere_angle_raw,para_p1,para_p2,para_p3,para_p4,para_p5,para_alpha,para_beta,para_gamma,para_apex_x,para_apex_y,para_apex_z
0,25311.0,-23.1246901332,432.302017622,467.639351036,62.0101547902,287.622493134,998796.60072,0.0,0.0,0.0,0.0,0.0,0.000201016671115,0.000181833118226,-0.189639254603,-0.161860085542,67.404300076,-0.0391957546021,1.57596783591,219.950225399,10.7018725749,445.179186589,471.672760869
1,43100.0,31.4904862597,112.060917152,85.9039410302,60.3538011097,425.122774774,920878.834765,54.6151763929,-320.24110047,-381.735410006,501.257521814,219.993574864,0.0,0.0,0.0,0.0,0.0,0.0,0.0,0.0,0.0,0.0,0.0
2,12120.0,21.3780710637,23.9439390598,236.383451862,51.4302713709,336.359091343,569829.668039,44.5027611969,-408.358078562,-231.255899174,471.398034557,240.47683346,0.0,0.0,0.0,0.0,0.0,0.0,0.0,0.0,0.0,0.0,0.0
