,points_in_feature,sphere_x_abs,sphere_y_abs,sphere_z_abs,sphere_radius,sphere_res_var,sphere_volume,sphere_x_rel,sphere_y_rel,sphere_z_resl,sphere_R,sphere_angle_raw,para_p1,para_p2,para_p3,para_p4,para_p5,para_alpha,para_beta,para_gamma,para_apex_x,para_apex_y,para_apex_z
0,265891.0,-95.6356078974,259.483070031,257.233279845,240.02912758,332.23940964,57926921.5603,0.0,0.0,0.0,0.0,0.0,-0.00366664144022,-0.00181917558377,-0.656289192979,1.39217464008,-119.113997247,-1.62703159334,-1.05325901127,111.320109985,136.424315358,313.723075224,261.871621107
