,points_in_feature,sphere_x_abs,sphere_y_abs,sphere_z_abs,sphere_radius,sphere_res_var,sphere_volume,sphere_x_rel,sphere_y_rel,sphere_z_resl,sphere_R,sphere_angle_raw,para_p1,para_p2,para_p3,para_p4,para_p5,para_alpha,para_beta,para_gamma,para_apex_x,para_apex_y,para_apex_z
0,339.0,10.680235176,7.17759130901,498.677936897,13.9795017864,1.39358054376,11443.62693,0.0,0.0,0.0,0.0,0.0,-0.0475134340184,-0.13411052698,9.36949002616,-31.8329597254,-1859.8967178,0.226965560807,0.219048910581,-3.10119975421,13.7182452462,4.60028668275,514.476834295
1,343.0,10.9862261531,499.076891433,6.54063102191,13.4736051131,1.33191579808,10245.6626884,0.305990977133,491.899300124,-492.137305876,695.819044672,135.013857945,0.0,0.0,0.0,0.0,0.0,0.0,0.0,0.0,0.0,0.0,0.0
2,866.0,8.1692785386,105.732289498,110.681294697,11.0396564614,11.3119661344,5635.79628193,-2.5109566374,98.554698189,-387.9966422,400.325777083,165.747766005,0.0,0.0,0.0,0.0,0.0,0.0,0.0,0.0,0.0,0.0,0.0
