,points_in_feature,sphere_x_abs,sphere_y_abs,sphere_z_abs,sphere_radius,sphere_res_var,sphere_volume,sphere_x_rel,sphere_y_rel,sphere_z_resl,sphere_R,sphere_angle_raw,para_p1,para_p2,para_p3,para_p4,para_p5,para_alpha,para_beta,para_gamma,para_apex_x,para_apex_y,para_apex_z
0,124737.0,-133.009141732,272.820299138,281.303894251,216.931673043,17.2802851843,42761950.488,0.0,0.0,0.0,0.0,0.0,0.00279644458355,0.00262879745023,-1.1385366228,-1.72251728845,328.61382078,-1.21425328406,1.34119654987,-583.13579254,84.3639790988,278.446145352,262.584326559
