,points_in_feature,sphere_x_abs,sphere_y_abs,sphere_z_abs,sphere_radius,sphere_res_var,sphere_volume,sphere_x_rel,sphere_y_rel,sphere_z_resl,sphere_R,sphere_angle_raw,para_p1,para_p2,para_p3,para_p4,para_p5,para_alpha,para_beta,para_gamma,para_apex_x,para_apex_y,para_apex_z
0,104134.0,-201.622053189,266.752431017,254.215540085,246.867235928,21.7958297328,63020083.267,0.0,0.0,0.0,0.0,0.0,-0.00222913267758,-0.00158371295438,-1.71447664174,0.252364654684,-252.153333765,1.58729713904,-0.877123352148,76.8177023729,38.7846619183,317.717091126,243.832075046
