,points_in_feature,sphere_x_abs,sphere_y_abs,sphere_z_abs,sphere_radius,sphere_res_var,sphere_volume,sphere_x_rel,sphere_y_rel,sphere_z_resl,sphere_R,sphere_angle_raw,para_p1,para_p2,para_p3,para_p4,para_p5,para_alpha,para_beta,para_gamma,para_apex_x,para_apex_y,para_apex_z
0,64756.0,79.0491241853,198.984597468,183.797659332,101.298013796,574.209844463,4354029.82186,0.0,0.0,0.0,0.0,0.0,-0.000612861781786,0.000305132694865,0.0133860391821,-0.157002157109,3.22593170464,-1.56135295816,0.915018417874,51.8246147513,17.0251801253,197.321526737,165.427597527
1,7340.0,10.1517615721,363.867519241,323.554182533,37.3291485989,210.19678008,217887.774649,-68.8973626132,164.882921773,139.756523201,226.859230019,49.7150339615,0.0,0.0,0.0,0.0,0.0,0.0,0.0,0.0,0.0,0.0,0.0
