,points_in_feature,sphere_x_abs,sphere_y_abs,sphere_z_abs,sphere_radius,sphere_res_var,sphere_volume,sphere_x_rel,sphere_y_rel,sphere_z_resl,sphere_R,sphere_angle_raw,para_p1,para_p2,para_p3,para_p4,para_p5,para_alpha,para_beta,para_gamma,para_apex_x,para_apex_y,para_apex_z
0,184062.0,-2076.16971161,248.486740706,271.584602345,2102.1562011,23.803112755,38912000511.6,0.0,0.0,0.0,0.0,0.0,5.49303130039e-05,8.03457162237e-05,0.0393747904165,0.0614286398237,-12.4163140896,-0.275787326161,-1.58449797824,2.83990505529,16.6024957215,381.494308307,360.210857788
