,points_in_feature,sphere_x_abs,sphere_y_abs,sphere_z_abs,sphere_radius,sphere_res_var,sphere_volume,sphere_x_rel,sphere_y_rel,sphere_z_resl,sphere_R,sphere_angle_raw,para_p1,para_p2,para_p3,para_p4,para_p5,para_alpha,para_beta,para_gamma,para_apex_x,para_apex_y,para_apex_z
0,174429.0,-94.5967228077,270.782130789,242.608134739,192.132416882,4.33646596065,29709171.922,0.0,0.0,0.0,0.0,0.0,-0.00347952653941,-0.00323119219289,1.69886594323,-1.79419287414,-331.856401701,0.250394610917,1.49820677915,90.8335552251,100.840442286,275.435912982,257.222882564
