,points_in_feature,sphere_x_abs,sphere_y_abs,sphere_z_abs,sphere_radius,sphere_res_var,sphere_volume,sphere_x_rel,sphere_y_rel,sphere_z_resl,sphere_R,sphere_angle_raw,para_p1,para_p2,para_p3,para_p4,para_p5,para_alpha,para_beta,para_gamma,para_apex_x,para_apex_y,para_apex_z
0,52695.0,-155.408979521,443.760527653,158.624079574,245.923657309,67.2311963252,62300213.6536,0.0,0.0,0.0,0.0,0.0,-0.00313907558914,-0.00113535602962,-0.769078934348,-1.16458301359,-283.721982231,-1.38792738662,2.13348311207,111.423499276,103.823032566,495.683235336,159.403354322
1,143430.0,-141.526165806,249.866941423,276.701168434,231.733529013,21.4318931238,52126100.3351,13.8828137149,-193.89358623,118.077088861,227.441540206,301.340529865,0.0,0.0,0.0,0.0,0.0,0.0,0.0,0.0,0.0,0.0,0.0
