,points_in_feature,sphere_x_abs,sphere_y_abs,sphere_z_abs,sphere_radius,sphere_res_var,sphere_volume,sphere_x_rel,sphere_y_rel,sphere_z_resl,sphere_R,sphere_angle_raw,para_p1,para_p2,para_p3,para_p4,para_p5,para_alpha,para_beta,para_gamma,para_apex_x,para_apex_y,para_apex_z
0,163363.0,-66.1509753072,293.624298213,274.576675341,172.864893743,13.7905845499,21637596.6101,0.0,0.0,0.0,0.0,0.0,0.00386501393721,0.00374231985869,1.25040384548,2.76103817979,492.869473513,1.35233338377,-1.24277535741,73.5320524179,109.200450502,309.906224893,260.950176537
