,points_in_feature,sphere_x_abs,sphere_y_abs,sphere_z_abs,sphere_radius,sphere_res_var,sphere_volume,sphere_x_rel,sphere_y_rel,sphere_z_resl,sphere_R,sphere_angle_raw,para_p1,para_p2,para_p3,para_p4,para_p5,para_alpha,para_beta,para_gamma,para_apex_x,para_apex_y,para_apex_z
0,108494.0,-149.097572824,249.593794841,278.8682302,217.600706488,42.3346535225,43158815.0614,0.0,0.0,0.0,0.0,0.0,0.00220121380575,0.00253609597082,1.41954573981,1.19916333117,245.798684505,0.222055400691,-1.77756034191,-197.690533718,60.7441901532,250.861654888,329.884046879
1,44665.0,-140.875622035,448.512679212,156.081550217,214.278907704,103.256417934,41212302.6907,8.22195078972,198.918884371,-122.786679983,233.907870358,121.685793128,0.0,0.0,0.0,0.0,0.0,0.0,0.0,0.0,0.0,0.0,0.0
