,points_in_feature,sphere_x_abs,sphere_y_abs,sphere_z_abs,sphere_radius,sphere_res_var,sphere_volume,sphere_x_rel,sphere_y_rel,sphere_z_resl,sphere_R,sphere_angle_raw,para_p1,para_p2,para_p3,para_p4,para_p5,para_alpha,para_beta,para_gamma,para_apex_x,para_apex_y,para_apex_z
0,131592.0,-40.1915060261,263.295117552,228.109127791,147.776501572,1262.49082167,13517760.6424,0.0,0.0,0.0,0.0,0.0,0.000218077792118,0.000281625114654,-0.0656569177524,-0.124807699208,-8.59983941431,0.113417253098,1.54071775956,75.2995739887,35.1202688169,221.600046466,148.89544362
