,points_in_feature,sphere_x_abs,sphere_y_abs,sphere_z_abs,sphere_radius,sphere_res_var,sphere_volume,sphere_x_rel,sphere_y_rel,sphere_z_resl,sphere_R,sphere_angle_raw,para_p1,para_p2,para_p3,para_p4,para_p5,para_alpha,para_beta,para_gamma,para_apex_x,para_apex_y,para_apex_z
0,77566.0,-95.6696048371,326.43585863,257.704697532,174.410944091,22.1313592733,22223364.4312,0.0,0.0,0.0,0.0,0.0,0.00308587555746,0.00360279918903,0.131011624652,2.99027909895,546.00244787,1.56341110698,-0.956177438955,80.1095029326,78.5623467303,326.426759569,256.318282196
1,52942.0,-98.7616799183,172.36911411,158.237563589,147.012683441,35.2124539918,13309232.8714,-3.09207508119,-154.06674452,-99.4671339426,183.411650202,237.153281674,0.0,0.0,0.0,0.0,0.0,0.0,0.0,0.0,0.0,0.0,0.0
