,points_in_feature,sphere_x_abs,sphere_y_abs,sphere_z_abs,sphere_radius,sphere_res_var,sphere_volume,sphere_x_rel,sphere_y_rel,sphere_z_resl,sphere_R,sphere_angle_raw,para_p1,para_p2,para_p3,para_p4,para_p5,para_alpha,para_beta,para_gamma,para_apex_x,para_apex_y,para_apex_z
0,61374.0,-117.553590821,425.726292522,160.247174648,233.07213872,113.143871678,53034648.3284,0.0,0.0,0.0,0.0,0.0,-0.00334816925594,-0.000993018430075,0.6106503818,0.871296043156,-220.258998688,0.872488002622,-2.09634953594,101.652499116,106.754653116,425.756090003,90.1113415272
1,177871.0,-115.700752469,246.712574313,277.629240534,230.724120873,23.257530727,51447894.8453,1.8528383526,-179.013718209,117.382065886,214.074505041,303.253476014,0.0,0.0,0.0,0.0,0.0,0.0,0.0,0.0,0.0,0.0,0.0
