,points_in_feature,sphere_x_abs,sphere_y_abs,sphere_z_abs,sphere_radius,sphere_res_var,sphere_volume,sphere_x_rel,sphere_y_rel,sphere_z_resl,sphere_R,sphere_angle_raw,para_p1,para_p2,para_p3,para_p4,para_p5,para_alpha,para_beta,para_gamma,para_apex_x,para_apex_y,para_apex_z
0,239704.0,-78.855211714,245.023195836,241.64161452,212.386191083,33.6165719069,40129840.9499,0.0,0.0,0.0,0.0,0.0,-0.00337801163622,-0.00330542020755,2.10443651657,-1.16237296923,-216.428286666,-1.21631605427,1.25422708425,123.571833104,135.376359738,288.988365634,267.750275789
