,points_in_feature,sphere_x_abs,sphere_y_abs,sphere_z_abs,sphere_radius,sphere_res_var,sphere_volume,sphere_x_rel,sphere_y_rel,sphere_z_resl,sphere_R,sphere_angle_raw,para_p1,para_p2,para_p3,para_p4,para_p5,para_alpha,para_beta,para_gamma,para_apex_x,para_apex_y,para_apex_z
0,187273.0,-38.7949778293,292.219656793,275.254283449,170.982007696,14.5419473746,20938224.2239,0.0,0.0,0.0,0.0,0.0,-0.00402933484416,-0.0042792972601,3.16218799787,-0.79366744058,-460.32282758,-1.48949910689,0.976630537247,92.454626702,136.343747707,320.977889192,282.353997463
