,points_in_feature,sphere_x_abs,sphere_y_abs,sphere_z_abs,sphere_radius,sphere_res_var,sphere_volume,sphere_x_rel,sphere_y_rel,sphere_z_resl,sphere_R,sphere_angle_raw,para_p1,para_p2,para_p3,para_p4,para_p5,para_alpha,para_beta,para_gamma,para_apex_x,para_apex_y,para_apex_z
0,132140.0,-98.9913579326,294.644697764,273.378394953,179.536288822,13.2140893658,24240710.2434,0.0,0.0,0.0,0.0,0.0,-0.00345043637711,-0.00328686580196,-2.44771132379,1.08149214574,-475.616303957,-1.26520724758,-2.00851667427,105.524122491,80.5333769698,294.598035801,248.701136628
