,points_in_feature,sphere_x_abs,sphere_y_abs,sphere_z_abs,sphere_radius,sphere_res_var,sphere_volume,sphere_x_rel,sphere_y_rel,sphere_z_resl,sphere_R,sphere_angle_raw,para_p1,para_p2,para_p3,para_p4,para_p5,para_alpha,para_beta,para_gamma,para_apex_x,para_apex_y,para_apex_z
0,167042.0,-112.606351256,271.775892175,282.556650039,216.767884772,7.49107923146,42665164.9098,0.0,0.0,0.0,0.0,0.0,-0.00321180591941,-0.00297436336201,0.675343023249,-2.24700339006,-350.366450072,-1.30825251264,2.07487272617,123.742031222,107.597184179,298.943722061,254.520427321
