,points_in_feature,sphere_x_abs,sphere_y_abs,sphere_z_abs,sphere_radius,sphere_res_var,sphere_volume,sphere_x_rel,sphere_y_rel,sphere_z_resl,sphere_R,sphere_angle_raw,para_p1,para_p2,para_p3,para_p4,para_p5,para_alpha,para_beta,para_gamma,para_apex_x,para_apex_y,para_apex_z
0,256600.0,-49.4166385662,269.407232886,283.775571398,206.457948035,10.6152872226,36862384.8696,0.0,0.0,0.0,0.0,0.0,0.00381552719959,0.00374767070152,-2.41056551071,-1.75053733835,403.93000457,1.3030857472,1.43230418183,17.4737390009,171.716214576,286.317807895,275.153422692
