,points_in_feature,sphere_x_abs,sphere_y_abs,sphere_z_abs,sphere_radius,sphere_res_var,sphere_volume,sphere_x_rel,sphere_y_rel,sphere_z_resl,sphere_R,sphere_angle_raw,para_p1,para_p2,para_p3,para_p4,para_p5,para_alpha,para_beta,para_gamma,para_apex_x,para_apex_y,para_apex_z
0,208970.0,-89.0283465401,242.759969424,279.257591508,228.301843399,30.4585902387,49844456.3809,0.0,0.0,0.0,0.0,0.0,-0.00286330819546,-0.0033272521934,1.97031840255,-1.01193468579,-237.049876807,-1.52203870092,1.2654698073,469.502161755,143.852819027,267.410158503,285.1123529
1,60402.0,-55.1877693181,408.984129483,143.870700214,193.220608191,145.840259752,30216832.9505,33.840577222,166.224160059,-135.386891294,217.037476921,129.162259102,0.0,0.0,0.0,0.0,0.0,0.0,0.0,0.0,0.0,0.0,0.0
