,points_in_feature,sphere_x_abs,sphere_y_abs,sphere_z_abs,sphere_radius,sphere_res_var,sphere_volume,sphere_x_rel,sphere_y_rel,sphere_z_resl,sphere_R,sphere_angle_raw,para_p1,para_p2,para_p3,para_p4,para_p5,para_alpha,para_beta,para_gamma,para_apex_x,para_apex_y,para_apex_z
0,221055.0,-116.648858996,275.112448116,232.348155555,241.351487184,376.840295479,58889592.2154,0.0,0.0,0.0,0.0,0.0,-0.00324483383307,-0.00146656104654,-0.35376283776,1.14788569664,-86.6314117814,1.53846976478,-2.10305876536,114.512690364,111.005617035,326.382814199,243.050804032
