,points_in_feature,sphere_x_abs,sphere_y_abs,sphere_z_abs,sphere_radius,sphere_res_var,sphere_volume,sphere_x_rel,sphere_y_rel,sphere_z_resl,sphere_R,sphere_angle_raw,para_p1,para_p2,para_p3,para_p4,para_p5,para_alpha,para_beta,para_gamma,para_apex_x,para_apex_y,para_apex_z
0,211757.0,-66.995172791,270.831611578,242.658834592,189.974277158,4.52193116529,28719244.5305,0.0,0.0,0.0,0.0,0.0,0.00368654271779,0.00357357471417,-2.09696436573,-1.63601587061,349.897521457,-1.46829990061,1.73237304898,-557.742160834,129.252458608,272.555243092,246.302947572
