,points_in_feature,sphere_x_abs,sphere_y_abs,sphere_z_abs,sphere_radius,sphere_res_var,sphere_volume,sphere_x_rel,sphere_y_rel,sphere_z_resl,sphere_R,sphere_angle_raw,para_p1,para_p2,para_p3,para_p4,para_p5,para_alpha,para_beta,para_gamma,para_apex_x,para_apex_y,para_apex_z
0,178922.0,-137.029868584,277.728037576,229.742620078,239.303969842,385.044789575,57403492.8686,0.0,0.0,0.0,0.0,0.0,0.00265249363048,0.0010742842291,-0.295980190938,-0.838835381489,68.3708220073,1.53039611835,2.10375341953,105.229016428,83.3087246703,312.478447657,248.383147033
