,points_in_feature,sphere_x_abs,sphere_y_abs,sphere_z_abs,sphere_radius,sphere_res_var,sphere_volume,sphere_x_rel,sphere_y_rel,sphere_z_resl,sphere_R,sphere_angle_raw,para_p1,para_p2,para_p3,para_p4,para_p5,para_alpha,para_beta,para_gamma,para_apex_x,para_apex_y,para_apex_z
0,110688.0,-137.844822914,258.745921009,250.839303458,204.002107069,14.4375411187,35562523.3337,0.0,0.0,0.0,0.0,0.0,0.00279074208608,0.00418112039084,0.10210756226,3.09873701537,348.696028593,1.90012255536,-0.884600272696,-58.241798584,55.0617513773,325.485357715,282.710895169
