,points_in_feature,sphere_x_abs,sphere_y_abs,sphere_z_abs,sphere_radius,sphere_res_var,sphere_volume,sphere_x_rel,sphere_y_rel,sphere_z_resl,sphere_R,sphere_angle_raw,para_p1,para_p2,para_p3,para_p4,para_p5,para_alpha,para_beta,para_gamma,para_apex_x,para_apex_y,para_apex_z
0,205702.0,-99.4360207607,247.790172759,244.059737707,210.699614547,30.5963220688,39181389.4286,0.0,0.0,0.0,0.0,0.0,0.00344349454422,0.00314315008424,2.50871178891,0.100644335627,245.036614154,1.36794070061,-2.35964544893,79.7349478623,108.998296439,300.247952266,275.963355168
