,points_in_feature,sphere_x_abs,sphere_y_abs,sphere_z_abs,sphere_radius,sphere_res_var,sphere_volume,sphere_x_rel,sphere_y_rel,sphere_z_resl,sphere_R,sphere_angle_raw,para_p1,para_p2,para_p3,para_p4,para_p5,para_alpha,para_beta,para_gamma,para_apex_x,para_apex_y,para_apex_z
0,266671.0,-93.1004921287,273.740996101,233.817078488,241.402035009,377.991959279,58926600.866,0.0,0.0,0.0,0.0,0.0,0.00356322167419,0.00178195839129,-0.513554551818,-1.3530995013,98.3750374558,1.59169263353,2.06801514352,86.2474937244,139.760224128,319.788443943,242.628169133
