,points_in_feature,sphere_x_abs,sphere_y_abs,sphere_z_abs,sphere_radius,sphere_res_var,sphere_volume,sphere_x_rel,sphere_y_rel,sphere_z_resl,sphere_R,sphere_angle_raw,para_p1,para_p2,para_p3,para_p4,para_p5,para_alpha,para_beta,para_gamma,para_apex_x,para_apex_y,para_apex_z
0,214624.0,-78.7167222791,270.147590244,283.821982274,209.681549229,9.43486117617,38616175.4934,0.0,0.0,0.0,0.0,0.0,0.00353217007354,0.0033758541592,-1.00226231083,-2.47270855768,379.488443565,-1.36498804834,1.14732158823,-162.0758825,139.876721748,292.512839623,264.5380176
