,points_in_feature,sphere_x_abs,sphere_y_abs,sphere_z_abs,sphere_radius,sphere_res_var,sphere_volume,sphere_x_rel,sphere_y_rel,sphere_z_resl,sphere_R,sphere_angle_raw,para_p1,para_p2,para_p3,para_p4,para_p5,para_alpha,para_beta,para_gamma,para_apex_x,para_apex_y,para_apex_z
0,232830.0,-22.5873423379,290.234821098,274.74445497,171.99099795,16.7759789974,21311094.6815,0.0,0.0,0.0,0.0,0.0,-0.00470160115009,-0.0049011049836,-3.54807216338,1.37726742295,-556.139603506,1.52160068399,-1.11056919227,271.564366086,161.222479878,318.820521093,280.322292583
