,points_in_feature,sphere_x_abs,sphere_y_abs,sphere_z_abs,sphere_radius,sphere_res_var,sphere_volume,sphere_x_rel,sphere_y_rel,sphere_z_resl,sphere_R,sphere_angle_raw,para_p1,para_p2,para_p3,para_p4,para_p5,para_alpha,para_beta,para_gamma,para_apex_x,para_apex_y,para_apex_z
0,130388.0,-125.067254651,270.915580252,243.791173629,196.886493523,4.24881383268,31969539.6447,0.0,0.0,0.0,0.0,0.0,0.00324045365236,0.00286954480376,1.52823774205,1.6815561572,315.487938348,-0.558483331534,-1.69560591478,96.7877522423,72.5059139577,279.804373678,265.022816184
