,points_in_feature,sphere_x_abs,sphere_y_abs,sphere_z_abs,sphere_radius,sphere_res_var,sphere_volume,sphere_x_rel,sphere_y_rel,sphere_z_resl,sphere_R,sphere_angle_raw,para_p1,para_p2,para_p3,para_p4,para_p5,para_alpha,para_beta,para_gamma,para_apex_x,para_apex_y,para_apex_z
0,239815.0,-43.9814503142,270.896444709,242.977193815,188.323057641,6.57700906591,27976868.3872,0.0,0.0,0.0,0.0,0.0,-0.00399802173237,-0.00393702546875,-2.51395000262,1.41972001503,-375.774831421,-1.45163061774,-1.89842023449,136.763464618,154.12405512,272.717145625,234.427789638
