,points_in_feature,sphere_x_abs,sphere_y_abs,sphere_z_abs,sphere_radius,sphere_res_var,sphere_volume,sphere_x_rel,sphere_y_rel,sphere_z_resl,sphere_R,sphere_angle_raw,para_p1,para_p2,para_p3,para_p4,para_p5,para_alpha,para_beta,para_gamma,para_apex_x,para_apex_y,para_apex_z
0,225878.0,-104.957024058,260.698637293,259.941151471,229.067131847,25.1642451818,50347387.8831,0.0,0.0,0.0,0.0,0.0,0.0030483945919,0.00287392842486,2.25669032705,0.514305399481,260.433818165,-1.68914122954,-1.00069933565,-312.80839087,128.974121578,291.822761174,275.135284481
