,points_in_feature,sphere_x_abs,sphere_y_abs,sphere_z_abs,sphere_radius,sphere_res_var,sphere_volume,sphere_x_rel,sphere_y_rel,sphere_z_resl,sphere_R,sphere_angle_raw,para_p1,para_p2,para_p3,para_p4,para_p5,para_alpha,para_beta,para_gamma,para_apex_x,para_apex_y,para_apex_z
0,213053.0,-34.3085417629,255.873740211,240.547275918,189.351513853,22.5531160462,28437731.8112,0.0,0.0,0.0,0.0,0.0,-0.00406471139711,-0.00470981893931,2.67468346039,-1.23678296877,-317.487817438,-1.35713005113,1.13055039252,23.3346215913,172.125660324,262.766138461,261.36650634
1,36681.0,-88.0936197169,35.0839002891,155.234328565,152.79055194,437.133834101,14940946.4273,-53.785077954,-220.789839922,-85.3129473532,242.732954107,248.873523736,0.0,0.0,0.0,0.0,0.0,0.0,0.0,0.0,0.0,0.0,0.0
