,points_in_feature,sphere_x_abs,sphere_y_abs,sphere_z_abs,sphere_radius,sphere_res_var,sphere_volume,sphere_x_rel,sphere_y_rel,sphere_z_resl,sphere_R,sphere_angle_raw,para_p1,para_p2,para_p3,para_p4,para_p5,para_alpha,para_beta,para_gamma,para_apex_x,para_apex_y,para_apex_z
0,167237.0,-119.528263716,265.804346289,260.608439831,220.179374147,4.15622196688,44711424.6455,0.0,0.0,0.0,0.0,0.0,0.00293338885387,0.00313426146221,-0.697195530642,-2.30419975098,300.408644969,1.37499546351,2.0301333214,105.294241583,104.954440795,294.229009732,280.565006747
