,points_in_feature,sphere_x_abs,sphere_y_abs,sphere_z_abs,sphere_radius,sphere_res_var,sphere_volume,sphere_x_rel,sphere_y_rel,sphere_z_resl,sphere_R,sphere_angle_raw,para_p1,para_p2,para_p3,para_p4,para_p5,para_alpha,para_beta,para_gamma,para_apex_x,para_apex_y,para_apex_z
0,229670.0,-84.753773294,253.346511403,257.342410608,209.678321143,42.6220608783,38614392.0115,0.0,0.0,0.0,0.0,0.0,-0.00367546012166,-0.00270514488934,-2.58860044737,0.53802023335,-331.270519086,1.37656762427,-1.08184117346,372.110918359,127.549737485,250.594863837,278.765705173
