,points_in_feature,sphere_x_abs,sphere_y_abs,sphere_z_abs,sphere_radius,sphere_res_var,sphere_volume,sphere_x_rel,sphere_y_rel,sphere_z_resl,sphere_R,sphere_angle_raw,para_p1,para_p2,para_p3,para_p4,para_p5,para_alpha,para_beta,para_gamma,para_apex_x,para_apex_y,para_apex_z
0,235951.0,-65.3752092376,257.001692325,252.211793075,202.830062066,11.1546789654,34953090.3795,0.0,0.0,0.0,0.0,0.0,0.00347513995677,0.00386336369074,-0.331772839317,-2.80960729665,322.866330598,1.4409937363,2.21418035379,-202.634670114,146.610438257,280.408786411,269.704929935
