,points_in_feature,sphere_x_abs,sphere_y_abs,sphere_z_abs,sphere_radius,sphere_res_var,sphere_volume,sphere_x_rel,sphere_y_rel,sphere_z_resl,sphere_R,sphere_angle_raw,para_p1,para_p2,para_p3,para_p4,para_p5,para_alpha,para_beta,para_gamma,para_apex_x,para_apex_y,para_apex_z
0,152181.0,-80.9794702287,255.234084542,240.389827937,190.395871075,26.2164913724,28910871.7678,0.0,0.0,0.0,0.0,0.0,0.00331116490464,0.00382476463496,-2.17095591981,-0.968869948051,299.76521651,-1.55902963818,2.01615514188,102.089208217,115.718419585,255.740999555,241.883733824
