,points_in_feature,sphere_x_abs,sphere_y_abs,sphere_z_abs,sphere_radius,sphere_res_var,sphere_volume,sphere_x_rel,sphere_y_rel,sphere_z_resl,sphere_R,sphere_angle_raw,para_p1,para_p2,para_p3,para_p4,para_p5,para_alpha,para_beta,para_gamma,para_apex_x,para_apex_y,para_apex_z
0,163645.0,-106.814974181,259.721777455,254.848808366,206.768624208,5.04133670131,37029046.0227,0.0,0.0,0.0,0.0,0.0,0.00304779636575,0.00337888554513,-0.34547597608,-2.500993836,320.875874182,-1.65435220998,0.962076657444,-111.583495744,104.131184733,286.928677177,264.622926473
