,points_in_feature,sphere_x_abs,sphere_y_abs,sphere_z_abs,sphere_radius,sphere_res_var,sphere_volume,sphere_x_rel,sphere_y_rel,sphere_z_resl,sphere_R,sphere_angle_raw,para_p1,para_p2,para_p3,para_p4,para_p5,para_alpha,para_beta,para_gamma,para_apex_x,para_apex_y,para_apex_z
0,226494.0,-21.3065779746,234.050776655,239.415296958,149.514126762,1953.91204147,14000234.0259,0.0,0.0,0.0,0.0,0.0,7.05215545626e-05,0.000143137889456,-0.0423890170393,-0.0643795292235,-27.3340624586,-0.748381416228,1.59782521105,88.7078293708,33.8378107334,230.559835592,297.104918604
