,points_in_feature,sphere_x_abs,sphere_y_abs,sphere_z_abs,sphere_radius,sphere_res_var,sphere_volume,sphere_x_rel,sphere_y_rel,sphere_z_resl,sphere_R,sphere_angle_raw,para_p1,para_p2,para_p3,para_p4,para_p5,para_alpha,para_beta,para_gamma,para_apex_x,para_apex_y,para_apex_z
0,207541.0,-97.5869611634,267.54816881,267.258232965,216.786420082,9.4681149291,42676110.4381,0.0,0.0,0.0,0.0,0.0,-0.0028740548859,-0.00327209278634,-0.0177045056328,2.52875877763,-331.467897148,-1.49747685708,-0.797409443379,117.792989331,123.66930172,283.948575232,279.453288885
1,24372.0,-73.2849447187,142.569029817,150.474538626,118.725116214,82.570232753,7009974.19725,24.3020164446,-124.979138994,-116.783694339,172.768065482,226.941508731,0.0,0.0,0.0,0.0,0.0,0.0,0.0,0.0,0.0,0.0,0.0
