,points_in_feature,sphere_x_abs,sphere_y_abs,sphere_z_abs,sphere_radius,sphere_res_var,sphere_volume,sphere_x_rel,sphere_y_rel,sphere_z_resl,sphere_R,sphere_angle_raw,para_p1,para_p2,para_p3,para_p4,para_p5,para_alpha,para_beta,para_gamma,para_apex_x,para_apex_y,para_apex_z
0,127096.0,208.840687823,291.819626343,170.192589582,248.708772722,518.48371028,64440948.2761,0.0,0.0,0.0,0.0,0.0,-0.000229984170128,-3.62413560953e-05,0.110801692491,0.0156145105556,-23.6964091387,-1.47564858477,2.0812515844,-312.636959713,14.3222555179,305.138897153,105.809520404
1,44226.0,194.39810994,242.272901262,321.208075605,212.720561043,215.069069935,40319674.6104,-14.4425778826,-49.5467250815,151.015486023,159.590548094,341.83583533,0.0,0.0,0.0,0.0,0.0,0.0,0.0,0.0,0.0,0.0,0.0
