,points_in_feature,sphere_x_abs,sphere_y_abs,sphere_z_abs,sphere_radius,sphere_res_var,sphere_volume,sphere_x_rel,sphere_y_rel,sphere_z_resl,sphere_R,sphere_angle_raw,para_p1,para_p2,para_p3,para_p4,para_p5,para_alpha,para_beta,para_gamma,para_apex_x,para_apex_y,para_apex_z
0,224525.0,-162.274972515,263.588525806,288.739651288,235.579553229,482.954609669,54764785.4715,0.0,0.0,0.0,0.0,0.0,-0.000340232878255,-0.000466849858916,0.0352892114232,-0.388580795547,-35.3702130258,1.54749492211,0.844689427585,95.8182906966,36.6150069985,277.500755865,315.746046146
