,points_in_feature,sphere_x_abs,sphere_y_abs,sphere_z_abs,sphere_radius,sphere_res_var,sphere_volume,sphere_x_rel,sphere_y_rel,sphere_z_resl,sphere_R,sphere_angle_raw,para_p1,para_p2,para_p3,para_p4,para_p5,para_alpha,para_beta,para_gamma,para_apex_x,para_apex_y,para_apex_z
0,185258.0,-135.538555506,251.344032552,280.057544445,232.870560633,23.885682016,52897162.4029,0.0,0.0,0.0,0.0,0.0,-0.00291685469187,-0.00229220623043,1.49182205747,-1.28922219956,-264.700311242,-1.44694863101,1.65683676614,111.361108214,99.3214080095,262.791797652,277.620390989
