,points_in_feature,sphere_x_abs,sphere_y_abs,sphere_z_abs,sphere_radius,sphere_res_var,sphere_volume,sphere_x_rel,sphere_y_rel,sphere_z_resl,sphere_R,sphere_angle_raw,para_p1,para_p2,para_p3,para_p4,para_p5,para_alpha,para_beta,para_gamma,para_apex_x,para_apex_y,para_apex_z
0,312689.0,-146.717984827,256.919795992,267.86293625,240.560763426,307.866736734,58312678.341,0.0,0.0,0.0,0.0,0.0,0.00102910729601,0.00107847791677,-0.594900577865,-0.557713839464,78.1119168465,-0.0236744770085,1.61142275962,100.547581549,66.3394981284,259.319263886,291.796991272
