,points_in_feature,sphere_x_abs,sphere_y_abs,sphere_z_abs,sphere_radius,sphere_res_var,sphere_volume,sphere_x_rel,sphere_y_rel,sphere_z_resl,sphere_R,sphere_angle_raw,para_p1,para_p2,para_p3,para_p4,para_p5,para_alpha,para_beta,para_gamma,para_apex_x,para_apex_y,para_apex_z
0,74829.0,-186.073495605,252.748261747,272.823596423,238.258814905,21.3596628255,56654647.4206,0.0,0.0,0.0,0.0,0.0,0.00278857799384,0.00200732150759,-0.639638319095,-1.52106682629,242.7194215,-1.31202386719,1.11456885979,7.39942675347,44.526467903,310.491325155,255.064994642
1,5673.0,249.079908542,190.535146408,245.904807183,206.282988215,9.53382085638,36768748.7703,435.153404147,-62.2131153386,-26.9187892401,440.401609982,246.60250542,0.0,0.0,0.0,0.0,0.0,0.0,0.0,0.0,0.0,0.0,0.0
