,points_in_feature,sphere_x_abs,sphere_y_abs,sphere_z_abs,sphere_radius,sphere_res_var,sphere_volume,sphere_x_rel,sphere_y_rel,sphere_z_resl,sphere_R,sphere_angle_raw,para_p1,para_p2,para_p3,para_p4,para_p5,para_alpha,para_beta,para_gamma,para_apex_x,para_apex_y,para_apex_z
0,244384.0,-48.6520400894,252.413955002,258.121707079,194.848441618,46.9490767761,30986991.9539,0.0,0.0,0.0,0.0,0.0,0.00431764155428,0.00319281008508,-3.00313120764,-0.658397242529,383.042554745,1.69572758632,1.08756231818,123.964870777,153.3316311,254.744285071,270.441255687
