,points_in_feature,sphere_x_abs,sphere_y_abs,sphere_z_abs,sphere_radius,sphere_res_var,sphere_volume,sphere_x_rel,sphere_y_rel,sphere_z_resl,sphere_R,sphere_angle_raw,para_p1,para_p2,para_p3,para_p4,para_p5,para_alpha,para_beta,para_gamma,para_apex_x,para_apex_y,para_apex_z
0,266016.0,-93.8211721068,257.98684601,259.024678259,233.684409668,40.4119367915,53453706.7893,0.0,0.0,0.0,0.0,0.0,0.00315788513957,0.00295567383478,2.23958296926,0.799586995674,238.049012675,1.42123408498,-2.02135642831,-253.208096776,144.795771691,304.917703703,274.796254778
