,points_in_feature,sphere_x_abs,sphere_y_abs,sphere_z_abs,sphere_radius,sphere_res_var,sphere_volume,sphere_x_rel,sphere_y_rel,sphere_z_resl,sphere_R,sphere_angle_raw,para_p1,para_p2,para_p3,para_p4,para_p5,para_alpha,para_beta,para_gamma,para_apex_x,para_apex_y,para_apex_z
0,278222.0,-102.531671802,253.039321899,254.736031588,241.516062475,117.114400406,59010143.1442,0.0,0.0,0.0,0.0,0.0,-0.00278462867588,-0.00309101736788,2.13619841841,-0.269434900132,-159.097141781,-1.29133300546,0.856389504804,29.3974373255,133.707102525,318.806008885,308.682020816
