,points_in_feature,sphere_x_abs,sphere_y_abs,sphere_z_abs,sphere_radius,sphere_res_var,sphere_volume,sphere_x_rel,sphere_y_rel,sphere_z_resl,sphere_R,sphere_angle_raw,para_p1,para_p2,para_p3,para_p4,para_p5,para_alpha,para_beta,para_gamma,para_apex_x,para_apex_y,para_apex_z
0,214789.0,-78.9085391678,257.709511061,253.222158973,204.477922712,9.99954687204,35811942.8559,0.0,0.0,0.0,0.0,0.0,-0.00372573789961,-0.00334213656607,-2.71589004261,-0.393511918977,-325.915376485,1.48749060411,-0.607159379328,120.798328353,133.828505636,280.964814712,268.471394506
