,points_in_feature,sphere_x_abs,sphere_y_abs,sphere_z_abs,sphere_radius,sphere_res_var,sphere_volume,sphere_x_rel,sphere_y_rel,sphere_z_resl,sphere_R,sphere_angle_raw,para_p1,para_p2,para_p3,para_p4,para_p5,para_alpha,para_beta,para_gamma,para_apex_x,para_apex_y,para_apex_z
0,215722.0,-76.4244669037,242.929223718,230.560642176,209.35930178,260.325820544,38438408.072,0.0,0.0,0.0,0.0,0.0,0.00266400285314,0.00218603149841,-0.0174698289594,-1.5510830522,128.508486765,1.41274722459,2.34829315162,-460.138910567,116.007172017,253.122707872,264.298969715
