,points_in_feature,sphere_x_abs,sphere_y_abs,sphere_z_abs,sphere_radius,sphere_res_var,sphere_volume,sphere_x_rel,sphere_y_rel,sphere_z_resl,sphere_R,sphere_angle_raw,para_p1,para_p2,para_p3,para_p4,para_p5,para_alpha,para_beta,para_gamma,para_apex_x,para_apex_y,para_apex_z
0,118068.0,-37.8877730975,260.129089851,229.068570753,158.147843788,271.998952459,16568318.4948,0.0,0.0,0.0,0.0,0.0,-0.00204389109067,-0.00231226265662,-0.672197922286,1.46552548258,-193.564563311,0.315861397527,-1.81695371481,590.710549572,61.1166406236,326.191477316,161.718129948
