,points_in_feature,sphere_x_abs,sphere_y_abs,sphere_z_abs,sphere_radius,sphere_res_var,sphere_volume,sphere_x_rel,sphere_y_rel,sphere_z_resl,sphere_R,sphere_angle_raw,para_p1,para_p2,para_p3,para_p4,para_p5,para_alpha,para_beta,para_gamma,para_apex_x,para_apex_y,para_apex_z
0,229398.0,-106.14182156,252.616793816,281.302196532,227.588002361,26.2567939737,49378364.4578,0.0,0.0,0.0,0.0,0.0,-0.00312813342061,-0.00252599697153,-1.67816775842,1.36231879302,-272.086548781,-1.21939796089,-1.5118770741,262.652742758,125.517762504,257.11695571,285.451178913
