,points_in_feature,sphere_x_abs,sphere_y_abs,sphere_z_abs,sphere_radius,sphere_res_var,sphere_volume,sphere_x_rel,sphere_y_rel,sphere_z_resl,sphere_R,sphere_angle_raw,para_p1,para_p2,para_p3,para_p4,para_p5,para_alpha,para_beta,para_gamma,para_apex_x,para_apex_y,para_apex_z
0,133618.0,-168.047774337,251.287905126,278.992521436,239.843475823,30.5705529904,57792613.8731,0.0,0.0,0.0,0.0,0.0,-0.00268824914901,-0.00199976960431,1.13753127694,-1.34630962633,-239.723833614,1.75912393815,1.35956514105,-49.0516835463,67.0923666799,301.805412829,271.99240299
