,points_in_feature,sphere_x_abs,sphere_y_abs,sphere_z_abs,sphere_radius,sphere_res_var,sphere_volume,sphere_x_rel,sphere_y_rel,sphere_z_resl,sphere_R,sphere_angle_raw,para_p1,para_p2,para_p3,para_p4,para_p5,para_alpha,para_beta,para_gamma,para_apex_x,para_apex_y,para_apex_z
0,256731.0,-85.9927368387,253.284495936,281.227563811,225.67635963,26.8274585205,48144514.5721,0.0,0.0,0.0,0.0,0.0,0.00325146358091,0.00267084865154,1.67488010341,1.49774865488,264.761124114,-1.24097783782,-1.67246021695,-368.834011934,145.070783118,258.071274836,288.439327878
