,points_in_feature,sphere_x_abs,sphere_y_abs,sphere_z_abs,sphere_radius,sphere_res_var,sphere_volume,sphere_x_rel,sphere_y_rel,sphere_z_resl,sphere_R,sphere_angle_raw,para_p1,para_p2,para_p3,para_p4,para_p5,para_alpha,para_beta,para_gamma,para_apex_x,para_apex_y,para_apex_z
0,182629.0,-120.324959663,254.003164381,259.626296654,219.087907154,53.5788378953,44049788.709,0.0,0.0,0.0,0.0,0.0,0.00321733013903,0.00228602758279,-2.33578140902,-0.36347503073,301.640949048,-1.29441847966,2.10624922385,183.542374377,96.631253682,249.130393552,292.209643501
