,points_in_feature,sphere_x_abs,sphere_y_abs,sphere_z_abs,sphere_radius,sphere_res_var,sphere_volume,sphere_x_rel,sphere_y_rel,sphere_z_resl,sphere_R,sphere_angle_raw,para_p1,para_p2,para_p3,para_p4,para_p5,para_alpha,para_beta,para_gamma,para_apex_x,para_apex_y,para_apex_z
0,115666.0,-132.02717418,261.533549667,256.216274225,211.212927834,3.96504009603,39468452.591,0.0,0.0,0.0,0.0,0.0,0.00285973704616,0.00318341377265,0.32313366837,2.39690179287,322.606403414,1.67819769424,-0.962389977911,92.6253706278,81.6178161732,291.55332996,268.729818561
