,points_in_feature,sphere_x_abs,sphere_y_abs,sphere_z_abs,sphere_radius,sphere_res_var,sphere_volume,sphere_x_rel,sphere_y_rel,sphere_z_resl,sphere_R,sphere_angle_raw,para_p1,para_p2,para_p3,para_p4,para_p5,para_alpha,para_beta,para_gamma,para_apex_x,para_apex_y,para_apex_z
0,29195.0,-86.5286032308,262.802272537,246.593017831,158.424926896,24.0811264725,16655556.7858,0.0,0.0,0.0,0.0,0.0,-0.00413345415912,-0.00207998094503,0.510141115685,-1.45056209018,-127.675536128,-1.08372207929,2.20073733128,179.727387718,49.4665653126,325.201809576,192.523936046
1,9238.0,-75.1985061618,237.838793823,251.327855431,140.650494149,3.06385798163,11655003.1773,11.330097069,-24.963478714,4.7348376001,27.8202274648,280.739749489,0.0,0.0,0.0,0.0,0.0,0.0,0.0,0.0,0.0,0.0,0.0
2,12032.0,-80.8947220436,243.503639472,197.265800252,135.262750482,2.25236520902,10366287.5642,5.6338811872,-19.2986330648,-49.3272175791,53.2668025087,201.367276282,0.0,0.0,0.0,0.0,0.0,0.0,0.0,0.0,0.0,0.0,0.0
3,6465.0,-20.7973759148,249.470340572,327.550357717,59.9628790507,15.5061796491,903100.410797,65.731227316,-13.3319319652,80.9573398858,105.130516672,350.64854913,0.0,0.0,0.0,0.0,0.0,0.0,0.0,0.0,0.0,0.0,0.0
