,points_in_feature,sphere_x_abs,sphere_y_abs,sphere_z_abs,sphere_radius,sphere_res_var,sphere_volume,sphere_x_rel,sphere_y_rel,sphere_z_resl,sphere_R,sphere_angle_raw,para_p1,para_p2,para_p3,para_p4,para_p5,para_alpha,para_beta,para_gamma,para_apex_x,para_apex_y,para_apex_z
0,202187.0,-110.125105051,256.036439379,255.077423179,214.817693632,210.890740044,41523959.4104,0.0,0.0,0.0,0.0,0.0,0.00216781081638,0.00212289509689,-0.881889216413,-0.981834926235,190.759217016,-0.289376248091,1.39708058643,-1218.4728908,84.8320746315,209.380549741,209.686328277
