,points_in_feature,sphere_x_abs,sphere_y_abs,sphere_z_abs,sphere_radius,sphere_res_var,sphere_volume,sphere_x_rel,sphere_y_rel,sphere_z_resl,sphere_R,sphere_angle_raw,para_p1,para_p2,para_p3,para_p4,para_p5,para_alpha,para_beta,para_gamma,para_apex_x,para_apex_y,para_apex_z
0,110320.0,-137.093635731,267.410787597,261.403541346,217.898249987,1.76770293233,43336101.1437,0.0,0.0,0.0,0.0,0.0,0.00285108334526,0.00301968785744,-0.830299925347,-2.17023390664,318.222141873,1.33278974181,1.97119973754,80.2522781277,84.7213569292,284.419828942,282.36099882
