,points_in_feature,sphere_x_abs,sphere_y_abs,sphere_z_abs,sphere_radius,sphere_res_var,sphere_volume,sphere_x_rel,sphere_y_rel,sphere_z_resl,sphere_R,sphere_angle_raw,para_p1,para_p2,para_p3,para_p4,para_p5,para_alpha,para_beta,para_gamma,para_apex_x,para_apex_y,para_apex_z
0,126258.0,-40.9082317663,252.249386674,229.903370845,147.955421601,151.687886114,13566919.8982,0.0,0.0,0.0,0.0,0.0,0.00370168605084,0.00293384436818,-1.83501011976,-1.16552263327,312.9887903,0.747732911953,1.23255157781,93.4985314233,83.5810768281,248.631440395,181.654288361
