,points_in_feature,sphere_x_abs,sphere_y_abs,sphere_z_abs,sphere_radius,sphere_res_var,sphere_volume,sphere_x_rel,sphere_y_rel,sphere_z_resl,sphere_R,sphere_angle_raw,para_p1,para_p2,para_p3,para_p4,para_p5,para_alpha,para_beta,para_gamma,para_apex_x,para_apex_y,para_apex_z
0,28581.0,5946.6853471,173.409962705,195.544338661,5947.1166507,0.697907399902,8.81065063467e+11,0.0,0.0,0.0,0.0,0.0,-1.04216263111e-05,4.9988920031e-06,1.42006387664,-0.0344981070437,-1.71842700006,-0.614018427268,0.53273623222,0.321585320728,27787.8435204,-35625.1908848,70331.9445092
1,145930.0,148.62426292,311.893693475,257.851334993,177.037236447,1464.13267471,23242480.4428,-5798.06108418,138.48373077,62.3069963317,5800.04933094,65.7759302532,0.0,0.0,0.0,0.0,0.0,0.0,0.0,0.0,0.0,0.0,0.0
