,points_in_feature,sphere_x_abs,sphere_y_abs,sphere_z_abs,sphere_radius,sphere_res_var,sphere_volume,sphere_x_rel,sphere_y_rel,sphere_z_resl,sphere_R,sphere_angle_raw,para_p1,para_p2,para_p3,para_p4,para_p5,para_alpha,para_beta,para_gamma,para_apex_x,para_apex_y,para_apex_z
0,144034.0,-57.7322859876,324.471460642,263.245865291,174.033172483,17.2840475586,22079270.5203,0.0,0.0,0.0,0.0,0.0,0.00391462800359,0.00438558053453,0.353943404672,-3.66943043313,640.461924304,-1.48465002086,0.795160466804,-48.8402741408,122.224013928,342.292413541,251.415461423
1,72532.0,-53.5409366827,169.259878911,169.042987017,140.001102407,71.2411432454,11494311.848,4.19134930488,-155.211581731,-94.2028782738,181.610530498,238.745095731,0.0,0.0,0.0,0.0,0.0,0.0,0.0,0.0,0.0,0.0,0.0
