,points_in_feature,sphere_x_abs,sphere_y_abs,sphere_z_abs,sphere_radius,sphere_res_var,sphere_volume,sphere_x_rel,sphere_y_rel,sphere_z_resl,sphere_R,sphere_angle_raw,para_p1,para_p2,para_p3,para_p4,para_p5,para_alpha,para_beta,para_gamma,para_apex_x,para_apex_y,para_apex_z
0,259462.0,-71.0992127944,252.872238921,243.261064595,214.125620909,39.1047981593,41123920.9112,0.0,0.0,0.0,0.0,0.0,-0.00366225573602,-0.00335729655554,-2.58317070366,0.511679217459,-228.660357495,1.28997194417,-0.938898808269,107.952273843,145.036941593,300.844020323,281.655353081
