,points_in_feature,sphere_x_abs,sphere_y_abs,sphere_z_abs,sphere_radius,sphere_res_var,sphere_volume,sphere_x_rel,sphere_y_rel,sphere_z_resl,sphere_R,sphere_angle_raw,para_p1,para_p2,para_p3,para_p4,para_p5,para_alpha,para_beta,para_gamma,para_apex_x,para_apex_y,para_apex_z
0,37042.0,-192.382078631,471.075531047,126.292904808,292.604637074,71.0488841683,104937864.591,0.0,0.0,0.0,0.0,0.0,-0.00319482877103,-0.00912638021212,-2.00211841528,5.44563264042,-757.147387709,0.844738056044,-0.951200858282,-376.525000468,66.2929042887,497.157558339,267.749040355
1,155765.0,-176.123925354,237.902895148,267.332257059,263.841342901,19.365982025,76933794.9545,16.2581532776,-233.172635899,141.039352251,272.994330644,301.168524813,0.0,0.0,0.0,0.0,0.0,0.0,0.0,0.0,0.0,0.0,0.0
