,points_in_feature,sphere_x_abs,sphere_y_abs,sphere_z_abs,sphere_radius,sphere_res_var,sphere_volume,sphere_x_rel,sphere_y_rel,sphere_z_resl,sphere_R,sphere_angle_raw,para_p1,para_p2,para_p3,para_p4,para_p5,para_alpha,para_beta,para_gamma,para_apex_x,para_apex_y,para_apex_z
0,178323.0,-114.100938169,259.88917016,249.565258066,212.146812653,31.8780476633,39994303.9556,0.0,0.0,0.0,0.0,0.0,0.00308216224476,0.00431008536813,0.201987498881,-3.12524819377,296.091241855,1.18944824077,2.40146863572,-1233.16993371,88.3365110391,329.678668114,301.601456965
