,points_in_feature,sphere_x_abs,sphere_y_abs,sphere_z_abs,sphere_radius,sphere_res_var,sphere_volume,sphere_x_rel,sphere_y_rel,sphere_z_resl,sphere_R,sphere_angle_raw,para_p1,para_p2,para_p3,para_p4,para_p5,para_alpha,para_beta,para_gamma,para_apex_x,para_apex_y,para_apex_z
0,93702.0,-28.7064221609,226.18650951,275.489515543,210.113754236,961.86017618,38855460.2157,0.0,0.0,0.0,0.0,0.0,-8.80389973298e-06,-9.41449398737e-05,0.00601644121175,-0.0164385973795,8.86916705548,0.331216630717,1.57059871338,40.5161986753,11.1362776496,87.2100040147,341.699416776
1,14284.0,51.9843608887,423.116222787,115.200830026,75.225491331,183.609325138,1783132.88017,80.6907830496,196.929713276,-160.288685516,266.429685179,129.143471629,0.0,0.0,0.0,0.0,0.0,0.0,0.0,0.0,0.0,0.0,0.0
