,points_in_feature,sphere_x_abs,sphere_y_abs,sphere_z_abs,sphere_radius,sphere_res_var,sphere_volume,sphere_x_rel,sphere_y_rel,sphere_z_resl,sphere_R,sphere_angle_raw,para_p1,para_p2,para_p3,para_p4,para_p5,para_alpha,para_beta,para_gamma,para_apex_x,para_apex_y,para_apex_z
0,201777.0,-50.6583777358,259.132484119,244.855191939,158.117663502,137.287859619,16558834.815,0.0,0.0,0.0,0.0,0.0,-0.00378847905226,-0.00298071004772,2.10775722067,1.04487971245,-352.492993437,-1.84123409282,0.105370121851,-296.825008196,92.1874621897,255.057714784,188.657471674
