,points_in_feature,sphere_x_abs,sphere_y_abs,sphere_z_abs,sphere_radius,sphere_res_var,sphere_volume,sphere_x_rel,sphere_y_rel,sphere_z_resl,sphere_R,sphere_angle_raw,para_p1,para_p2,para_p3,para_p4,para_p5,para_alpha,para_beta,para_gamma,para_apex_x,para_apex_y,para_apex_z
0,236680.0,-37.6719853237,247.339447124,232.950426229,186.289666322,17.4479809097,27080389.323,0.0,0.0,0.0,0.0,0.0,0.00434058309896,0.00410120546502,1.59980561346,2.38675643023,291.061187942,-1.27343319265,-1.76108789187,-136.483740951,159.578281298,273.241833119,244.864024951
