,points_in_feature,sphere_x_abs,sphere_y_abs,sphere_z_abs,sphere_radius,sphere_res_var,sphere_volume,sphere_x_rel,sphere_y_rel,sphere_z_resl,sphere_R,sphere_angle_raw,para_p1,para_p2,para_p3,para_p4,para_p5,para_alpha,para_beta,para_gamma,para_apex_x,para_apex_y,para_apex_z
0,214545.0,-22.9304375012,247.266709551,232.702466339,170.918107525,128.637692121,20914757.612,0.0,0.0,0.0,0.0,0.0,0.00404170255952,0.00371633115812,-2.63762693016,-0.674017118614,325.876440946,1.46932736124,1.01465720876,-221.404721199,144.94284919,250.015513061,222.281412457
