,points_in_feature,sphere_x_abs,sphere_y_abs,sphere_z_abs,sphere_radius,sphere_res_var,sphere_volume,sphere_x_rel,sphere_y_rel,sphere_z_resl,sphere_R,sphere_angle_raw,para_p1,para_p2,para_p3,para_p4,para_p5,para_alpha,para_beta,para_gamma,para_apex_x,para_apex_y,para_apex_z
0,261214.0,-87.8413264392,270.229176549,233.250397269,232.999687195,456.20634566,52985205.5225,0.0,0.0,0.0,0.0,0.0,-0.00383663617893,-0.00169851111087,0.432433896406,-1.29705608167,-93.1073908011,-1.46074289085,2.11192190444,104.997772648,133.185672959,322.628718973,234.360172015
