,points_in_feature,sphere_x_abs,sphere_y_abs,sphere_z_abs,sphere_radius,sphere_res_var,sphere_volume,sphere_x_rel,sphere_y_rel,sphere_z_resl,sphere_R,sphere_angle_raw,para_p1,para_p2,para_p3,para_p4,para_p5,para_alpha,para_beta,para_gamma,para_apex_x,para_apex_y,para_apex_z
0,249689.0,-78.3080298245,277.290274318,283.432854931,208.424261047,16.7978366731,37925683.8593,0.0,0.0,0.0,0.0,0.0,-0.00340642124371,-0.00328256924277,0.190842804884,-2.61634125978,-375.154596621,-1.4222444117,2.27136443981,117.558687665,133.555034002,309.273959755,261.289944648
