,points_in_feature,sphere_x_abs,sphere_y_abs,sphere_z_abs,sphere_radius,sphere_res_var,sphere_volume,sphere_x_rel,sphere_y_rel,sphere_z_resl,sphere_R,sphere_angle_raw,para_p1,para_p2,para_p3,para_p4,para_p5,para_alpha,para_beta,para_gamma,para_apex_x,para_apex_y,para_apex_z
0,214543.0,-127.616607408,232.78530263,270.687579997,254.06522112,31.6196703556,68694863.594,0.0,0.0,0.0,0.0,0.0,-0.00231026752524,-0.00256207956809,1.4898016668,-0.872709142211,-162.227227916,-1.33835827075,1.34263690754,-209.181571466,128.268945713,242.37968026,284.521797741
1,40880.0,-73.5895807767,448.056325816,166.950286803,207.111705554,87.635052741,37213673.6339,54.0270266314,215.271023186,-103.737293194,244.993793859,115.729025548,0.0,0.0,0.0,0.0,0.0,0.0,0.0,0.0,0.0,0.0,0.0
2,63699.0,6.67779385693,195.94387328,313.614903952,63.3086142755,95.636620846,1062862.37184,134.294401265,-36.8414293499,42.9273239554,145.722449436,319.362884587,0.0,0.0,0.0,0.0,0.0,0.0,0.0,0.0,0.0,0.0,0.0
