,points_in_feature,sphere_x_abs,sphere_y_abs,sphere_z_abs,sphere_radius,sphere_res_var,sphere_volume,sphere_x_rel,sphere_y_rel,sphere_z_resl,sphere_R,sphere_angle_raw,para_p1,para_p2,para_p3,para_p4,para_p5,para_alpha,para_beta,para_gamma,para_apex_x,para_apex_y,para_apex_z
0,171824.0,-126.762968098,270.568651699,228.45746588,230.856872075,452.222044587,51536750.3176,0.0,0.0,0.0,0.0,0.0,0.00256008423422,0.00108905830353,0.362923382238,0.785102096078,70.4177897882,-1.57564673921,-2.0693866834,-218.358794376,80.5617667717,283.817100145,234.41802873
