,points_in_feature,sphere_x_abs,sphere_y_abs,sphere_z_abs,sphere_radius,sphere_res_var,sphere_volume,sphere_x_rel,sphere_y_rel,sphere_z_resl,sphere_R,sphere_angle_raw,para_p1,para_p2,para_p3,para_p4,para_p5,para_alpha,para_beta,para_gamma,para_apex_x,para_apex_y,para_apex_z
0,172314.0,-38.5248109691,260.399545398,254.776190802,156.046319006,5.35236386263,15916559.4161,0.0,0.0,0.0,0.0,0.0,0.0048383491934,0.00466220287529,3.44955990016,0.432168415932,525.900657802,-1.42358327341,-0.886426537244,-211.931871148,124.477951787,258.57296594,238.0470703
