,points_in_feature,sphere_x_abs,sphere_y_abs,sphere_z_abs,sphere_radius,sphere_res_var,sphere_volume,sphere_x_rel,sphere_y_rel,sphere_z_resl,sphere_R,sphere_angle_raw,para_p1,para_p2,para_p3,para_p4,para_p5,para_alpha,para_beta,para_gamma,para_apex_x,para_apex_y,para_apex_z
0,116917.0,-196.210738796,237.98585695,267.443558398,259.707921092,30.6818073271,73374338.1306,0.0,0.0,0.0,0.0,0.0,0.00178221030418,0.00255984833282,1.32070229963,0.203046308039,162.709587571,1.46120844948,-2.17229404677,61.1452372692,62.1227984994,243.228390555,288.506739869
1,27939.0,-127.758614446,467.257250547,155.091672273,207.679633829,69.2023455184,37520648.6245,68.45212435,229.271393597,-112.351886125,264.336928116,116.106648158,0.0,0.0,0.0,0.0,0.0,0.0,0.0,0.0,0.0,0.0,0.0
2,18478.0,-89.0523405848,430.037424377,105.083627715,159.520356708,33.4869310787,17003445.9657,107.158398211,192.051567427,-162.359930683,273.363263716,130.211097519,0.0,0.0,0.0,0.0,0.0,0.0,0.0,0.0,0.0,0.0,0.0
