,points_in_feature,sphere_x_abs,sphere_y_abs,sphere_z_abs,sphere_radius,sphere_res_var,sphere_volume,sphere_x_rel,sphere_y_rel,sphere_z_resl,sphere_R,sphere_angle_raw,para_p1,para_p2,para_p3,para_p4,para_p5,para_alpha,para_beta,para_gamma,para_apex_x,para_apex_y,para_apex_z
0,250014.0,-703.306066013,282.575701647,271.796956723,771.788375719,145.800959428,1925676403.66,0.0,0.0,0.0,0.0,0.0,0.000155762123358,0.000203013014804,0.0528473825957,0.0664907035702,-15.7094796549,0.00760477207405,-1.52851332322,-109.886544661,42.7997107564,161.376840857,168.458706522
