,points_in_feature,sphere_x_abs,sphere_y_abs,sphere_z_abs,sphere_radius,sphere_res_var,sphere_volume,sphere_x_rel,sphere_y_rel,sphere_z_resl,sphere_R,sphere_angle_raw,para_p1,para_p2,para_p3,para_p4,para_p5,para_alpha,para_beta,para_gamma,para_apex_x,para_apex_y,para_apex_z
0,126423.0,-137.47910322,266.012123859,254.623794272,210.607188431,24.6536922629,39129849.7711,0.0,0.0,0.0,0.0,0.0,-0.0050812473619,-0.00299445092149,3.63777332992,-0.149954390534,-363.108621703,-1.12901721255,0.690802912778,91.9341761974,57.9392171806,340.143397767,306.147491737
