,points_in_feature,sphere_x_abs,sphere_y_abs,sphere_z_abs,sphere_radius,sphere_res_var,sphere_volume,sphere_x_rel,sphere_y_rel,sphere_z_resl,sphere_R,sphere_angle_raw,para_p1,para_p2,para_p3,para_p4,para_p5,para_alpha,para_beta,para_gamma,para_apex_x,para_apex_y,para_apex_z
0,199099.0,-112.303124139,279.853171964,281.867112013,215.863924724,13.4007894526,42133624.0709,0.0,0.0,0.0,0.0,0.0,0.00310469338196,0.00290879072449,-0.0236257691359,-2.32323049417,350.447657492,-1.36290766388,0.831502480911,158.342284841,102.80549252,314.881088419,250.303137695
