,points_in_feature,sphere_x_abs,sphere_y_abs,sphere_z_abs,sphere_radius,sphere_res_var,sphere_volume,sphere_x_rel,sphere_y_rel,sphere_z_resl,sphere_R,sphere_angle_raw,para_p1,para_p2,para_p3,para_p4,para_p5,para_alpha,para_beta,para_gamma,para_apex_x,para_apex_y,para_apex_z
0,76542.0,-223.576992322,240.274899544,266.221978304,263.292005665,15.030162562,76454249.1979,0.0,0.0,0.0,0.0,0.0,0.00324265347702,0.00170496470024,0.601582610509,-1.31125872423,172.485843954,-1.56133922921,0.535477636741,70.41550317,33.5645910676,295.144301149,282.494373058
1,9115.0,-207.781154777,475.039717955,134.41543671,258.302975822,1.46953070504,72189966.1197,15.7958375445,234.764818411,-131.806541594,269.69796598,119.311630555,0.0,0.0,0.0,0.0,0.0,0.0,0.0,0.0,0.0,0.0,0.0
2,14154.0,-106.626224171,437.857272326,105.128606071,154.63044339,24.9480943785,15487225.1785,116.95076815,197.582372782,-161.093372233,280.4770058,129.191138485,0.0,0.0,0.0,0.0,0.0,0.0,0.0,0.0,0.0,0.0,0.0
3,8653.0,-48.6590658853,475.610544436,204.774821908,102.443962681,23.0196228738,4503474.5944,174.917926436,235.335644891,-61.4471563959,299.591221124,104.633467357,0.0,0.0,0.0,0.0,0.0,0.0,0.0,0.0,0.0,0.0,0.0
