,points_in_feature,sphere_x_abs,sphere_y_abs,sphere_z_abs,sphere_radius,sphere_res_var,sphere_volume,sphere_x_rel,sphere_y_rel,sphere_z_resl,sphere_R,sphere_angle_raw,para_p1,para_p2,para_p3,para_p4,para_p5,para_alpha,para_beta,para_gamma,para_apex_x,para_apex_y,para_apex_z
0,74146.0,-143.904516205,272.775247568,260.66177601,194.266996916,29.1725879922,30710415.2871,0.0,0.0,0.0,0.0,0.0,0.00240740912151,0.00214837266743,1.19199608841,1.33930356075,278.477620457,0.232588797294,-1.50350184642,-153.87398278,41.0232189541,319.271116693,246.748144073
