,points_in_feature,sphere_x_abs,sphere_y_abs,sphere_z_abs,sphere_radius,sphere_res_var,sphere_volume,sphere_x_rel,sphere_y_rel,sphere_z_resl,sphere_R,sphere_angle_raw,para_p1,para_p2,para_p3,para_p4,para_p5,para_alpha,para_beta,para_gamma,para_apex_x,para_apex_y,para_apex_z
0,195273.0,-144.311400779,234.024198022,269.986739272,256.599709925,32.4680994686,70771286.8528,0.0,0.0,0.0,0.0,0.0,-0.00218028777093,-0.00246565510289,1.5036151037,-0.543252096479,-163.713091609,-1.49582429796,1.17056973465,-717.940939609,113.126367949,237.601094851,278.428952928
1,38807.0,-77.5562962436,446.352680505,170.005854385,198.065273811,108.680107574,32547199.4505,66.7551045352,212.328482483,-99.9808848871,243.999602045,115.214730656,0.0,0.0,0.0,0.0,0.0,0.0,0.0,0.0,0.0,0.0,0.0
2,42355.0,0.605581419902,203.200204234,312.064092398,55.0366163134,76.5702987953,698302.80304,144.916982199,-30.8239937886,42.0773531267,154.018031311,323.775156529,0.0,0.0,0.0,0.0,0.0,0.0,0.0,0.0,0.0,0.0,0.0
