,points_in_feature,sphere_x_abs,sphere_y_abs,sphere_z_abs,sphere_radius,sphere_res_var,sphere_volume,sphere_x_rel,sphere_y_rel,sphere_z_resl,sphere_R,sphere_angle_raw,para_p1,para_p2,para_p3,para_p4,para_p5,para_alpha,para_beta,para_gamma,para_apex_x,para_apex_y,para_apex_z
0,146005.0,-147.530037655,282.688341106,277.969823729,225.173304204,21.8049429371,47823274.7389,0.0,0.0,0.0,0.0,0.0,-0.00246215436394,-0.00277898171778,-1.90658533904,0.452892169146,-306.445526544,-1.27691588459,-2.2605397021,105.297505029,71.5130281671,321.262782746,234.094635503
