,points_in_feature,sphere_x_abs,sphere_y_abs,sphere_z_abs,sphere_radius,sphere_res_var,sphere_volume,sphere_x_rel,sphere_y_rel,sphere_z_resl,sphere_R,sphere_angle_raw,para_p1,para_p2,para_p3,para_p4,para_p5,para_alpha,para_beta,para_gamma,para_apex_x,para_apex_y,para_apex_z
0,81498.0,8.57352803966,248.789832205,223.111923034,113.11178095,468.279209189,6061946.93854,0.0,0.0,0.0,0.0,0.0,0.000454148118514,3.71740082275e-05,-0.264060908166,0.00706934126654,-12.8656014701,1.64281229938,0.460122115443,86.3642399614,38.1858622865,217.947591084,217.397346288
