,points_in_feature,sphere_x_abs,sphere_y_abs,sphere_z_abs,sphere_radius,sphere_res_var,sphere_volume,sphere_x_rel,sphere_y_rel,sphere_z_resl,sphere_R,sphere_angle_raw,para_p1,para_p2,para_p3,para_p4,para_p5,para_alpha,para_beta,para_gamma,para_apex_x,para_apex_y,para_apex_z
0,219224.0,-95.398270522,255.557135516,245.551244774,213.520196572,34.4050720112,40776081.7341,0.0,0.0,0.0,0.0,0.0,-0.00387609804116,-0.00316094073112,-2.79004850226,0.343280294725,-253.867105307,1.22089077303,-0.844787937233,76.4244113082,113.497739487,315.508873927,293.892500446
