,points_in_feature,sphere_x_abs,sphere_y_abs,sphere_z_abs,sphere_radius,sphere_res_var,sphere_volume,sphere_x_rel,sphere_y_rel,sphere_z_resl,sphere_R,sphere_angle_raw,para_p1,para_p2,para_p3,para_p4,para_p5,para_alpha,para_beta,para_gamma,para_apex_x,para_apex_y,para_apex_z
0,77138.0,-89.3425638101,327.128521841,259.962631414,161.36651608,10.3618408783,17600656.9067,0.0,0.0,0.0,0.0,0.0,0.00460655067948,0.00375120970473,3.6278019854,0.65678164589,725.784432983,-1.28567905189,-0.824046930526,-104.996138035,73.5511962795,324.544036489,228.632438478
1,37642.0,-73.4085582731,158.215407826,146.69475103,115.264348951,30.8419357858,6414659.5851,15.934005537,-168.913114015,-113.267880384,203.997905248,236.155424089,0.0,0.0,0.0,0.0,0.0,0.0,0.0,0.0,0.0,0.0,0.0
