,points_in_feature,sphere_x_abs,sphere_y_abs,sphere_z_abs,sphere_radius,sphere_res_var,sphere_volume,sphere_x_rel,sphere_y_rel,sphere_z_resl,sphere_R,sphere_angle_raw,para_p1,para_p2,para_p3,para_p4,para_p5,para_alpha,para_beta,para_gamma,para_apex_x,para_apex_y,para_apex_z
0,20220.0,587.123045537,162.531240001,222.8041436,595.510923425,75.4455299664,884622142.376,0.0,0.0,0.0,0.0,0.0,-0.000161244992925,3.37246668968e-05,-0.0683587893603,0.0166323054631,5.39931404284,1.56671222957,-0.293189024491,7.82539712013,5.82001417626,131.868632419,297.367634803
1,167801.0,-60.7680181545,256.578985889,273.169689773,150.435356783,363.587955705,14260618.7834,-647.891063691,94.0477458882,50.3655461729,656.615943424,61.8295405316,0.0,0.0,0.0,0.0,0.0,0.0,0.0,0.0,0.0,0.0,0.0
