,points_in_feature,sphere_x_abs,sphere_y_abs,sphere_z_abs,sphere_radius,sphere_res_var,sphere_volume,sphere_x_rel,sphere_y_rel,sphere_z_resl,sphere_R,sphere_angle_raw,para_p1,para_p2,para_p3,para_p4,para_p5,para_alpha,para_beta,para_gamma,para_apex_x,para_apex_y,para_apex_z
0,165514.0,-37.6362625466,250.343211224,229.88693037,162.636902561,109.420234059,18019630.9777,0.0,0.0,0.0,0.0,0.0,0.00423525330018,0.0036813431615,1.87244782132,1.82402373017,346.205611193,-0.138814416508,-1.364682155,84.6408389198,117.866325126,258.997943372,191.788937239
