,points_in_feature,sphere_x_abs,sphere_y_abs,sphere_z_abs,sphere_radius,sphere_res_var,sphere_volume,sphere_x_rel,sphere_y_rel,sphere_z_resl,sphere_R,sphere_angle_raw,para_p1,para_p2,para_p3,para_p4,para_p5,para_alpha,para_beta,para_gamma,para_apex_x,para_apex_y,para_apex_z
0,212176.0,-15.7775338395,258.962916716,255.30400665,157.701209136,6.59757651864,16428339.8662,0.0,0.0,0.0,0.0,0.0,0.00528620015516,0.00525308981192,3.51757393501,1.5471147445,546.033599775,-1.42900126586,-1.18533749771,-180.55365945,154.803073891,267.66146186,245.357359016
