,points_in_feature,sphere_x_abs,sphere_y_abs,sphere_z_abs,sphere_radius,sphere_res_var,sphere_volume,sphere_x_rel,sphere_y_rel,sphere_z_resl,sphere_R,sphere_angle_raw,para_p1,para_p2,para_p3,para_p4,para_p5,para_alpha,para_beta,para_gamma,para_apex_x,para_apex_y,para_apex_z
0,190301.0,-111.220207602,246.303361186,272.674257923,229.950554777,33.5873589718,50932148.2311,0.0,0.0,0.0,0.0,0.0,-0.00263803470416,-0.00364287411239,-1.93779329758,0.515562332306,-222.843946096,1.64850294962,-1.02383960432,-790.197105965,122.17134272,272.887150396,270.898901122
1,32155.0,-19.7010053489,398.074712087,70.6460568661,124.223191358,231.102209973,8029650.7533,91.5192022536,151.771350901,-202.028201056,268.74839787,143.084716562,0.0,0.0,0.0,0.0,0.0,0.0,0.0,0.0,0.0,0.0,0.0
