,points_in_feature,sphere_x_abs,sphere_y_abs,sphere_z_abs,sphere_radius,sphere_res_var,sphere_volume,sphere_x_rel,sphere_y_rel,sphere_z_resl,sphere_R,sphere_angle_raw,para_p1,para_p2,para_p3,para_p4,para_p5,para_alpha,para_beta,para_gamma,para_apex_x,para_apex_y,para_apex_z
0,266683.0,-53.0682910464,241.08837727,257.217235983,204.158541813,20.2204164752,35644397.2141,0.0,0.0,0.0,0.0,0.0,0.00386737103642,0.00360248597918,0.966645054565,2.40000721499,278.988448957,-1.26438102503,-2.08310884802,77.3260662369,159.652725505,221.336572253,291.393620409
