,points_in_feature,sphere_x_abs,sphere_y_abs,sphere_z_abs,sphere_radius,sphere_res_var,sphere_volume,sphere_x_rel,sphere_y_rel,sphere_z_resl,sphere_R,sphere_angle_raw,para_p1,para_p2,para_p3,para_p4,para_p5,para_alpha,para_beta,para_gamma,para_apex_x,para_apex_y,para_apex_z
0,261314.0,-92.3465794593,243.104158384,223.851940016,232.067542156,473.725404784,52351823.9507,0.0,0.0,0.0,0.0,0.0,0.00356977141166,0.00160343964182,0.433585569105,1.16677920936,57.688034655,1.5350210556,-1.02141672341,105.048638684,124.354279663,303.059253388,238.519504123
