,points_in_feature,sphere_x_abs,sphere_y_abs,sphere_z_abs,sphere_radius,sphere_res_var,sphere_volume,sphere_x_rel,sphere_y_rel,sphere_z_resl,sphere_R,sphere_angle_raw,para_p1,para_p2,para_p3,para_p4,para_p5,para_alpha,para_beta,para_gamma,para_apex_x,para_apex_y,para_apex_z
0,118729.0,-80.2079851334,230.197277584,233.495755489,159.654138353,11.7294371451,17046261.64,0.0,0.0,0.0,0.0,0.0,-0.00428181043581,-0.00364158402887,2.57316273394,-0.177040886295,-378.43674198,1.33099137331,2.29375910635,89.8788901244,77.5191603467,204.157640633,208.070411137
