,points_in_feature,sphere_x_abs,sphere_y_abs,sphere_z_abs,sphere_radius,sphere_res_var,sphere_volume,sphere_x_rel,sphere_y_rel,sphere_z_resl,sphere_R,sphere_angle_raw,para_p1,para_p2,para_p3,para_p4,para_p5,para_alpha,para_beta,para_gamma,para_apex_x,para_apex_y,para_apex_z
0,130334.0,-73.7996618465,294.450242698,252.769878643,167.85670013,12.8024782574,19810920.3863,0.0,0.0,0.0,0.0,0.0,0.00445877752534,0.0037158766645,-3.4033941512,-0.414713768658,581.413510603,1.40003329159,0.818844128087,48.7867585746,97.2490726033,303.079378884,231.937653436
1,72598.0,-18.6276175768,114.812415488,158.616744116,95.7600731731,306.139356868,3678256.55053,55.1720442697,-179.637827211,-94.153134527,210.186860139,242.339728028,0.0,0.0,0.0,0.0,0.0,0.0,0.0,0.0,0.0,0.0,0.0
