,points_in_feature,sphere_x_abs,sphere_y_abs,sphere_z_abs,sphere_radius,sphere_res_var,sphere_volume,sphere_x_rel,sphere_y_rel,sphere_z_resl,sphere_R,sphere_angle_raw,para_p1,para_p2,para_p3,para_p4,para_p5,para_alpha,para_beta,para_gamma,para_apex_x,para_apex_y,para_apex_z
0,108531.0,-163.172516898,250.828397702,270.928092323,234.014538397,30.0499998341,53680571.0328,0.0,0.0,0.0,0.0,0.0,-0.00222389066995,-0.00397735027247,1.69780133458,-0.644978868643,-216.028997385,-1.64630398134,1.01983588704,946.984847707,68.4304201765,297.544739525,277.608964087
1,14609.0,-96.9906665292,524.363373934,130.424127038,216.336327973,1.63217977901,42410849.4298,66.1818503687,273.534976232,-140.503965284,314.551720391,117.187750606,0.0,0.0,0.0,0.0,0.0,0.0,0.0,0.0,0.0,0.0,0.0
2,20823.0,-12.526723237,398.969059168,66.8970926723,85.4171090447,303.195268274,2610497.09963,150.645793661,148.140661465,-204.03099965,293.714929048,144.017747306,0.0,0.0,0.0,0.0,0.0,0.0,0.0,0.0,0.0,0.0,0.0
