,points_in_feature,sphere_x_abs,sphere_y_abs,sphere_z_abs,sphere_radius,sphere_res_var,sphere_volume,sphere_x_rel,sphere_y_rel,sphere_z_resl,sphere_R,sphere_angle_raw,para_p1,para_p2,para_p3,para_p4,para_p5,para_alpha,para_beta,para_gamma,para_apex_x,para_apex_y,para_apex_z
0,218896.0,-2144.77707867,247.629145492,255.570546045,2173.64032662,21.7282866539,43018142870.5,0.0,0.0,0.0,0.0,0.0,-3.6620502469e-05,-7.80152839723e-05,0.0314838123532,-0.0637051125145,17.2716111889,-0.317590781183,1.55405370223,-273.032432214,17.2899683603,411.276881212,428.260269685
