,points_in_feature,sphere_x_abs,sphere_y_abs,sphere_z_abs,sphere_radius,sphere_res_var,sphere_volume,sphere_x_rel,sphere_y_rel,sphere_z_resl,sphere_R,sphere_angle_raw,para_p1,para_p2,para_p3,para_p4,para_p5,para_alpha,para_beta,para_gamma,para_apex_x,para_apex_y,para_apex_z
0,176033.0,-116.496884169,238.369210123,262.498607686,214.874174212,13.160019926,41556720.8735,0.0,0.0,0.0,0.0,0.0,0.00340016822556,0.00296960772309,-0.947455647844,-1.97141254783,266.810998558,1.14721996686,2.15176742821,36.6712934437,95.4524064893,199.242408405,311.050808215
