,points_in_feature,sphere_x_abs,sphere_y_abs,sphere_z_abs,sphere_radius,sphere_res_var,sphere_volume,sphere_x_rel,sphere_y_rel,sphere_z_resl,sphere_R,sphere_angle_raw,para_p1,para_p2,para_p3,para_p4,para_p5,para_alpha,para_beta,para_gamma,para_apex_x,para_apex_y,para_apex_z
0,128729.0,-131.174917235,255.817862272,250.22121744,200.874044743,15.4433790026,33951587.2686,0.0,0.0,0.0,0.0,0.0,0.00325047204003,0.00282474907145,1.96309539318,1.31961579314,292.231829213,1.00869425802,-1.77925445107,864.739878135,65.2039471225,304.254429439,271.989879455
