,points_in_feature,sphere_x_abs,sphere_y_abs,sphere_z_abs,sphere_radius,sphere_res_var,sphere_volume,sphere_x_rel,sphere_y_rel,sphere_z_resl,sphere_R,sphere_angle_raw,para_p1,para_p2,para_p3,para_p4,para_p5,para_alpha,para_beta,para_gamma,para_apex_x,para_apex_y,para_apex_z
0,256587.0,-52.5577090782,242.522601917,257.85436955,195.834891583,16.1464438052,31460007.7305,0.0,0.0,0.0,0.0,0.0,0.00373145187668,0.00398269633059,2.59486154067,0.568823740434,311.891558931,-1.37545789002,-0.98480268875,139.829394085,150.467885835,272.274118217,233.825188874
