,points_in_feature,sphere_x_abs,sphere_y_abs,sphere_z_abs,sphere_radius,sphere_res_var,sphere_volume,sphere_x_rel,sphere_y_rel,sphere_z_resl,sphere_R,sphere_angle_raw,para_p1,para_p2,para_p3,para_p4,para_p5,para_alpha,para_beta,para_gamma,para_apex_x,para_apex_y,para_apex_z
0,156968.0,-57.4416363208,293.942181995,255.392622258,171.250788945,17.401115883,21037123.2881,0.0,0.0,0.0,0.0,0.0,-0.00482717094952,-0.00394678278835,3.68654088641,-0.527863020602,-626.761828721,1.3597032959,2.29109170719,-243.341362014,119.551587002,302.834489747,230.779926755
1,71987.0,-56.053944798,127.147377166,153.068413395,133.298728027,83.0881988874,9921255.29585,1.3876915228,-166.794804829,-102.324208864,195.685145899,238.471983385,0.0,0.0,0.0,0.0,0.0,0.0,0.0,0.0,0.0,0.0,0.0
