,points_in_feature,sphere_x_abs,sphere_y_abs,sphere_z_abs,sphere_radius,sphere_res_var,sphere_volume,sphere_x_rel,sphere_y_rel,sphere_z_resl,sphere_R,sphere_angle_raw,para_p1,para_p2,para_p3,para_p4,para_p5,para_alpha,para_beta,para_gamma,para_apex_x,para_apex_y,para_apex_z
0,458049.0,97.2278103925,259.799450907,281.83678552,195.789372194,3203.39260767,31438075.3644,0.0,0.0,0.0,0.0,0.0,-9.45769624703e-06,-8.49638221652e-05,-0.00387492958264,-0.0417912616775,-29.2834616013,0.342019024127,-1.56430961222,9.77633440112,27.3408007714,245.239922563,205.241509085
