,points_in_feature,sphere_x_abs,sphere_y_abs,sphere_z_abs,sphere_radius,sphere_res_var,sphere_volume,sphere_x_rel,sphere_y_rel,sphere_z_resl,sphere_R,sphere_angle_raw,para_p1,para_p2,para_p3,para_p4,para_p5,para_alpha,para_beta,para_gamma,para_apex_x,para_apex_y,para_apex_z
0,221449.0,-84.8803063706,244.228074222,273.19701711,228.552572439,31.2774739712,50008859.559,0.0,0.0,0.0,0.0,0.0,-0.00291111466878,-0.00382234127179,2.11646022036,-0.569432588249,-225.304889321,-1.64180408472,1.04873113368,86.3009296285,150.278187387,271.889240437,271.650329553
1,73998.0,-37.9704520001,398.207068708,162.56645075,193.248105898,386.224172754,30229735.4852,46.9098543705,153.978994486,-110.630566361,195.318169644,125.696425549,0.0,0.0,0.0,0.0,0.0,0.0,0.0,0.0,0.0,0.0,0.0
