,points_in_feature,sphere_x_abs,sphere_y_abs,sphere_z_abs,sphere_radius,sphere_res_var,sphere_volume,sphere_x_rel,sphere_y_rel,sphere_z_resl,sphere_R,sphere_angle_raw,para_p1,para_p2,para_p3,para_p4,para_p5,para_alpha,para_beta,para_gamma,para_apex_x,para_apex_y,para_apex_z
0,28071.0,-115.673623267,226.194943497,270.689317111,179.036259962,27.1249281396,24038734.4597,0.0,0.0,0.0,0.0,0.0,0.00325316932007,0.00453738155712,2.10587353392,1.20417976573,360.706442364,0.0636350053024,-1.85902365175,22.5274614855,32.912970763,138.929991921,324.931796351
1,37379.0,-92.9541184741,262.68530264,268.069439969,151.185943902,38.0881176583,14475142.7868,22.7195047925,36.4903591427,-2.61987714241,43.0649040939,94.1065854025,0.0,0.0,0.0,0.0,0.0,0.0,0.0,0.0,0.0,0.0,0.0
2,7976.0,23.8676890971,230.414044416,371.026773902,28.8239185525,80.5538111753,100310.795632,139.541312364,4.21910091857,100.337456791,171.922028559,2.40781818555,0.0,0.0,0.0,0.0,0.0,0.0,0.0,0.0,0.0,0.0,0.0
