,points_in_feature,sphere_x_abs,sphere_y_abs,sphere_z_abs,sphere_radius,sphere_res_var,sphere_volume,sphere_x_rel,sphere_y_rel,sphere_z_resl,sphere_R,sphere_angle_raw,para_p1,para_p2,para_p3,para_p4,para_p5,para_alpha,para_beta,para_gamma,para_apex_x,para_apex_y,para_apex_z
0,123766.0,-135.797906809,236.418123349,266.230054329,212.860357067,13.7090414974,40399218.8989,0.0,0.0,0.0,0.0,0.0,0.00342440043388,0.00278194368253,1.32821514897,1.73538626258,272.533829757,-0.916008368395,-2.06799593591,184.55107477,69.7298579725,200.764951458,325.30971914
