,points_in_feature,sphere_x_abs,sphere_y_abs,sphere_z_abs,sphere_radius,sphere_res_var,sphere_volume,sphere_x_rel,sphere_y_rel,sphere_z_resl,sphere_R,sphere_angle_raw,para_p1,para_p2,para_p3,para_p4,para_p5,para_alpha,para_beta,para_gamma,para_apex_x,para_apex_y,para_apex_z
0,248599.0,-41.9144286292,247.426771938,245.641304913,188.990660705,21.9757458965,28275457.4105,0.0,0.0,0.0,0.0,0.0,0.00421797424623,0.00395960519218,-1.69440734896,-2.31617956479,298.590346244,1.2353832795,1.74765552908,48.8750845101,155.303425212,281.371367734,258.490997435
