,points_in_feature,sphere_x_abs,sphere_y_abs,sphere_z_abs,sphere_radius,sphere_res_var,sphere_volume,sphere_x_rel,sphere_y_rel,sphere_z_resl,sphere_R,sphere_angle_raw,para_p1,para_p2,para_p3,para_p4,para_p5,para_alpha,para_beta,para_gamma,para_apex_x,para_apex_y,para_apex_z
0,175559.0,-111.181807678,247.301470859,254.541767806,206.059580988,13.618661096,36649414.9684,0.0,0.0,0.0,0.0,0.0,-0.00293610001283,-0.00321874268484,-2.07259966016,0.398165265504,-267.949441757,-1.35424602099,-2.23574618827,199.486316734,92.8969819798,284.386167913,225.882095994
