,points_in_feature,sphere_x_abs,sphere_y_abs,sphere_z_abs,sphere_radius,sphere_res_var,sphere_volume,sphere_x_rel,sphere_y_rel,sphere_z_resl,sphere_R,sphere_angle_raw,para_p1,para_p2,para_p3,para_p4,para_p5,para_alpha,para_beta,para_gamma,para_apex_x,para_apex_y,para_apex_z
0,152730.0,-137.857383201,249.065384861,271.443002602,232.372911723,31.4462605111,52558759.8171,0.0,0.0,0.0,0.0,0.0,-0.00242284577604,-0.00381872122536,-1.80335804036,0.542620605144,-219.3757737,1.68688856094,-1.00709018718,95.7069079925,95.2535617986,284.150680121,268.48619099
1,47964.0,-112.162229901,438.957280348,148.96626084,214.583943154,142.231427465,41388555.9342,25.6951533,189.891895487,-122.476741762,227.419711432,122.821263717,0.0,0.0,0.0,0.0,0.0,0.0,0.0,0.0,0.0,0.0,0.0
