,points_in_feature,sphere_x_abs,sphere_y_abs,sphere_z_abs,sphere_radius,sphere_res_var,sphere_volume,sphere_x_rel,sphere_y_rel,sphere_z_resl,sphere_R,sphere_angle_raw,para_p1,para_p2,para_p3,para_p4,para_p5,para_alpha,para_beta,para_gamma,para_apex_x,para_apex_y,para_apex_z
0,158222.0,-45.6009845321,232.514415219,236.087336202,151.701212746,14.0068401767,14623649.4335,0.0,0.0,0.0,0.0,0.0,0.00448851711042,0.00502321769237,-0.0924988943006,3.19461761275,449.078362009,1.40734594078,-0.747110669579,80.1080640121,109.725516384,214.478695828,216.09872849
