,points_in_feature,sphere_x_abs,sphere_y_abs,sphere_z_abs,sphere_radius,sphere_res_var,sphere_volume,sphere_x_rel,sphere_y_rel,sphere_z_resl,sphere_R,sphere_angle_raw,para_p1,para_p2,para_p3,para_p4,para_p5,para_alpha,para_beta,para_gamma,para_apex_x,para_apex_y,para_apex_z
0,208989.0,-69.9197494891,249.741500586,246.306396663,191.268579402,19.2444893931,29310248.8777,0.0,0.0,0.0,0.0,0.0,-0.00392935016791,-0.0036147878797,2.04886129542,-1.80994868067,-286.921822815,-0.388560668956,1.44321905478,53.610315987,123.797510277,291.011293449,270.867100318
