,points_in_feature,sphere_x_abs,sphere_y_abs,sphere_z_abs,sphere_radius,sphere_res_var,sphere_volume,sphere_x_rel,sphere_y_rel,sphere_z_resl,sphere_R,sphere_angle_raw,para_p1,para_p2,para_p3,para_p4,para_p5,para_alpha,para_beta,para_gamma,para_apex_x,para_apex_y,para_apex_z
0,223918.0,-82.7797139868,240.273551846,259.310415944,207.810296725,19.0334707809,37591512.2183,0.0,0.0,0.0,0.0,0.0,0.00356446041749,0.00325532548943,-1.03843481342,-2.1307095189,270.256688401,1.19448489253,2.0597058129,-792.807746283,128.344413368,216.077489536,298.134027992
