,points_in_feature,sphere_x_abs,sphere_y_abs,sphere_z_abs,sphere_radius,sphere_res_var,sphere_volume,sphere_x_rel,sphere_y_rel,sphere_z_resl,sphere_R,sphere_angle_raw,para_p1,para_p2,para_p3,para_p4,para_p5,para_alpha,para_beta,para_gamma,para_apex_x,para_apex_y,para_apex_z
0,209060.0,-81.840376294,244.889876481,256.084957214,199.175005219,12.4901845448,33097342.2547,0.0,0.0,0.0,0.0,0.0,-0.0033331358762,-0.00359687684895,-2.31688793165,0.531399603312,-293.985427621,-1.35534781185,-2.17408313939,-705.249624413,120.012993228,274.836276318,229.703540819
