,points_in_feature,sphere_x_abs,sphere_y_abs,sphere_z_abs,sphere_radius,sphere_res_var,sphere_volume,sphere_x_rel,sphere_y_rel,sphere_z_resl,sphere_R,sphere_angle_raw,para_p1,para_p2,para_p3,para_p4,para_p5,para_alpha,para_beta,para_gamma,para_apex_x,para_apex_y,para_apex_z
0,189433.0,-20.2283081142,233.182624136,237.408776773,151.417274865,12.8770968588,14541690.1433,0.0,0.0,0.0,0.0,0.0,0.00540111075243,0.00508289181715,-3.49892221366,-0.484128767242,469.783796336,1.41833326653,0.928288774919,105.413320435,139.911605285,224.52234466,221.248498334
