,points_in_feature,sphere_x_abs,sphere_y_abs,sphere_z_abs,sphere_radius,sphere_res_var,sphere_volume,sphere_x_rel,sphere_y_rel,sphere_z_resl,sphere_R,sphere_angle_raw,para_p1,para_p2,para_p3,para_p4,para_p5,para_alpha,para_beta,para_gamma,para_apex_x,para_apex_y,para_apex_z
0,165638.0,-101.711790369,252.80707361,248.319997282,196.8128068,13.5193688944,31933658.325,0.0,0.0,0.0,0.0,0.0,0.00362884846489,0.00327074149946,2.22589665623,1.36617497484,284.773280581,1.01134866458,-1.84067798649,35.3460838771,92.3375272367,303.876853324,276.589285043
