,points_in_feature,sphere_x_abs,sphere_y_abs,sphere_z_abs,sphere_radius,sphere_res_var,sphere_volume,sphere_x_rel,sphere_y_rel,sphere_z_resl,sphere_R,sphere_angle_raw,para_p1,para_p2,para_p3,para_p4,para_p5,para_alpha,para_beta,para_gamma,para_apex_x,para_apex_y,para_apex_z
0,189078.0,16.7934622128,215.889594217,217.996386601,128.957297113,2077.42265566,8983102.91316,0.0,0.0,0.0,0.0,0.0,0.00011177062785,2.51015962607e-05,-0.0452132280349,-0.0115606174387,-9.35679779224,0.131163109849,1.52639463119,56.4341801007,27.9725382645,231.010560352,200.05128387
