,points_in_feature,sphere_x_abs,sphere_y_abs,sphere_z_abs,sphere_radius,sphere_res_var,sphere_volume,sphere_x_rel,sphere_y_rel,sphere_z_resl,sphere_R,sphere_angle_raw,para_p1,para_p2,para_p3,para_p4,para_p5,para_alpha,para_beta,para_gamma,para_apex_x,para_apex_y,para_apex_z
0,9290.0,-138.989014959,520.119440751,131.360413353,225.567741842,1.19299817634,48075032.3159,0.0,0.0,0.0,0.0,0.0,-0.00308494779923,-0.00170465164335,-0.254039439934,1.46916046492,-446.816905076,-1.00240462005,-0.976103708998,313.678287414,40.749949404,401.771669466,199.865975607
1,74541.0,-174.673835221,249.512484282,273.517279636,222.379857966,39.2577281583,46065411.4778,-35.6848202624,-270.606956469,142.156866283,307.750070541,297.714112791,0.0,0.0,0.0,0.0,0.0,0.0,0.0,0.0,0.0,0.0,0.0
2,11667.0,-15.0176964483,417.344048338,51.1957565398,63.1876073726,219.982802636,1056779.40767,123.97131851,-102.775392413,-80.1646568129,179.883410299,232.045820863,0.0,0.0,0.0,0.0,0.0,0.0,0.0,0.0,0.0,0.0,0.0
