,points_in_feature,sphere_x_abs,sphere_y_abs,sphere_z_abs,sphere_radius,sphere_res_var,sphere_volume,sphere_x_rel,sphere_y_rel,sphere_z_resl,sphere_R,sphere_angle_raw,para_p1,para_p2,para_p3,para_p4,para_p5,para_alpha,para_beta,para_gamma,para_apex_x,para_apex_y,para_apex_z
0,104957.0,-176.607238597,262.554062845,251.009208034,227.35633469,16.3898246652,49227727.384,0.0,0.0,0.0,0.0,0.0,0.00218271427757,0.00201515695785,-1.02470710737,-1.12897504273,229.42908113,0.00859397486289,1.48552393746,62.7464377554,47.0521718456,284.741923143,229.50451924
