,points_in_feature,sphere_x_abs,sphere_y_abs,sphere_z_abs,sphere_radius,sphere_res_var,sphere_volume,sphere_x_rel,sphere_y_rel,sphere_z_resl,sphere_R,sphere_angle_raw,para_p1,para_p2,para_p3,para_p4,para_p5,para_alpha,para_beta,para_gamma,para_apex_x,para_apex_y,para_apex_z
0,224733.0,1.6790785186,233.161410417,238.531218322,153.620579937,12.897753381,15185769.7311,0.0,0.0,0.0,0.0,0.0,0.00588730359195,0.00562219638717,-3.89625432066,-0.29531381071,495.071710467,1.48312611414,0.870297051108,-127.151231214,170.296257074,230.206660253,227.457422203
