,points_in_feature,sphere_x_abs,sphere_y_abs,sphere_z_abs,sphere_radius,sphere_res_var,sphere_volume,sphere_x_rel,sphere_y_rel,sphere_z_resl,sphere_R,sphere_angle_raw,para_p1,para_p2,para_p3,para_p4,para_p5,para_alpha,para_beta,para_gamma,para_apex_x,para_apex_y,para_apex_z
0,99612.0,-91.3685971999,295.937954559,251.253739249,161.472665535,9.53909272105,17635413.7344,0.0,0.0,0.0,0.0,0.0,0.00432786351158,0.00341344622978,3.27140495042,0.272824306862,584.156545341,-1.37579721022,-0.760471666837,139.930705057,70.3837168836,299.534264647,226.554144767
1,45468.0,57.7593400709,120.701593454,165.398669494,78.7038006803,520.41032371,2042093.98149,149.127937271,-175.236361105,-85.8550697551,245.597265723,243.897979646,0.0,0.0,0.0,0.0,0.0,0.0,0.0,0.0,0.0,0.0,0.0
