,points_in_feature,sphere_x_abs,sphere_y_abs,sphere_z_abs,sphere_radius,sphere_res_var,sphere_volume,sphere_x_rel,sphere_y_rel,sphere_z_resl,sphere_R,sphere_angle_raw,para_p1,para_p2,para_p3,para_p4,para_p5,para_alpha,para_beta,para_gamma,para_apex_x,para_apex_y,para_apex_z
0,182248.0,-40.4512488251,258.188737696,258.670167154,163.827798748,13.6346001689,18418378.6536,0.0,0.0,0.0,0.0,0.0,0.00467463520507,0.0043528734065,-3.29581753647,-0.32346276732,504.854094227,1.39960262109,0.875113785599,111.740699303,129.116604743,242.879384461,238.174581099
