,points_in_feature,sphere_x_abs,sphere_y_abs,sphere_z_abs,sphere_radius,sphere_res_var,sphere_volume,sphere_x_rel,sphere_y_rel,sphere_z_resl,sphere_R,sphere_angle_raw,para_p1,para_p2,para_p3,para_p4,para_p5,para_alpha,para_beta,para_gamma,para_apex_x,para_apex_y,para_apex_z
0,196035.0,-119.351000296,238.12543548,264.565403997,219.89284128,12.7580517981,44537094.5858,0.0,0.0,0.0,0.0,0.0,0.00312350841385,0.00284607034518,-0.806071092585,-1.89552269963,256.191785349,1.25772559482,2.16477023142,99.4074597937,97.7371038338,195.766254536,303.449441967
