,points_in_feature,sphere_x_abs,sphere_y_abs,sphere_z_abs,sphere_radius,sphere_res_var,sphere_volume,sphere_x_rel,sphere_y_rel,sphere_z_resl,sphere_R,sphere_angle_raw,para_p1,para_p2,para_p3,para_p4,para_p5,para_alpha,para_beta,para_gamma,para_apex_x,para_apex_y,para_apex_z
0,208827.0,-71.0641995575,252.067994536,269.987293854,208.849288767,45.7103645873,38158176.383,0.0,0.0,0.0,0.0,0.0,-0.00316913495237,-0.00471698068725,-2.33288772004,0.689322869679,-264.340561979,1.6048467158,-1.0344870614,-111.685175631,144.710987617,282.818062988,275.765935639
1,63971.0,-31.9341273329,485.252271306,141.698570162,198.572518458,93.1397097389,32797900.2777,39.1300722246,233.18427677,-128.288723692,269.005699032,118.817843212,0.0,0.0,0.0,0.0,0.0,0.0,0.0,0.0,0.0,0.0,0.0
