,points_in_feature,sphere_x_abs,sphere_y_abs,sphere_z_abs,sphere_radius,sphere_res_var,sphere_volume,sphere_x_rel,sphere_y_rel,sphere_z_resl,sphere_R,sphere_angle_raw,para_p1,para_p2,para_p3,para_p4,para_p5,para_alpha,para_beta,para_gamma,para_apex_x,para_apex_y,para_apex_z
0,53435.0,-149.438981965,493.745930673,140.379280366,239.682495502,63.598806812,57676322.6483,0.0,0.0,0.0,0.0,0.0,-0.00187797238374,-0.00676656843503,1.50917407351,-2.49494121713,-656.537918333,-0.584510044045,1.01279987892,-209.026652639,42.464968327,393.42550765,232.52661736
1,105170.0,-130.562152094,255.123996876,273.045622299,198.099927226,45.9649819931,32564285.7719,18.8768298713,-238.621933797,132.666341933,273.673382478,299.072692337,0.0,0.0,0.0,0.0,0.0,0.0,0.0,0.0,0.0,0.0,0.0
