,points_in_feature,sphere_x_abs,sphere_y_abs,sphere_z_abs,sphere_radius,sphere_res_var,sphere_volume,sphere_x_rel,sphere_y_rel,sphere_z_resl,sphere_R,sphere_angle_raw,para_p1,para_p2,para_p3,para_p4,para_p5,para_alpha,para_beta,para_gamma,para_apex_x,para_apex_y,para_apex_z
0,247236.0,-44.9195409445,259.574321125,254.650609395,198.641469413,23.69757462,32832077.6941,0.0,0.0,0.0,0.0,0.0,0.00403525930475,0.00443685086326,-2.63914844289,-1.44021816056,360.454174717,1.22143793414,1.19851323774,124.242640953,167.546859929,299.27759349,225.741135613
