,points_in_feature,sphere_x_abs,sphere_y_abs,sphere_z_abs,sphere_radius,sphere_res_var,sphere_volume,sphere_x_rel,sphere_y_rel,sphere_z_resl,sphere_R,sphere_angle_raw,para_p1,para_p2,para_p3,para_p4,para_p5,para_alpha,para_beta,para_gamma,para_apex_x,para_apex_y,para_apex_z
0,215979.0,-63.4829938628,245.503010917,254.573425998,190.323755451,23.6151460026,28878032.7789,0.0,0.0,0.0,0.0,0.0,-0.003869958472,-0.00357845206257,1.70376123413,-2.07480986138,-294.927401891,1.1471221686,1.42426317609,-79.867453866,129.525979803,285.133916017,267.959134378
