,points_in_feature,sphere_x_abs,sphere_y_abs,sphere_z_abs,sphere_radius,sphere_res_var,sphere_volume,sphere_x_rel,sphere_y_rel,sphere_z_resl,sphere_R,sphere_angle_raw,para_p1,para_p2,para_p3,para_p4,para_p5,para_alpha,para_beta,para_gamma,para_apex_x,para_apex_y,para_apex_z
0,106799.0,-79.9022537981,267.046203037,246.346101811,176.242377753,34.4020275249,22930822.8663,0.0,0.0,0.0,0.0,0.0,0.00348050323487,0.00360957073007,2.271093883,0.916653836095,368.046674551,-1.20740328091,-1.03549444304,89.8277463736,93.7785978411,271.537655618,209.086456428
