,points_in_feature,sphere_x_abs,sphere_y_abs,sphere_z_abs,sphere_radius,sphere_res_var,sphere_volume,sphere_x_rel,sphere_y_rel,sphere_z_resl,sphere_R,sphere_angle_raw,para_p1,para_p2,para_p3,para_p4,para_p5,para_alpha,para_beta,para_gamma,para_apex_x,para_apex_y,para_apex_z
0,232169.0,-87.2714252802,240.446797027,262.430507278,211.187707468,17.1591126762,39454315.8148,0.0,0.0,0.0,0.0,0.0,0.00344196855264,0.00316997215866,0.665993335019,2.17627492172,270.648479303,-1.30819682337,-2.21543734988,83.6300353582,125.072753726,203.045699963,297.602905739
