,points_in_feature,sphere_x_abs,sphere_y_abs,sphere_z_abs,sphere_radius,sphere_res_var,sphere_volume,sphere_x_rel,sphere_y_rel,sphere_z_resl,sphere_R,sphere_angle_raw,para_p1,para_p2,para_p3,para_p4,para_p5,para_alpha,para_beta,para_gamma,para_apex_x,para_apex_y,para_apex_z
0,216596.0,-14.7198977431,258.378346276,260.140969255,163.262595679,13.1250752216,18228406.3027,0.0,0.0,0.0,0.0,0.0,-0.00515364442815,-0.00490470538582,3.71161735582,-0.393261018561,-546.71405174,1.43688324274,2.25334117653,51.9789905506,160.275313761,251.135782842,243.461880794
