,points_in_feature,sphere_x_abs,sphere_y_abs,sphere_z_abs,sphere_radius,sphere_res_var,sphere_volume,sphere_x_rel,sphere_y_rel,sphere_z_resl,sphere_R,sphere_angle_raw,para_p1,para_p2,para_p3,para_p4,para_p5,para_alpha,para_beta,para_gamma,para_apex_x,para_apex_y,para_apex_z
0,197039.0,-68.4190366314,261.816172246,253.168434474,199.297256646,18.7878746875,33158324.0232,0.0,0.0,0.0,0.0,0.0,0.0038186082521,0.00426125088794,2.54130991203,1.29006029858,360.820487095,-1.21256670045,-1.14260139137,64.549613246,141.960478669,300.500373543,220.607232066
