,points_in_feature,sphere_x_abs,sphere_y_abs,sphere_z_abs,sphere_radius,sphere_res_var,sphere_volume,sphere_x_rel,sphere_y_rel,sphere_z_resl,sphere_R,sphere_angle_raw,para_p1,para_p2,para_p3,para_p4,para_p5,para_alpha,para_beta,para_gamma,para_apex_x,para_apex_y,para_apex_z
0,172854.0,-92.3869001867,254.514051845,269.809925914,206.861288429,43.5416887356,37078852.5013,0.0,0.0,0.0,0.0,0.0,-0.0029341046044,-0.00475229613616,2.18849023767,-0.735821184337,-260.593433668,-1.58776884974,1.03472867247,105.037681938,117.94071001,289.792388426,279.564014396
1,61672.0,-64.2780779757,487.011385291,140.893476804,206.225757572,85.8064527387,36738154.1676,28.108822211,232.497333446,-128.91644911,267.328574598,119.007742199,0.0,0.0,0.0,0.0,0.0,0.0,0.0,0.0,0.0,0.0,0.0
