,points_in_feature,sphere_x_abs,sphere_y_abs,sphere_z_abs,sphere_radius,sphere_res_var,sphere_volume,sphere_x_rel,sphere_y_rel,sphere_z_resl,sphere_R,sphere_angle_raw,para_p1,para_p2,para_p3,para_p4,para_p5,para_alpha,para_beta,para_gamma,para_apex_x,para_apex_y,para_apex_z
0,166553.0,-66.1816538931,305.238394612,269.265027812,181.287075649,23.8568423541,24956813.8396,0.0,0.0,0.0,0.0,0.0,-0.00444801054921,-0.00358936210039,-3.5326164193,0.515671069584,-628.047311392,-1.37038552991,-2.27673639699,80.250365287,120.285868219,311.389001238,244.659808507
1,69811.0,-85.8646150476,147.64199903,167.343825399,159.521285369,75.4651999269,17003742.9283,-19.6829611544,-157.596395582,-101.921202413,188.711351968,237.108324808,0.0,0.0,0.0,0.0,0.0,0.0,0.0,0.0,0.0,0.0,0.0
