,points_in_feature,sphere_x_abs,sphere_y_abs,sphere_z_abs,sphere_radius,sphere_res_var,sphere_volume,sphere_x_rel,sphere_y_rel,sphere_z_resl,sphere_R,sphere_angle_raw,para_p1,para_p2,para_p3,para_p4,para_p5,para_alpha,para_beta,para_gamma,para_apex_x,para_apex_y,para_apex_z
0,96100.0,-91.6605709225,306.772579627,263.209674334,164.50439734,24.1120677973,18647522.6696,0.0,0.0,0.0,0.0,0.0,-0.0035317776467,-0.00473325510874,-0.830539101158,-3.3981716826,-670.735042292,1.97003778929,0.604531132862,101.898061039,67.6996962821,307.425523803,209.124751715
1,36460.0,-94.5665556807,128.894921889,138.57825824,123.490097319,25.7919581269,7888328.86254,-2.90598475819,-177.877657738,-124.631416094,217.213940039,234.98268256,0.0,0.0,0.0,0.0,0.0,0.0,0.0,0.0,0.0,0.0,0.0
