,points_in_feature,sphere_x_abs,sphere_y_abs,sphere_z_abs,sphere_radius,sphere_res_var,sphere_volume,sphere_x_rel,sphere_y_rel,sphere_z_resl,sphere_R,sphere_angle_raw,para_p1,para_p2,para_p3,para_p4,para_p5,para_alpha,para_beta,para_gamma,para_apex_x,para_apex_y,para_apex_z
0,41275.0,-260.745280748,497.963218832,142.281576337,321.415915877,31.0900159364,139088346.555,0.0,0.0,0.0,0.0,0.0,0.00100300892876,0.00161318956789,0.403120456929,1.31251046172,340.138784651,0.0355051726512,-1.68231520894,47.3933222615,41.2464789245,409.173006926,194.467211849
1,70808.0,-173.115013603,260.711555861,271.351470365,216.776014319,23.5193889644,42669965.3647,87.6302671452,-237.251662971,129.069894027,283.947975599,298.547120493,0.0,0.0,0.0,0.0,0.0,0.0,0.0,0.0,0.0,0.0,0.0
