,points_in_feature,sphere_x_abs,sphere_y_abs,sphere_z_abs,sphere_radius,sphere_res_var,sphere_volume,sphere_x_rel,sphere_y_rel,sphere_z_resl,sphere_R,sphere_angle_raw,para_p1,para_p2,para_p3,para_p4,para_p5,para_alpha,para_beta,para_gamma,para_apex_x,para_apex_y,para_apex_z
0,59534.0,-101.513441569,489.921094038,140.800514071,217.384989334,76.8621868898,43030586.5673,0.0,0.0,0.0,0.0,0.0,0.00775397133047,0.00208085298584,2.94560611355,-1.69971605919,736.466013832,1.05528378011,2.84725119554,18.2807884821,66.9937102875,394.984225139,233.236928183
1,137949.0,-112.928505814,255.46051745,270.946057361,203.054670385,44.2172706734,35069337.2276,-11.4150642449,-234.460576588,130.14554329,268.402548617,299.033996731,0.0,0.0,0.0,0.0,0.0,0.0,0.0,0.0,0.0,0.0,0.0
