,points_in_feature,sphere_x_abs,sphere_y_abs,sphere_z_abs,sphere_radius,sphere_res_var,sphere_volume,sphere_x_rel,sphere_y_rel,sphere_z_resl,sphere_R,sphere_angle_raw,para_p1,para_p2,para_p3,para_p4,para_p5,para_alpha,para_beta,para_gamma,para_apex_x,para_apex_y,para_apex_z
0,177550.0,-95.810204339,248.419334124,255.842644601,196.131961485,15.3128678437,31603393.9098,0.0,0.0,0.0,0.0,0.0,-0.00356008463686,-0.00341494071931,2.09065570147,-1.56467037153,-294.51715163,-1.03857674391,1.40643872241,167.301073241,98.5385584827,301.717879896,273.280118426
