,points_in_feature,sphere_x_abs,sphere_y_abs,sphere_z_abs,sphere_radius,sphere_res_var,sphere_volume,sphere_x_rel,sphere_y_rel,sphere_z_resl,sphere_R,sphere_angle_raw,para_p1,para_p2,para_p3,para_p4,para_p5,para_alpha,para_beta,para_gamma,para_apex_x,para_apex_y,para_apex_z
0,127871.0,-80.2280639258,305.205982639,265.091124224,175.892813694,24.3223068664,22794648.4106,0.0,0.0,0.0,0.0,0.0,0.00456326121277,0.00358828232479,3.47245600998,0.702447042616,650.273858062,-1.21657977161,-0.881925461774,52.1163043583,97.4069777965,309.844868321,225.503512112
1,60914.0,-48.2355895856,132.351884233,164.797968526,111.587224271,164.40744007,5820121.26213,31.9924743403,-172.854098406,-100.293155698,202.387684482,239.876897457,0.0,0.0,0.0,0.0,0.0,0.0,0.0,0.0,0.0,0.0,0.0
