,points_in_feature,sphere_x_abs,sphere_y_abs,sphere_z_abs,sphere_radius,sphere_res_var,sphere_volume,sphere_x_rel,sphere_y_rel,sphere_z_resl,sphere_R,sphere_angle_raw,para_p1,para_p2,para_p3,para_p4,para_p5,para_alpha,para_beta,para_gamma,para_apex_x,para_apex_y,para_apex_z
0,150845.0,-69.2178887556,257.264306997,256.956156431,166.760980789,12.7512937185,19425487.7172,0.0,0.0,0.0,0.0,0.0,-0.00388849488746,-0.00440488468568,-0.0964354733558,-2.97576603343,-479.044310412,-1.34570680753,2.38935102118,98.9565735954,98.084007437,230.703561065,228.006487026
