,points_in_feature,sphere_x_abs,sphere_y_abs,sphere_z_abs,sphere_radius,sphere_res_var,sphere_volume,sphere_x_rel,sphere_y_rel,sphere_z_resl,sphere_R,sphere_angle_raw,para_p1,para_p2,para_p3,para_p4,para_p5,para_alpha,para_beta,para_gamma,para_apex_x,para_apex_y,para_apex_z
0,123349.0,-199.777981148,236.323595154,268.363867274,253.985036483,41.1361695536,68629842.4818,0.0,0.0,0.0,0.0,0.0,0.00189914700382,0.00145868710779,-1.01239655184,-0.746627410354,167.409380864,0.430823941094,1.53972191806,62.3154446526,48.0779294716,264.427300837,261.310460038
