,points_in_feature,sphere_x_abs,sphere_y_abs,sphere_z_abs,sphere_radius,sphere_res_var,sphere_volume,sphere_x_rel,sphere_y_rel,sphere_z_resl,sphere_R,sphere_angle_raw,para_p1,para_p2,para_p3,para_p4,para_p5,para_alpha,para_beta,para_gamma,para_apex_x,para_apex_y,para_apex_z
0,192226.0,-49.8602795466,304.259252553,270.88353793,186.569637688,23.1202650325,27202668.7907,0.0,0.0,0.0,0.0,0.0,-0.00381080566951,-0.00456518795686,-0.539079154836,-3.65903084806,-629.664409899,1.74074348987,0.685019998749,83.1079246228,144.718910476,315.643471591,245.069276429
1,82897.0,-64.3057961967,154.817294133,178.847544097,163.201057179,88.4460566415,18207801.5949,-14.4455166501,-149.44195842,-92.0359938326,176.102799661,238.372559918,0.0,0.0,0.0,0.0,0.0,0.0,0.0,0.0,0.0,0.0,0.0
