,points_in_feature,sphere_x_abs,sphere_y_abs,sphere_z_abs,sphere_radius,sphere_res_var,sphere_volume,sphere_x_rel,sphere_y_rel,sphere_z_resl,sphere_R,sphere_angle_raw,para_p1,para_p2,para_p3,para_p4,para_p5,para_alpha,para_beta,para_gamma,para_apex_x,para_apex_y,para_apex_z
0,147915.0,-153.962916704,235.140517217,266.9657468,228.379225633,13.0104050669,49895157.4547,0.0,0.0,0.0,0.0,0.0,0.00286115680942,0.00255043105193,-0.498756411781,-1.71892277752,247.399236948,1.34389670687,2.34427455495,-57.6836127915,65.598567469,172.79133546,301.808262059
