,points_in_feature,sphere_x_abs,sphere_y_abs,sphere_z_abs,sphere_radius,sphere_res_var,sphere_volume,sphere_x_rel,sphere_y_rel,sphere_z_resl,sphere_R,sphere_angle_raw,para_p1,para_p2,para_p3,para_p4,para_p5,para_alpha,para_beta,para_gamma,para_apex_x,para_apex_y,para_apex_z
0,145360.0,-126.430400195,253.069215207,256.487399835,205.089688564,15.3400984663,36134336.6235,0.0,0.0,0.0,0.0,0.0,0.00303120690137,0.00288525767925,1.66349090615,1.53206477581,269.035391222,0.707380917392,-1.65260712692,148.117630472,73.5171421449,306.903547787,269.47475309
