,points_in_feature,sphere_x_abs,sphere_y_abs,sphere_z_abs,sphere_radius,sphere_res_var,sphere_volume,sphere_x_rel,sphere_y_rel,sphere_z_resl,sphere_R,sphere_angle_raw,para_p1,para_p2,para_p3,para_p4,para_p5,para_alpha,para_beta,para_gamma,para_apex_x,para_apex_y,para_apex_z
0,123233.0,-115.552186871,254.455641621,253.362632564,189.527578169,18.0853263983,28517132.1815,0.0,0.0,0.0,0.0,0.0,-0.00315536635163,-0.0027861964755,-2.04163282452,0.392109715177,-332.43341836,1.82235687914,-0.965862410943,-770.939035309,70.7645354294,231.94882004,225.703498815
