,points_in_feature,sphere_x_abs,sphere_y_abs,sphere_z_abs,sphere_radius,sphere_res_var,sphere_volume,sphere_x_rel,sphere_y_rel,sphere_z_resl,sphere_R,sphere_angle_raw,para_p1,para_p2,para_p3,para_p4,para_p5,para_alpha,para_beta,para_gamma,para_apex_x,para_apex_y,para_apex_z
0,308427.0,16.4268980911,287.051719363,228.36730806,169.150299069,3416.79534725,20272481.8031,0.0,0.0,0.0,0.0,0.0,2.84991490767e-05,-3.0318610632e-05,-0.0146793782332,-0.0152899229176,30.0989063533,0.186093566552,1.57046291068,185.185844975,34.5782818912,251.557412384,257.566056142
