,points_in_feature,sphere_x_abs,sphere_y_abs,sphere_z_abs,sphere_radius,sphere_res_var,sphere_volume,sphere_x_rel,sphere_y_rel,sphere_z_resl,sphere_R,sphere_angle_raw,para_p1,para_p2,para_p3,para_p4,para_p5,para_alpha,para_beta,para_gamma,para_apex_x,para_apex_y,para_apex_z
0,315146.0,125.774075475,273.389111303,269.424409626,205.307513281,3269.50896305,36249593.2368,0.0,0.0,0.0,0.0,0.0,-0.000100171732019,-6.90770344167e-05,-0.0511921450262,-0.0386559417797,-34.1628844635,-0.380214920944,-1.56462883577,84.4482866207,25.2174104345,280.252659386,254.749398315
1,30717.0,111.977663807,119.943187523,110.516360037,139.174531094,351.395623025,11291923.0406,-13.7964116679,-153.44592378,-158.908049589,221.331788778,223.998172303,0.0,0.0,0.0,0.0,0.0,0.0,0.0,0.0,0.0,0.0,0.0
