,points_in_feature,sphere_x_abs,sphere_y_abs,sphere_z_abs,sphere_radius,sphere_res_var,sphere_volume,sphere_x_rel,sphere_y_rel,sphere_z_resl,sphere_R,sphere_angle_raw,para_p1,para_p2,para_p3,para_p4,para_p5,para_alpha,para_beta,para_gamma,para_apex_x,para_apex_y,para_apex_z
0,151104.0,-94.1475195788,264.751954627,250.874961319,199.855358025,13.6674214564,33437669.2199,0.0,0.0,0.0,0.0,0.0,-0.00348526681232,-0.00392105462045,-2.28255600689,1.26140560014,-353.098726519,-1.1597648974,-2.00412785295,105.449383393,111.188630915,299.169171614,214.79654996
