,points_in_feature,sphere_x_abs,sphere_y_abs,sphere_z_abs,sphere_radius,sphere_res_var,sphere_volume,sphere_x_rel,sphere_y_rel,sphere_z_resl,sphere_R,sphere_angle_raw,para_p1,para_p2,para_p3,para_p4,para_p5,para_alpha,para_beta,para_gamma,para_apex_x,para_apex_y,para_apex_z
0,222867.0,-88.6224360903,248.644632868,273.875659146,210.522032281,26.4167651482,39082404.094,0.0,0.0,0.0,0.0,0.0,0.0031733752491,0.0036208002214,-2.30245457729,0.268533673793,309.173423071,-1.34345154347,2.32171908541,139.889205803,119.626086964,192.62110809,307.308408144
