,points_in_feature,sphere_x_abs,sphere_y_abs,sphere_z_abs,sphere_radius,sphere_res_var,sphere_volume,sphere_x_rel,sphere_y_rel,sphere_z_resl,sphere_R,sphere_angle_raw,para_p1,para_p2,para_p3,para_p4,para_p5,para_alpha,para_beta,para_gamma,para_apex_x,para_apex_y,para_apex_z
0,168580.0,-10.6190001721,236.969420837,256.92319449,153.283703583,24.2545090591,15086085.4974,0.0,0.0,0.0,0.0,0.0,0.00607005838906,0.0065752535825,-0.278736843444,-4.47973802273,651.496672642,-1.45907017964,0.805965749848,77.0399344679,167.126771223,207.801910306,242.110812361
