,points_in_feature,sphere_x_abs,sphere_y_abs,sphere_z_abs,sphere_radius,sphere_res_var,sphere_volume,sphere_x_rel,sphere_y_rel,sphere_z_resl,sphere_R,sphere_angle_raw,para_p1,para_p2,para_p3,para_p4,para_p5,para_alpha,para_beta,para_gamma,para_apex_x,para_apex_y,para_apex_z
0,170314.0,-137.585440709,257.38135425,245.152696006,229.126762696,11.2645035552,50386717.4766,0.0,0.0,0.0,0.0,0.0,-0.00255742716421,-0.00298010092722,1.34482420828,-1.44561871489,-243.631328568,0.762410618791,1.77058699376,354.051146064,89.1973673259,296.880666254,208.879827707
