,points_in_feature,sphere_x_abs,sphere_y_abs,sphere_z_abs,sphere_radius,sphere_res_var,sphere_volume,sphere_x_rel,sphere_y_rel,sphere_z_resl,sphere_R,sphere_angle_raw,para_p1,para_p2,para_p3,para_p4,para_p5,para_alpha,para_beta,para_gamma,para_apex_x,para_apex_y,para_apex_z
0,157738.0,-139.68268518,245.503387432,270.765103402,205.064793231,279.31185316,36121179.4463,0.0,0.0,0.0,0.0,0.0,-0.000542500330308,-0.000947218276458,0.0667651026436,-0.670953508814,-81.8740281764,1.62315952055,0.961862087687,89.4664924499,39.9092468618,256.597729061,251.612390531
