,points_in_feature,sphere_x_abs,sphere_y_abs,sphere_z_abs,sphere_radius,sphere_res_var,sphere_volume,sphere_x_rel,sphere_y_rel,sphere_z_resl,sphere_R,sphere_angle_raw,para_p1,para_p2,para_p3,para_p4,para_p5,para_alpha,para_beta,para_gamma,para_apex_x,para_apex_y,para_apex_z
0,252180.0,-46.4392182546,262.211346162,259.172224742,191.437654021,32.1749571799,29388045.2577,0.0,0.0,0.0,0.0,0.0,0.00427531843794,0.0038855634956,-2.32615094448,-2.00816901426,341.306968484,-0.484292684203,1.67826281667,37.9866858479,151.07480783,307.696384815,279.83670232
