,points_in_feature,sphere_x_abs,sphere_y_abs,sphere_z_abs,sphere_radius,sphere_res_var,sphere_volume,sphere_x_rel,sphere_y_rel,sphere_z_resl,sphere_R,sphere_angle_raw,para_p1,para_p2,para_p3,para_p4,para_p5,para_alpha,para_beta,para_gamma,para_apex_x,para_apex_y,para_apex_z
0,32270.0,-27.2457306048,517.465853262,138.402976492,191.525772684,7.71435299468,29428645.8511,0.0,0.0,0.0,0.0,0.0,-0.00428176741239,-0.00282885146995,-0.950361921136,-2.59384312085,-707.777890965,1.20286452928,0.817534910763,90.3660745647,125.508981893,414.345990014,196.782220278
1,129845.0,-105.410305065,250.686365625,276.478882048,190.820355389,47.0221959531,29104672.072,-78.1645744598,-266.779487637,138.075905556,310.396442343,297.364532775,0.0,0.0,0.0,0.0,0.0,0.0,0.0,0.0,0.0,0.0,0.0
