,points_in_feature,sphere_x_abs,sphere_y_abs,sphere_z_abs,sphere_radius,sphere_res_var,sphere_volume,sphere_x_rel,sphere_y_rel,sphere_z_resl,sphere_R,sphere_angle_raw,para_p1,para_p2,para_p3,para_p4,para_p5,para_alpha,para_beta,para_gamma,para_apex_x,para_apex_y,para_apex_z
0,96650.0,-45.5036763554,232.352140367,254.027880477,143.528791133,31.7910938252,12385276.0379,0.0,0.0,0.0,0.0,0.0,0.00487548400374,0.00528162160751,0.76152338822,3.43707925602,524.298036236,-1.49947259408,-2.22472916629,1.85351427393,99.2560988605,193.747433193,262.216959343
