,points_in_feature,sphere_x_abs,sphere_y_abs,sphere_z_abs,sphere_radius,sphere_res_var,sphere_volume,sphere_x_rel,sphere_y_rel,sphere_z_resl,sphere_R,sphere_angle_raw,para_p1,para_p2,para_p3,para_p4,para_p5,para_alpha,para_beta,para_gamma,para_apex_x,para_apex_y,para_apex_z
0,167054.0,-72.8206559256,249.382203877,249.322896485,157.045854366,671.889096024,16224377.3603,0.0,0.0,0.0,0.0,0.0,-0.000484463294443,-0.000280514701425,0.220202646364,-0.132060290357,-13.5184084449,-0.558692403063,1.59572078868,66.546278492,35.1584920752,231.896242256,229.732001398
