,points_in_feature,sphere_x_abs,sphere_y_abs,sphere_z_abs,sphere_radius,sphere_res_var,sphere_volume,sphere_x_rel,sphere_y_rel,sphere_z_resl,sphere_R,sphere_angle_raw,para_p1,para_p2,para_p3,para_p4,para_p5,para_alpha,para_beta,para_gamma,para_apex_x,para_apex_y,para_apex_z
0,210483.0,-75.6849691886,265.431061635,260.698548862,194.671877302,24.0481021618,30902830.5304,0.0,0.0,0.0,0.0,0.0,0.0039628065593,0.0035237711576,2.48430021909,1.55019832228,339.055557853,-2.10472326132,-1.32809945227,-307.050878087,120.078936655,315.125859044,285.765370556
