,points_in_feature,sphere_x_abs,sphere_y_abs,sphere_z_abs,sphere_radius,sphere_res_var,sphere_volume,sphere_x_rel,sphere_y_rel,sphere_z_resl,sphere_R,sphere_angle_raw,para_p1,para_p2,para_p3,para_p4,para_p5,para_alpha,para_beta,para_gamma,para_apex_x,para_apex_y,para_apex_z
0,45324.0,89.5245412575,221.789030864,240.088806078,130.136924428,236.393870219,9231881.58697,0.0,0.0,0.0,0.0,0.0,0.00194376230082,0.00103170237358,0.987442337083,-0.0833213377371,192.096352696,1.36276436798,-0.944224847291,76.6956362656,23.3569606461,183.177573489,190.458491923
1,57683.0,67.149801243,231.802202464,259.975301546,126.642397774,346.9106958,8507970.65187,-22.3747400145,10.0131715991,19.8864954682,31.5652546037,26.7259927565,0.0,0.0,0.0,0.0,0.0,0.0,0.0,0.0,0.0,0.0,0.0
