,points_in_feature,sphere_x_abs,sphere_y_abs,sphere_z_abs,sphere_radius,sphere_res_var,sphere_volume,sphere_x_rel,sphere_y_rel,sphere_z_resl,sphere_R,sphere_angle_raw,para_p1,para_p2,para_p3,para_p4,para_p5,para_alpha,para_beta,para_gamma,para_apex_x,para_apex_y,para_apex_z
0,135775.0,-98.3153501271,293.588044383,265.581075984,191.44813948,18.9348838541,29392874.4647,0.0,0.0,0.0,0.0,0.0,-0.00372249983003,-0.00308269492443,2.85370539972,-0.480110748494,-489.184915408,1.40206504216,2.24402735577,-10.8845288342,96.1301489019,300.243783139,243.804642252
1,56499.0,-29.1302858503,114.36449323,160.972783369,98.1017462369,317.850019289,3954748.0749,69.1850642768,-179.223551153,-104.608292615,218.74768408,239.728962282,0.0,0.0,0.0,0.0,0.0,0.0,0.0,0.0,0.0,0.0,0.0
