,points_in_feature,sphere_x_abs,sphere_y_abs,sphere_z_abs,sphere_radius,sphere_res_var,sphere_volume,sphere_x_rel,sphere_y_rel,sphere_z_resl,sphere_R,sphere_angle_raw,para_p1,para_p2,para_p3,para_p4,para_p5,para_alpha,para_beta,para_gamma,para_apex_x,para_apex_y,para_apex_z
0,160841.0,-171.268519737,259.757412901,242.843853759,241.109778104,7.38697797832,58712838.8152,0.0,0.0,0.0,0.0,0.0,0.00231083138492,0.00265771577656,1.18477273415,1.34279885195,233.848946967,-0.766915423634,-1.38665826694,96.4437650477,66.4360981492,298.966080104,208.368988777
