,points_in_feature,sphere_x_abs,sphere_y_abs,sphere_z_abs,sphere_radius,sphere_res_var,sphere_volume,sphere_x_rel,sphere_y_rel,sphere_z_resl,sphere_R,sphere_angle_raw,para_p1,para_p2,para_p3,para_p4,para_p5,para_alpha,para_beta,para_gamma,para_apex_x,para_apex_y,para_apex_z
0,196985.0,-58.0474206186,293.773868657,271.201837619,194.165658128,22.7569867117,30662380.369,0.0,0.0,0.0,0.0,0.0,-0.00438135894422,-0.00356791508831,3.42193274261,-0.495344817721,-575.225453685,1.35245235914,2.2577169342,102.267987522,143.889330827,298.797989763,243.841146235
1,69952.0,-68.9386945185,132.700460335,164.760472157,156.991880363,79.2367325761,16207654.9769,-10.8912738998,-161.073408322,-106.441365462,193.372766948,236.542267461,0.0,0.0,0.0,0.0,0.0,0.0,0.0,0.0,0.0,0.0,0.0
