,points_in_feature,sphere_x_abs,sphere_y_abs,sphere_z_abs,sphere_radius,sphere_res_var,sphere_volume,sphere_x_rel,sphere_y_rel,sphere_z_resl,sphere_R,sphere_angle_raw,para_p1,para_p2,para_p3,para_p4,para_p5,para_alpha,para_beta,para_gamma,para_apex_x,para_apex_y,para_apex_z
0,202319.0,-68.1059211278,246.927673971,274.073178482,200.379776924,49.8116871255,33701581.0618,0.0,0.0,0.0,0.0,0.0,0.00335727146213,0.00505019162872,-2.47264384811,-0.806228804882,279.295189735,-1.52576041154,2.07279718764,26.4261154916,138.029675574,287.685740528,288.957366968
1,39354.0,6.84544509445,512.150700546,137.304321789,195.543733919,18.8956552589,31319896.6807,74.9513662222,265.223026575,-136.768856693,307.679510668,117.279021738,0.0,0.0,0.0,0.0,0.0,0.0,0.0,0.0,0.0,0.0,0.0
