,points_in_feature,sphere_x_abs,sphere_y_abs,sphere_z_abs,sphere_radius,sphere_res_var,sphere_volume,sphere_x_rel,sphere_y_rel,sphere_z_resl,sphere_R,sphere_angle_raw,para_p1,para_p2,para_p3,para_p4,para_p5,para_alpha,para_beta,para_gamma,para_apex_x,para_apex_y,para_apex_z
0,55055.0,-619.210184954,269.860986281,240.282407552,675.259983463,138.975625107,1289738459.91,0.0,0.0,0.0,0.0,0.0,2.85563714338e-05,0.000407354502702,0.0549980886385,-0.295694360752,-18.2071715001,1.30306286213,1.31544493615,287.608533865,17.2001143064,119.378587816,-1026.72937517
