,points_in_feature,sphere_x_abs,sphere_y_abs,sphere_z_abs,sphere_radius,sphere_res_var,sphere_volume,sphere_x_rel,sphere_y_rel,sphere_z_resl,sphere_R,sphere_angle_raw,para_p1,para_p2,para_p3,para_p4,para_p5,para_alpha,para_beta,para_gamma,para_apex_x,para_apex_y,para_apex_z
0,258901.0,-74.6079741678,251.551584024,248.561173327,215.876549554,21.7506856812,42141017.0753,0.0,0.0,0.0,0.0,0.0,-0.00315981489494,-0.00356560355319,-1.67880561633,1.70023894774,-255.173069188,2.35077974302,-1.43864821729,234.658034656,146.137926158,290.541350645,225.19964087
