,points_in_feature,sphere_x_abs,sphere_y_abs,sphere_z_abs,sphere_radius,sphere_res_var,sphere_volume,sphere_x_rel,sphere_y_rel,sphere_z_resl,sphere_R,sphere_angle_raw,para_p1,para_p2,para_p3,para_p4,para_p5,para_alpha,para_beta,para_gamma,para_apex_x,para_apex_y,para_apex_z
0,177996.0,-101.67185617,268.244659935,262.267579217,199.331382443,23.7911402327,33175360.1032,0.0,0.0,0.0,0.0,0.0,-0.00349299845053,-0.00297750520645,-2.04734530597,1.54726367386,-323.577204205,0.652139543197,-1.41737761476,-56.0500986437,96.4391759424,305.230701451,287.075562941
