,points_in_feature,sphere_x_abs,sphere_y_abs,sphere_z_abs,sphere_radius,sphere_res_var,sphere_volume,sphere_x_rel,sphere_y_rel,sphere_z_resl,sphere_R,sphere_angle_raw,para_p1,para_p2,para_p3,para_p4,para_p5,para_alpha,para_beta,para_gamma,para_apex_x,para_apex_y,para_apex_z
0,209977.0,2.35752592126,238.348175029,258.040477824,156.836922158,24.4018084352,16159709.2303,0.0,0.0,0.0,0.0,0.0,-0.00660318985134,-0.00620406594055,4.54877528838,-0.377321207658,-649.599189604,1.41110092414,2.23910714423,762.061687238,186.424850303,218.258244033,237.986896097
