,points_in_feature,sphere_x_abs,sphere_y_abs,sphere_z_abs,sphere_radius,sphere_res_var,sphere_volume,sphere_x_rel,sphere_y_rel,sphere_z_resl,sphere_R,sphere_angle_raw,para_p1,para_p2,para_p3,para_p4,para_p5,para_alpha,para_beta,para_gamma,para_apex_x,para_apex_y,para_apex_z
0,198904.0,219.27271472,298.30636169,249.762976221,290.133032756,716.509013268,102301062.052,0.0,0.0,0.0,0.0,0.0,3.92598323152e-05,5.00334628818e-05,0.0226492566283,-0.0411184178289,13.9666376948,0.183278815366,-1.57575403048,-106.614898483,10.2175400996,410.537549528,288.810061385
1,46385.0,87.9849570657,82.4986807912,391.19894658,105.742796623,215.713684111,4952688.18092,-131.287757654,-215.807680899,141.435970358,289.505723874,303.240019442,0.0,0.0,0.0,0.0,0.0,0.0,0.0,0.0,0.0,0.0,0.0
2,50233.0,18.2356421635,95.7085584796,72.9238771016,65.6797370875,541.662312225,1186814.45237,-201.037072556,-202.59780321,-176.83909912,335.758605824,228.883660357,0.0,0.0,0.0,0.0,0.0,0.0,0.0,0.0,0.0,0.0,0.0
