,points_in_feature,sphere_x_abs,sphere_y_abs,sphere_z_abs,sphere_radius,sphere_res_var,sphere_volume,sphere_x_rel,sphere_y_rel,sphere_z_resl,sphere_R,sphere_angle_raw,para_p1,para_p2,para_p3,para_p4,para_p5,para_alpha,para_beta,para_gamma,para_apex_x,para_apex_y,para_apex_z
0,181826.0,-124.051418656,245.063269383,276.46834406,219.190936046,19.3881279933,44111962.8689,0.0,0.0,0.0,0.0,0.0,0.00361025894305,0.00293836656178,0.378103716937,2.10601368523,300.202015738,-1.30244163324,-2.45457657005,-406.32066476,85.6716028557,173.638469328,318.208353434
