,points_in_feature,sphere_x_abs,sphere_y_abs,sphere_z_abs,sphere_radius,sphere_res_var,sphere_volume,sphere_x_rel,sphere_y_rel,sphere_z_resl,sphere_R,sphere_angle_raw,para_p1,para_p2,para_p3,para_p4,para_p5,para_alpha,para_beta,para_gamma,para_apex_x,para_apex_y,para_apex_z
0,137235.0,-30.9711804212,235.293330175,255.78434392,150.405184657,26.170730621,14252039.9443,0.0,0.0,0.0,0.0,0.0,0.00549316556938,0.00603553516546,-0.596950325244,-3.9955261159,597.980955812,1.65229796124,2.25611062247,67.6757245546,133.58413362,200.230500035,246.771630076
