,points_in_feature,sphere_x_abs,sphere_y_abs,sphere_z_abs,sphere_radius,sphere_res_var,sphere_volume,sphere_x_rel,sphere_y_rel,sphere_z_resl,sphere_R,sphere_angle_raw,para_p1,para_p2,para_p3,para_p4,para_p5,para_alpha,para_beta,para_gamma,para_apex_x,para_apex_y,para_apex_z
0,63293.0,-116.558200515,258.370148388,277.862141846,161.301380082,36.1197738303,17579351.8612,0.0,0.0,0.0,0.0,0.0,0.00510138448416,0.00247013345087,0.573435171537,-1.80770873972,313.055575421,-1.37948652811,0.620251594733,-118.044071073,41.7043356829,267.807687738,254.426743928
1,4776.0,-50.5900185592,482.937843254,138.436612529,153.603670792,0.719151245083,15180755.7523,65.9681819561,224.567694866,-139.425529317,272.437018104,121.834570936,0.0,0.0,0.0,0.0,0.0,0.0,0.0,0.0,0.0,0.0,0.0
