,points_in_feature,sphere_x_abs,sphere_y_abs,sphere_z_abs,sphere_radius,sphere_res_var,sphere_volume,sphere_x_rel,sphere_y_rel,sphere_z_resl,sphere_R,sphere_angle_raw,para_p1,para_p2,para_p3,para_p4,para_p5,para_alpha,para_beta,para_gamma,para_apex_x,para_apex_y,para_apex_z
0,148956.0,-157.864863616,240.391089491,279.254145784,230.177470502,13.1109959881,51083076.9455,0.0,0.0,0.0,0.0,0.0,-0.0027174561337,-0.00355548335236,1.90950654916,0.574649710386,-289.783358034,-1.20584197434,0.825881889688,61.3912180568,56.5659419639,158.608485838,326.127222468
