,points_in_feature,sphere_x_abs,sphere_y_abs,sphere_z_abs,sphere_radius,sphere_res_var,sphere_volume,sphere_x_rel,sphere_y_rel,sphere_z_resl,sphere_R,sphere_angle_raw,para_p1,para_p2,para_p3,para_p4,para_p5,para_alpha,para_beta,para_gamma,para_apex_x,para_apex_y,para_apex_z
0,23765.0,-50.1982615857,520.558810987,137.252376467,194.108788643,6.56604764534,30635446.0011,0.0,0.0,0.0,0.0,0.0,-0.00465001642557,-0.00274598622468,-1.18667957605,-2.19037744172,-651.826666587,1.23878871582,0.622558044732,172.141405544,79.5695457348,387.809221765,195.01735783
1,96833.0,-125.488901793,253.77354421,277.703417025,188.003949204,37.1549877902,27834891.047,-75.2906402074,-266.785266778,140.451040558,310.756422084,297.764887617,0.0,0.0,0.0,0.0,0.0,0.0,0.0,0.0,0.0,0.0,0.0
