,points_in_feature,sphere_x_abs,sphere_y_abs,sphere_z_abs,sphere_radius,sphere_res_var,sphere_volume,sphere_x_rel,sphere_y_rel,sphere_z_resl,sphere_R,sphere_angle_raw,para_p1,para_p2,para_p3,para_p4,para_p5,para_alpha,para_beta,para_gamma,para_apex_x,para_apex_y,para_apex_z
0,36229.0,-21.5962060069,513.338830258,136.626716956,199.041219636,19.0171427028,33030692.7227,0.0,0.0,0.0,0.0,0.0,-0.00395535911453,-0.00234867767706,-0.0852093410887,2.46624507476,-629.088469865,-0.91543693883,-1.08525110211,841.420871721,169.642485424,451.229220309,209.13567604
1,162803.0,-86.1294106772,249.495490805,274.749921566,195.671458423,47.5026337671,31381309.0054,-64.5332046704,-263.843339453,138.12320461,304.722598326,297.63226478,0.0,0.0,0.0,0.0,0.0,0.0,0.0,0.0,0.0,0.0,0.0
