,points_in_feature,sphere_x_abs,sphere_y_abs,sphere_z_abs,sphere_radius,sphere_res_var,sphere_volume,sphere_x_rel,sphere_y_rel,sphere_z_resl,sphere_R,sphere_angle_raw,para_p1,para_p2,para_p3,para_p4,para_p5,para_alpha,para_beta,para_gamma,para_apex_x,para_apex_y,para_apex_z
0,173962.0,-76.0102285205,293.934141066,269.448394593,191.07066082,26.1043506772,29219355.0843,0.0,0.0,0.0,0.0,0.0,0.0042069846711,0.00330672291248,3.24713527422,0.441963346993,560.359991836,-1.36824226455,-0.876735476492,77.1483270308,120.056718011,292.98501651,244.346756512
1,69073.0,-70.5355730369,125.503525207,160.993765063,141.764521375,114.909090031,11934144.0922,5.47465548352,-168.430615858,-108.45462953,200.402721732,237.221996423,0.0,0.0,0.0,0.0,0.0,0.0,0.0,0.0,0.0,0.0,0.0
