,points_in_feature,sphere_x_abs,sphere_y_abs,sphere_z_abs,sphere_radius,sphere_res_var,sphere_volume,sphere_x_rel,sphere_y_rel,sphere_z_resl,sphere_R,sphere_angle_raw,para_p1,para_p2,para_p3,para_p4,para_p5,para_alpha,para_beta,para_gamma,para_apex_x,para_apex_y,para_apex_z
0,111980.0,-137.976551328,273.632046758,264.796167651,208.972543458,9.82743554107,38225774.6557,0.0,0.0,0.0,0.0,0.0,-0.00323088869371,-0.00279737346923,-2.27435374712,1.11617979015,-308.379172756,1.05246085966,-1.1933105554,641.69158072,62.3423356339,332.927852687,300.423281825
1,18211.0,-132.629482669,253.167374596,262.188609873,196.144800168,2.23431552181,31609600.5349,5.34706865889,-20.4646721626,-2.60755777722,21.3118114558,262.738641756,0.0,0.0,0.0,0.0,0.0,0.0,0.0,0.0,0.0,0.0,0.0
