,points_in_feature,sphere_x_abs,sphere_y_abs,sphere_z_abs,sphere_radius,sphere_res_var,sphere_volume,sphere_x_rel,sphere_y_rel,sphere_z_resl,sphere_R,sphere_angle_raw,para_p1,para_p2,para_p3,para_p4,para_p5,para_alpha,para_beta,para_gamma,para_apex_x,para_apex_y,para_apex_z
0,210101.0,-106.878163361,254.379783711,247.123350358,221.748861286,17.819993469,45674395.0945,0.0,0.0,0.0,0.0,0.0,-0.00279707299733,-0.00321722210948,1.44438415563,-1.60940215848,-245.447255806,0.707530641001,1.69033390707,102.79381972,116.014977895,292.928380081,224.070296504
