,points_in_feature,sphere_x_abs,sphere_y_abs,sphere_z_abs,sphere_radius,sphere_res_var,sphere_volume,sphere_x_rel,sphere_y_rel,sphere_z_resl,sphere_R,sphere_angle_raw,para_p1,para_p2,para_p3,para_p4,para_p5,para_alpha,para_beta,para_gamma,para_apex_x,para_apex_y,para_apex_z
0,30828.0,-20.533058787,261.228929904,282.404741993,66.4471849621,288.039097031,1228905.16516,0.0,0.0,0.0,0.0,0.0,-5.09865199028e-05,0.00125777728375,-0.00868640480053,0.919244130828,150.326092736,1.61029919804,-0.963320700382,42.4562127587,14.0655428868,251.372411482,278.752482469
