,points_in_feature,sphere_x_abs,sphere_y_abs,sphere_z_abs,sphere_radius,sphere_res_var,sphere_volume,sphere_x_rel,sphere_y_rel,sphere_z_resl,sphere_R,sphere_angle_raw,para_p1,para_p2,para_p3,para_p4,para_p5,para_alpha,para_beta,para_gamma,para_apex_x,para_apex_y,para_apex_z
0,93671.0,-113.647336247,294.615327904,263.855579097,183.398982052,16.3708494583,25839218.3406,0.0,0.0,0.0,0.0,0.0,0.00421105050093,0.00299801265143,3.03255569003,0.5159789052,571.411698908,-1.21650343163,-0.870535186222,265.812600389,68.9636618316,286.551489873,224.051819484
1,33786.0,69.3268489295,109.577603675,167.830802154,89.2790990499,357.326340375,2980835.47577,182.974185177,-185.037724229,-96.0247769432,277.379288369,242.573078518,0.0,0.0,0.0,0.0,0.0,0.0,0.0,0.0,0.0,0.0,0.0
