,points_in_feature,sphere_x_abs,sphere_y_abs,sphere_z_abs,sphere_radius,sphere_res_var,sphere_volume,sphere_x_rel,sphere_y_rel,sphere_z_resl,sphere_R,sphere_angle_raw,para_p1,para_p2,para_p3,para_p4,para_p5,para_alpha,para_beta,para_gamma,para_apex_x,para_apex_y,para_apex_z
0,263237.0,-55.6629989753,251.32860125,271.966689026,204.281716091,32.1274028492,35708951.7841,0.0,0.0,0.0,0.0,0.0,-0.00382563986108,-0.00349033327328,0.0573239578518,-2.55781394093,-328.030860979,1.42818297692,0.703648427576,127.523461633,152.59689716,206.997828015,296.654996659
