,points_in_feature,sphere_x_abs,sphere_y_abs,sphere_z_abs,sphere_radius,sphere_res_var,sphere_volume,sphere_x_rel,sphere_y_rel,sphere_z_resl,sphere_R,sphere_angle_raw,para_p1,para_p2,para_p3,para_p4,para_p5,para_alpha,para_beta,para_gamma,para_apex_x,para_apex_y,para_apex_z
0,194446.0,-142.049258081,269.90761184,241.888788096,238.348164787,10.3079945836,56718409.8208,0.0,0.0,0.0,0.0,0.0,-0.00240480135802,-0.00280371794852,1.02413846322,-1.70836588455,-240.025473805,-1.03269145997,1.65894648369,129.694908148,96.7673156972,304.825983005,229.308614996
