,points_in_feature,sphere_x_abs,sphere_y_abs,sphere_z_abs,sphere_radius,sphere_res_var,sphere_volume,sphere_x_rel,sphere_y_rel,sphere_z_resl,sphere_R,sphere_angle_raw,para_p1,para_p2,para_p3,para_p4,para_p5,para_alpha,para_beta,para_gamma,para_apex_x,para_apex_y,para_apex_z
0,171137.0,-86.6139800795,260.153311181,267.693787735,203.839172646,43.2153284268,35477381.087,0.0,0.0,0.0,0.0,0.0,-0.00332586456035,-0.00479313198551,2.46192046173,-0.975060391131,-281.319843191,-1.42599318508,1.07677985507,79.6886722102,118.972125429,311.734584987,293.457075513
1,37712.0,-26.0152174758,469.979964394,156.606669847,175.855026382,162.724817593,22779960.5429,60.5987626037,209.826653213,-111.087117888,245.030165874,117.89778699,0.0,0.0,0.0,0.0,0.0,0.0,0.0,0.0,0.0,0.0,0.0
