,points_in_feature,sphere_x_abs,sphere_y_abs,sphere_z_abs,sphere_radius,sphere_res_var,sphere_volume,sphere_x_rel,sphere_y_rel,sphere_z_resl,sphere_R,sphere_angle_raw,para_p1,para_p2,para_p3,para_p4,para_p5,para_alpha,para_beta,para_gamma,para_apex_x,para_apex_y,para_apex_z
0,212757.0,-71.6311797155,257.328125793,222.017773648,192.814076289,920.394110553,30026507.3019,0.0,0.0,0.0,0.0,0.0,-0.00112389573265,-0.000797034236529,0.504702936228,-0.397104903918,-55.5144493518,-0.500705434954,1.58308838969,97.9451239319,66.587533292,244.493261503,225.44005841
