,points_in_feature,sphere_x_abs,sphere_y_abs,sphere_z_abs,sphere_radius,sphere_res_var,sphere_volume,sphere_x_rel,sphere_y_rel,sphere_z_resl,sphere_R,sphere_angle_raw,para_p1,para_p2,para_p3,para_p4,para_p5,para_alpha,para_beta,para_gamma,para_apex_x,para_apex_y,para_apex_z
0,217548.0,-90.9839401823,271.377359022,242.342346278,220.925125563,21.5901041977,45167280.3031,0.0,0.0,0.0,0.0,0.0,-0.00364770771959,-0.00322105344569,0.124842874931,-2.31093407447,-287.083300381,1.32790259029,0.781412160296,360.109327306,133.968411833,220.16601533,281.17827981
