,points_in_feature,sphere_x_abs,sphere_y_abs,sphere_z_abs,sphere_radius,sphere_res_var,sphere_volume,sphere_x_rel,sphere_y_rel,sphere_z_resl,sphere_R,sphere_angle_raw,para_p1,para_p2,para_p3,para_p4,para_p5,para_alpha,para_beta,para_gamma,para_apex_x,para_apex_y,para_apex_z
0,265900.0,-58.6366787325,273.049235518,240.258168985,215.317501283,24.9373343214,41814470.6415,0.0,0.0,0.0,0.0,0.0,-0.00382034956293,-0.00353625716103,-0.378835872379,2.53975731368,-296.490230675,-1.34619321291,-0.926919544124,338.041428295,168.625490779,239.402910974,272.392798219
