,points_in_feature,sphere_x_abs,sphere_y_abs,sphere_z_abs,sphere_radius,sphere_res_var,sphere_volume,sphere_x_rel,sphere_y_rel,sphere_z_resl,sphere_R,sphere_angle_raw,para_p1,para_p2,para_p3,para_p4,para_p5,para_alpha,para_beta,para_gamma,para_apex_x,para_apex_y,para_apex_z
0,231080.0,-22.8751136655,261.428921902,227.931503835,171.70430276,30.9259723324,21204700.5756,0.0,0.0,0.0,0.0,0.0,-0.00462416406552,-0.00427852215383,-2.49482605559,1.78460909568,-393.290601628,-1.14388035904,-1.7934611235,558.080417497,156.803833381,254.10233127,209.355213274
