,points_in_feature,sphere_x_abs,sphere_y_abs,sphere_z_abs,sphere_radius,sphere_res_var,sphere_volume,sphere_x_rel,sphere_y_rel,sphere_z_resl,sphere_R,sphere_angle_raw,para_p1,para_p2,para_p3,para_p4,para_p5,para_alpha,para_beta,para_gamma,para_apex_x,para_apex_y,para_apex_z
0,120695.0,-101.32641578,240.296321259,212.97891251,187.026461231,34.0114506213,27402979.068,0.0,0.0,0.0,0.0,0.0,-0.00349225236511,-0.00297381274156,1.89213140452,-1.20943869797,-234.962865141,-1.27977721196,1.3274585585,54.522370522,82.3286420241,278.790368063,225.963757249
