,points_in_feature,sphere_x_abs,sphere_y_abs,sphere_z_abs,sphere_radius,sphere_res_var,sphere_volume,sphere_x_rel,sphere_y_rel,sphere_z_resl,sphere_R,sphere_angle_raw,para_p1,para_p2,para_p3,para_p4,para_p5,para_alpha,para_beta,para_gamma,para_apex_x,para_apex_y,para_apex_z
0,36885.0,-19.0026207756,324.828431949,245.684796378,111.680061573,246.410089345,5834659.86226,0.0,0.0,0.0,0.0,0.0,0.00172886846211,-0.00193373966774,0.61396935371,-1.64355965879,-424.245931114,-1.03046625753,-1.79630395032,1.91882791101,28.6555269913,394.30725074,269.45306817
1,100485.0,44.9943712813,201.956260553,138.217997665,92.3099133664,1023.71299412,3294834.76275,63.9969920569,-122.872171397,-107.466798713,175.334817768,228.826318553,0.0,0.0,0.0,0.0,0.0,0.0,0.0,0.0,0.0,0.0,0.0
2,22874.0,15.3756006114,238.62264271,301.092671332,58.3720144631,257.114159246,833110.587167,34.378221387,-86.2057892392,55.4078749531,108.089466697,302.730460879,0.0,0.0,0.0,0.0,0.0,0.0,0.0,0.0,0.0,0.0,0.0
