,points_in_feature,sphere_x_abs,sphere_y_abs,sphere_z_abs,sphere_radius,sphere_res_var,sphere_volume,sphere_x_rel,sphere_y_rel,sphere_z_resl,sphere_R,sphere_angle_raw,para_p1,para_p2,para_p3,para_p4,para_p5,para_alpha,para_beta,para_gamma,para_apex_x,para_apex_y,para_apex_z
0,234015.0,-108.446702076,267.702868818,242.842773761,228.964019691,14.9679193077,50279428.4442,0.0,0.0,0.0,0.0,0.0,0.00268930650307,0.00309831985427,-1.14169051996,-1.8692626538,247.014920147,-1.19184466886,1.47393430148,120.433308051,123.455611817,301.640474678,232.788890357
