,points_in_feature,sphere_x_abs,sphere_y_abs,sphere_z_abs,sphere_radius,sphere_res_var,sphere_volume,sphere_x_rel,sphere_y_rel,sphere_z_resl,sphere_R,sphere_angle_raw,para_p1,para_p2,para_p3,para_p4,para_p5,para_alpha,para_beta,para_gamma,para_apex_x,para_apex_y,para_apex_z
0,164852.0,-83.315011329,238.381640348,210.601328055,192.565752692,28.2435826114,29910644.005,0.0,0.0,0.0,0.0,0.0,0.00382482734908,0.00334723424608,-1.96959212301,-1.40163990637,216.96336946,-1.0157400754,1.78847460679,-187.64558211,110.836134201,277.085483873,233.83499138
