,points_in_feature,sphere_x_abs,sphere_y_abs,sphere_z_abs,sphere_radius,sphere_res_var,sphere_volume,sphere_x_rel,sphere_y_rel,sphere_z_resl,sphere_R,sphere_angle_raw,para_p1,para_p2,para_p3,para_p4,para_p5,para_alpha,para_beta,para_gamma,para_apex_x,para_apex_y,para_apex_z
0,248492.0,-47.6618201622,233.575206937,206.699398854,198.697043287,23.7506361224,32859641.6707,0.0,0.0,0.0,0.0,0.0,0.00423723630912,0.00375752119765,1.72624080978,1.84393177621,183.596970841,-0.179224417159,-1.69367649441,-700.871195378,162.60672217,261.298253358,233.869649264
