,points_in_feature,sphere_x_abs,sphere_y_abs,sphere_z_abs,sphere_radius,sphere_res_var,sphere_volume,sphere_x_rel,sphere_y_rel,sphere_z_resl,sphere_R,sphere_angle_raw,para_p1,para_p2,para_p3,para_p4,para_p5,para_alpha,para_beta,para_gamma,para_apex_x,para_apex_y,para_apex_z
0,207744.0,-68.2284315196,257.111062106,266.134939199,209.076984337,46.0123429716,38283117.0569,0.0,0.0,0.0,0.0,0.0,-0.00479004343805,-0.00351058026237,0.969578770728,2.54555053506,-273.594674441,-1.51441451027,-0.475598555083,-1277.29826374,147.421289764,305.819082796,287.33438591
1,42772.0,-17.978450346,454.133795064,158.982303193,180.468096701,199.553467505,24620106.292,50.2499811736,197.022732958,-107.152636006,229.836257613,118.539967591,0.0,0.0,0.0,0.0,0.0,0.0,0.0,0.0,0.0,0.0,0.0
