,points_in_feature,sphere_x_abs,sphere_y_abs,sphere_z_abs,sphere_radius,sphere_res_var,sphere_volume,sphere_x_rel,sphere_y_rel,sphere_z_resl,sphere_R,sphere_angle_raw,para_p1,para_p2,para_p3,para_p4,para_p5,para_alpha,para_beta,para_gamma,para_apex_x,para_apex_y,para_apex_z
0,160927.0,-55.0651916451,303.77042638,258.623258352,176.822596822,28.6291998712,23158045.4706,0.0,0.0,0.0,0.0,0.0,0.00511957254312,0.00390117160387,-3.8769095414,-0.782387844734,691.433981072,1.28668464581,0.914099564284,118.064934956,130.928860618,302.284597237,227.128302897
1,68323.0,-61.1755741486,128.627429696,135.268073162,127.33376496,76.5065669955,8648073.06739,-6.11038250357,-175.142996683,-123.35518519,214.310307206,234.842532028,0.0,0.0,0.0,0.0,0.0,0.0,0.0,0.0,0.0,0.0,0.0
