,points_in_feature,sphere_x_abs,sphere_y_abs,sphere_z_abs,sphere_radius,sphere_res_var,sphere_volume,sphere_x_rel,sphere_y_rel,sphere_z_resl,sphere_R,sphere_angle_raw,para_p1,para_p2,para_p3,para_p4,para_p5,para_alpha,para_beta,para_gamma,para_apex_x,para_apex_y,para_apex_z
0,135909.0,-105.940108779,262.873513643,269.363350889,199.127260576,40.0531708579,33073546.4677,0.0,0.0,0.0,0.0,0.0,-0.00487273279664,-0.00313616140356,0.943478275057,2.38504664793,-296.340084205,-1.50911699151,-0.515623512189,-1113.98661077,91.4912637552,317.295460639,293.321149655
1,32562.0,-46.7188898001,490.289175943,153.326679216,182.582583529,79.3851382415,25495683.1555,59.2212189793,227.4156623,-116.036671672,262.086904308,117.032513965,0.0,0.0,0.0,0.0,0.0,0.0,0.0,0.0,0.0,0.0,0.0
