,points_in_feature,sphere_x_abs,sphere_y_abs,sphere_z_abs,sphere_radius,sphere_res_var,sphere_volume,sphere_x_rel,sphere_y_rel,sphere_z_resl,sphere_R,sphere_angle_raw,para_p1,para_p2,para_p3,para_p4,para_p5,para_alpha,para_beta,para_gamma,para_apex_x,para_apex_y,para_apex_z
0,284921.0,-74.2103897454,265.24186235,243.399961627,221.610651659,21.0439114021,45589045.7396,0.0,0.0,0.0,0.0,0.0,0.00303197635107,0.00342460615092,1.24862168198,2.07333418214,252.287305164,1.46994743838,-1.44637028813,130.139476688,153.854207048,298.690785869,239.319264399
