,points_in_feature,sphere_x_abs,sphere_y_abs,sphere_z_abs,sphere_radius,sphere_res_var,sphere_volume,sphere_x_rel,sphere_y_rel,sphere_z_resl,sphere_R,sphere_angle_raw,para_p1,para_p2,para_p3,para_p4,para_p5,para_alpha,para_beta,para_gamma,para_apex_x,para_apex_y,para_apex_z
0,122743.0,-146.474479076,264.698282378,247.628563921,228.718088085,14.9273711043,50117586.1117,0.0,0.0,0.0,0.0,0.0,-0.00290701930529,-0.00383861401572,-2.01653170416,-0.00382479382115,-291.540519406,-1.94653714428,-2.21278668302,-227.66894967,72.0049107421,184.135460943,290.843227196
