,points_in_feature,sphere_x_abs,sphere_y_abs,sphere_z_abs,sphere_radius,sphere_res_var,sphere_volume,sphere_x_rel,sphere_y_rel,sphere_z_resl,sphere_R,sphere_angle_raw,para_p1,para_p2,para_p3,para_p4,para_p5,para_alpha,para_beta,para_gamma,para_apex_x,para_apex_y,para_apex_z
0,178418.0,-124.930766659,268.959199048,244.467894632,228.234224353,17.8606387127,49800180.3069,0.0,0.0,0.0,0.0,0.0,-0.00297961026925,-0.00346415473699,-2.10403128336,-0.0455879217028,-283.27866569,1.31316852794,-0.838065341958,95.9053595427,102.012542633,206.651119594,281.762135687
