,points_in_feature,sphere_x_abs,sphere_y_abs,sphere_z_abs,sphere_radius,sphere_res_var,sphere_volume,sphere_x_rel,sphere_y_rel,sphere_z_resl,sphere_R,sphere_angle_raw,para_p1,para_p2,para_p3,para_p4,para_p5,para_alpha,para_beta,para_gamma,para_apex_x,para_apex_y,para_apex_z
0,194184.0,-35.6505613988,303.958127404,261.142468272,179.416621146,33.1678621708,24192270.5146,0.0,0.0,0.0,0.0,0.0,-0.00521027768893,-0.00411379502381,-4.0266904654,0.785810689807,-694.607135921,-1.33735069748,-2.22291534823,136.848453122,155.999555639,306.72574639,233.760629922
1,75082.0,-47.1666849666,130.849047737,142.388070809,132.583307424,98.2538886592,9762367.56824,-11.5161235678,-173.109079667,-118.754397463,210.242672838,235.549524431,0.0,0.0,0.0,0.0,0.0,0.0,0.0,0.0,0.0,0.0,0.0
