,points_in_feature,sphere_x_abs,sphere_y_abs,sphere_z_abs,sphere_radius,sphere_res_var,sphere_volume,sphere_x_rel,sphere_y_rel,sphere_z_resl,sphere_R,sphere_angle_raw,para_p1,para_p2,para_p3,para_p4,para_p5,para_alpha,para_beta,para_gamma,para_apex_x,para_apex_y,para_apex_z
0,98946.0,-122.158494012,265.904167208,270.326500912,193.474330773,44.3723597399,30336024.6561,0.0,0.0,0.0,0.0,0.0,0.00261397332381,0.00424448891192,2.03922129669,0.585224929359,291.96873312,1.58219598572,-2.18136522483,73.637589382,69.7932796853,299.848158198,279.240412853
