,points_in_feature,sphere_x_abs,sphere_y_abs,sphere_z_abs,sphere_radius,sphere_res_var,sphere_volume,sphere_x_rel,sphere_y_rel,sphere_z_resl,sphere_R,sphere_angle_raw,para_p1,para_p2,para_p3,para_p4,para_p5,para_alpha,para_beta,para_gamma,para_apex_x,para_apex_y,para_apex_z
0,135650.0,-180.35921249,273.030004501,240.728371177,250.367391433,7.21714733581,65738819.7557,0.0,0.0,0.0,0.0,0.0,-0.00209431318677,-0.00247122148444,0.79163955197,-1.59710010541,-236.209754722,-1.47126939885,1.72868547693,35.9263006451,69.8163780595,298.417888718,235.693800083
