,points_in_feature,sphere_x_abs,sphere_y_abs,sphere_z_abs,sphere_radius,sphere_res_var,sphere_volume,sphere_x_rel,sphere_y_rel,sphere_z_resl,sphere_R,sphere_angle_raw,para_p1,para_p2,para_p3,para_p4,para_p5,para_alpha,para_beta,para_gamma,para_apex_x,para_apex_y,para_apex_z
0,283802.0,440.418506619,251.285081449,260.491653318,468.195809587,677.179575463,429903693.603,0.0,0.0,0.0,0.0,0.0,3.77794714442e-05,5.2556680483e-05,-0.0192841202717,0.0266124413944,18.8823399068,1.19377047664,1.57758877705,1032.389351,13.4693126448,254.796825805,253.582129166
