,points_in_feature,sphere_x_abs,sphere_y_abs,sphere_z_abs,sphere_radius,sphere_res_var,sphere_volume,sphere_x_rel,sphere_y_rel,sphere_z_resl,sphere_R,sphere_angle_raw,para_p1,para_p2,para_p3,para_p4,para_p5,para_alpha,para_beta,para_gamma,para_apex_x,para_apex_y,para_apex_z
0,163311.0,-88.5285160105,259.129391774,224.286105234,184.159504694,28.3065577524,26162004.98,0.0,0.0,0.0,0.0,0.0,-0.00361058749226,-0.00318340003448,2.10100926772,-0.883559675195,-322.396149897,1.22821434288,2.03585621007,108.774256498,94.6447045913,242.949755447,194.716681945
