,points_in_feature,sphere_x_abs,sphere_y_abs,sphere_z_abs,sphere_radius,sphere_res_var,sphere_volume,sphere_x_rel,sphere_y_rel,sphere_z_resl,sphere_R,sphere_angle_raw,para_p1,para_p2,para_p3,para_p4,para_p5,para_alpha,para_beta,para_gamma,para_apex_x,para_apex_y,para_apex_z
0,70426.0,-169.238604618,258.297800878,251.509320233,226.920004884,11.4044366743,48944845.509,0.0,0.0,0.0,0.0,0.0,0.00291454223298,0.00456815026098,1.97548630933,-0.134795798817,309.010727716,-2.06267345989,-0.973733243951,14.2606651011,37.3281306595,166.006687166,294.677723968
