,points_in_feature,sphere_x_abs,sphere_y_abs,sphere_z_abs,sphere_radius,sphere_res_var,sphere_volume,sphere_x_rel,sphere_y_rel,sphere_z_resl,sphere_R,sphere_angle_raw,para_p1,para_p2,para_p3,para_p4,para_p5,para_alpha,para_beta,para_gamma,para_apex_x,para_apex_y,para_apex_z
0,194944.0,-53.1212571778,260.367997761,226.213368971,175.691557096,31.1813478867,22716492.9785,0.0,0.0,0.0,0.0,0.0,0.00408159608815,0.00373131023526,-2.39413672368,-1.16747070294,359.642434787,1.2484610122,1.17035688711,382.068243529,125.171325169,246.697833611,202.018576983
