,points_in_feature,sphere_x_abs,sphere_y_abs,sphere_z_abs,sphere_radius,sphere_res_var,sphere_volume,sphere_x_rel,sphere_y_rel,sphere_z_resl,sphere_R,sphere_angle_raw,para_p1,para_p2,para_p3,para_p4,para_p5,para_alpha,para_beta,para_gamma,para_apex_x,para_apex_y,para_apex_z
0,215966.0,-81.331339729,266.016250584,254.196788085,225.449155162,47.5534512648,47999249.3811,0.0,0.0,0.0,0.0,0.0,-0.00336862390259,-0.00393170691254,2.31881089287,-1.19803231502,-236.846995014,-1.30926349913,1.17006369659,-83.7507294323,149.501684337,319.84293527,285.063272764
1,18816.0,39.3721076096,398.484769967,90.1360353001,94.126258934,161.924430255,3493180.30629,120.703447339,132.468519383,-164.060752785,242.967408167,141.081353144,0.0,0.0,0.0,0.0,0.0,0.0,0.0,0.0,0.0,0.0,0.0
