,points_in_feature,sphere_x_abs,sphere_y_abs,sphere_z_abs,sphere_radius,sphere_res_var,sphere_volume,sphere_x_rel,sphere_y_rel,sphere_z_resl,sphere_R,sphere_angle_raw,para_p1,para_p2,para_p3,para_p4,para_p5,para_alpha,para_beta,para_gamma,para_apex_x,para_apex_y,para_apex_z
0,262722.0,-11.255989317,271.212631128,263.894217905,172.570524387,39.0994984291,21527245.6021,0.0,0.0,0.0,0.0,0.0,-0.00510603422621,-0.00465136527238,-3.22854955568,1.79132725511,-559.774127076,-1.0562414253,-1.87432671971,1048.26607347,172.412598799,260.622760546,233.496481205
