,points_in_feature,sphere_x_abs,sphere_y_abs,sphere_z_abs,sphere_radius,sphere_res_var,sphere_volume,sphere_x_rel,sphere_y_rel,sphere_z_resl,sphere_R,sphere_angle_raw,para_p1,para_p2,para_p3,para_p4,para_p5,para_alpha,para_beta,para_gamma,para_apex_x,para_apex_y,para_apex_z
0,99845.0,-189.376194893,267.048929191,247.204740795,240.809725202,17.2013485627,58493913.1056,0.0,0.0,0.0,0.0,0.0,-0.00235148282001,-0.00179910644447,-1.15470111888,0.833005215629,-234.32722329,-0.688775365732,-1.85038459635,508.222200164,44.3179771059,272.162534218,194.566385083
