,points_in_feature,sphere_x_abs,sphere_y_abs,sphere_z_abs,sphere_radius,sphere_res_var,sphere_volume,sphere_x_rel,sphere_y_rel,sphere_z_resl,sphere_R,sphere_angle_raw,para_p1,para_p2,para_p3,para_p4,para_p5,para_alpha,para_beta,para_gamma,para_apex_x,para_apex_y,para_apex_z
0,327872.0,13.0367031919,237.664506109,256.089580177,172.012063706,3283.11331986,21318926.3002,0.0,0.0,0.0,0.0,0.0,-7.50193582452e-05,6.00137716971e-05,0.05433783908,0.0273644202082,27.8879083816,-0.357139082465,1.55454906087,91.4547218794,27.1209723266,230.281158496,361.342880092
