,points_in_feature,sphere_x_abs,sphere_y_abs,sphere_z_abs,sphere_radius,sphere_res_var,sphere_volume,sphere_x_rel,sphere_y_rel,sphere_z_resl,sphere_R,sphere_angle_raw,para_p1,para_p2,para_p3,para_p4,para_p5,para_alpha,para_beta,para_gamma,para_apex_x,para_apex_y,para_apex_z
0,182512.0,-80.5930284111,307.736015819,271.885201898,199.341072851,27.8703678158,33180198.7554,0.0,0.0,0.0,0.0,0.0,-0.00402102945176,-0.0031066173167,-3.20954492716,0.452908399598,-564.676895319,-1.41848529703,-2.26213484349,111.667202928,124.335522404,306.338398922,252.595808394
1,75799.0,-79.31177725,131.22264847,154.868825715,153.548945721,112.518173488,15164535.9839,1.28125116113,-176.51336735,-117.016376184,211.781592101,236.458324644,0.0,0.0,0.0,0.0,0.0,0.0,0.0,0.0,0.0,0.0,0.0
