,points_in_feature,sphere_x_abs,sphere_y_abs,sphere_z_abs,sphere_radius,sphere_res_var,sphere_volume,sphere_x_rel,sphere_y_rel,sphere_z_resl,sphere_R,sphere_angle_raw,para_p1,para_p2,para_p3,para_p4,para_p5,para_alpha,para_beta,para_gamma,para_apex_x,para_apex_y,para_apex_z
0,97160.0,-156.950558942,282.089602131,256.753569285,229.875760251,21.4701498129,50882465.2857,0.0,0.0,0.0,0.0,0.0,-0.00278713965229,-0.00416613357876,2.15038653232,-1.03397896689,-275.150148257,-1.489394822,1.05065593706,35.673720714,66.5441158665,349.377634723,281.516002416
