,points_in_feature,sphere_x_abs,sphere_y_abs,sphere_z_abs,sphere_radius,sphere_res_var,sphere_volume,sphere_x_rel,sphere_y_rel,sphere_z_resl,sphere_R,sphere_angle_raw,para_p1,para_p2,para_p3,para_p4,para_p5,para_alpha,para_beta,para_gamma,para_apex_x,para_apex_y,para_apex_z
0,189767.0,-124.353559141,284.429963315,246.239615919,215.997113776,8.5505141033,42211662.131,0.0,0.0,0.0,0.0,0.0,0.00263386681073,0.00297142884883,-1.00941506281,-1.95641529694,309.359936089,-1.45708161378,1.40295088267,340.680809724,93.2628233053,300.067721248,241.497107564
