,points_in_feature,sphere_x_abs,sphere_y_abs,sphere_z_abs,sphere_radius,sphere_res_var,sphere_volume,sphere_x_rel,sphere_y_rel,sphere_z_resl,sphere_R,sphere_angle_raw,para_p1,para_p2,para_p3,para_p4,para_p5,para_alpha,para_beta,para_gamma,para_apex_x,para_apex_y,para_apex_z
0,141697.0,-118.822804668,268.027250434,253.72636275,199.084677802,27.5680448259,33052332.9653,0.0,0.0,0.0,0.0,0.0,-0.00325309731077,-0.00267773460471,1.82805678802,-1.06922666726,-341.215537352,0.859274142283,1.91450834514,96.5225886239,75.8466846683,264.593921279,208.667322245
