,points_in_feature,sphere_x_abs,sphere_y_abs,sphere_z_abs,sphere_radius,sphere_res_var,sphere_volume,sphere_x_rel,sphere_y_rel,sphere_z_resl,sphere_R,sphere_angle_raw,para_p1,para_p2,para_p3,para_p4,para_p5,para_alpha,para_beta,para_gamma,para_apex_x,para_apex_y,para_apex_z
0,60351.0,-126.754952298,306.741158384,260.115296251,182.558608054,37.0013327155,25485640.7268,0.0,0.0,0.0,0.0,0.0,-0.00264956717143,-0.00396011119509,-0.982511922104,-2.75866648486,-560.52288347,1.94164156339,0.481015490753,-564.199471853,43.5186119125,338.421166953,198.475303692
1,32232.0,118.303159699,126.696015923,151.975847368,129.90729138,150.312740489,9183097.43354,245.058111997,-180.045142461,-108.139448883,322.744282651,239.00995849,0.0,0.0,0.0,0.0,0.0,0.0,0.0,0.0,0.0,0.0,0.0
