,points_in_feature,sphere_x_abs,sphere_y_abs,sphere_z_abs,sphere_radius,sphere_res_var,sphere_volume,sphere_x_rel,sphere_y_rel,sphere_z_resl,sphere_R,sphere_angle_raw,para_p1,para_p2,para_p3,para_p4,para_p5,para_alpha,para_beta,para_gamma,para_apex_x,para_apex_y,para_apex_z
0,201208.0,-178.223993827,265.210342089,233.059934388,272.961775396,390.449775687,85191077.6459,0.0,0.0,0.0,0.0,0.0,0.00114650091308,0.00104231848852,-0.646127603231,-0.632443308002,66.2364953383,-0.500900692841,1.66691002314,88.3742467171,67.9508114247,323.819461572,276.663616093
