,points_in_feature,sphere_x_abs,sphere_y_abs,sphere_z_abs,sphere_radius,sphere_res_var,sphere_volume,sphere_x_rel,sphere_y_rel,sphere_z_resl,sphere_R,sphere_angle_raw,para_p1,para_p2,para_p3,para_p4,para_p5,para_alpha,para_beta,para_gamma,para_apex_x,para_apex_y,para_apex_z
0,139319.0,-126.656369998,275.538620643,256.612422844,223.50044639,36.9559374533,46765307.4536,0.0,0.0,0.0,0.0,0.0,-0.00323774526325,-0.00271628396714,0.240183830227,2.16092567112,-248.020077864,-1.38911484567,-0.72019335126,-177.553417001,94.6636189886,313.599163107,294.903621442
1,9190.0,13.9009438008,547.285395183,141.67567114,193.364512187,0.305013715331,30284396.5867,140.557313799,271.74677454,-114.936751704,326.82277281,112.926191995,0.0,0.0,0.0,0.0,0.0,0.0,0.0,0.0,0.0,0.0,0.0
