,points_in_feature,sphere_x_abs,sphere_y_abs,sphere_z_abs,sphere_radius,sphere_res_var,sphere_volume,sphere_x_rel,sphere_y_rel,sphere_z_resl,sphere_R,sphere_angle_raw,para_p1,para_p2,para_p3,para_p4,para_p5,para_alpha,para_beta,para_gamma,para_apex_x,para_apex_y,para_apex_z
0,197652.0,-94.6818212788,282.9299931,247.523785939,208.010245453,9.50482297153,37700124.8739,0.0,0.0,0.0,0.0,0.0,-0.00299318139547,-0.00338198883258,1.26120746432,-2.13489250454,-334.817984225,1.98432477927,1.45672431121,503.717589089,116.974597576,304.667704275,236.036060566
