,points_in_feature,sphere_x_abs,sphere_y_abs,sphere_z_abs,sphere_radius,sphere_res_var,sphere_volume,sphere_x_rel,sphere_y_rel,sphere_z_resl,sphere_R,sphere_angle_raw,para_p1,para_p2,para_p3,para_p4,para_p5,para_alpha,para_beta,para_gamma,para_apex_x,para_apex_y,para_apex_z
0,208773.0,-56.960075875,307.796436374,272.77541262,199.041741298,25.0762456952,33030952.4311,0.0,0.0,0.0,0.0,0.0,-0.00417258544205,-0.00336256516245,3.38875329329,-0.421795734544,-570.177569094,1.44132152078,2.28301729382,102.190285818,150.175044294,313.212305837,255.655845293
1,85137.0,-75.2702190868,143.456684497,160.727659507,170.097497385,91.1647276058,20614954.5281,-18.3101432119,-164.339751877,-112.047753112,199.743621597,235.713617524,0.0,0.0,0.0,0.0,0.0,0.0,0.0,0.0,0.0,0.0,0.0
