,points_in_feature,sphere_x_abs,sphere_y_abs,sphere_z_abs,sphere_radius,sphere_res_var,sphere_volume,sphere_x_rel,sphere_y_rel,sphere_z_resl,sphere_R,sphere_angle_raw,para_p1,para_p2,para_p3,para_p4,para_p5,para_alpha,para_beta,para_gamma,para_apex_x,para_apex_y,para_apex_z
0,270668.0,-73.6641263985,232.461623253,293.885223906,218.023963779,29.7729102749,43411151.1633,0.0,0.0,0.0,0.0,0.0,0.00350017714746,0.00321369454661,-1.14477272846,-2.14991563129,303.598135547,1.32492836056,2.09546103639,118.206915023,147.821832414,187.826915888,322.286785561
