,points_in_feature,sphere_x_abs,sphere_y_abs,sphere_z_abs,sphere_radius,sphere_res_var,sphere_volume,sphere_x_rel,sphere_y_rel,sphere_z_resl,sphere_R,sphere_angle_raw,para_p1,para_p2,para_p3,para_p4,para_p5,para_alpha,para_beta,para_gamma,para_apex_x,para_apex_y,para_apex_z
0,154779.0,-180.414353132,287.628104677,277.306771011,252.951329949,11.5157718951,67795288.1201,0.0,0.0,0.0,0.0,0.0,0.00239742826413,0.00218031746834,1.58607302191,1.18502237813,273.970256242,0.982765041686,-1.74372081019,-153.108241617,69.2435522465,331.757862524,301.205042549
