,points_in_feature,sphere_x_abs,sphere_y_abs,sphere_z_abs,sphere_radius,sphere_res_var,sphere_volume,sphere_x_rel,sphere_y_rel,sphere_z_resl,sphere_R,sphere_angle_raw,para_p1,para_p2,para_p3,para_p4,para_p5,para_alpha,para_beta,para_gamma,para_apex_x,para_apex_y,para_apex_z
0,244359.0,-68.9501465884,281.638884835,249.029537575,204.783737673,13.9482000472,35972863.1457,0.0,0.0,0.0,0.0,0.0,0.00329887196631,0.00375254330465,-1.39034895461,-2.35480969186,357.190322892,-0.988316438361,1.44184310262,7.16429531476,142.411072151,306.920104286,231.447851579
