,points_in_feature,sphere_x_abs,sphere_y_abs,sphere_z_abs,sphere_radius,sphere_res_var,sphere_volume,sphere_x_rel,sphere_y_rel,sphere_z_resl,sphere_R,sphere_angle_raw,para_p1,para_p2,para_p3,para_p4,para_p5,para_alpha,para_beta,para_gamma,para_apex_x,para_apex_y,para_apex_z
0,180998.0,-73.1604825937,269.190211488,258.240278632,181.590389069,36.6300510046,25082290.109,0.0,0.0,0.0,0.0,0.0,-0.00399551439605,-0.00334998744065,-2.34859459584,1.29504486044,-425.412548945,-0.871407709801,-1.92071276785,112.24128684,106.857490559,260.583854315,215.482041834
