,points_in_feature,sphere_x_abs,sphere_y_abs,sphere_z_abs,sphere_radius,sphere_res_var,sphere_volume,sphere_x_rel,sphere_y_rel,sphere_z_resl,sphere_R,sphere_angle_raw,para_p1,para_p2,para_p3,para_p4,para_p5,para_alpha,para_beta,para_gamma,para_apex_x,para_apex_y,para_apex_z
0,159116.0,-183.745646398,264.07233464,227.255363234,263.908963875,424.4649441,76992963.1445,0.0,0.0,0.0,0.0,0.0,0.000743937965579,0.000596565094855,0.365206325462,0.35914006665,41.2639490117,0.299716039703,-1.57651390943,141.643242233,47.7642216457,302.884795437,245.257379611
