,points_in_feature,sphere_x_abs,sphere_y_abs,sphere_z_abs,sphere_radius,sphere_res_var,sphere_volume,sphere_x_rel,sphere_y_rel,sphere_z_resl,sphere_R,sphere_angle_raw,para_p1,para_p2,para_p3,para_p4,para_p5,para_alpha,para_beta,para_gamma,para_apex_x,para_apex_y,para_apex_z
0,140004.0,-183.03439892,220.179967484,301.926923869,250.578045159,11.7871648638,65904893.0848,0.0,0.0,0.0,0.0,0.0,0.00307591862915,0.00238116330042,-0.848808134773,-1.63331430765,261.583706913,1.25505382232,2.37336455203,86.9836296659,52.4292782204,138.108762122,347.531551934
