,points_in_feature,sphere_x_abs,sphere_y_abs,sphere_z_abs,sphere_radius,sphere_res_var,sphere_volume,sphere_x_rel,sphere_y_rel,sphere_z_resl,sphere_R,sphere_angle_raw,para_p1,para_p2,para_p3,para_p4,para_p5,para_alpha,para_beta,para_gamma,para_apex_x,para_apex_y,para_apex_z
0,224939.0,-104.6770256,229.951313086,295.879535089,222.827958663,24.6723298067,46344441.6708,0.0,0.0,0.0,0.0,0.0,0.00337451144398,0.00296431061173,0.765403819681,2.08320929519,294.593003006,-1.3498219972,-2.29013680557,-230.480708163,115.448368682,169.534232766,327.783467278
