,points_in_feature,sphere_x_abs,sphere_y_abs,sphere_z_abs,sphere_radius,sphere_res_var,sphere_volume,sphere_x_rel,sphere_y_rel,sphere_z_resl,sphere_R,sphere_angle_raw,para_p1,para_p2,para_p3,para_p4,para_p5,para_alpha,para_beta,para_gamma,para_apex_x,para_apex_y,para_apex_z
0,59765.0,-160.673369137,284.49043504,259.535227298,211.402626543,30.8776944038,39574892.6808,0.0,0.0,0.0,0.0,0.0,0.00225465233836,0.00205129869491,0.874887181793,0.92281077382,252.702919549,0.100116097067,-1.36927607963,-9.07290778258,32.0977716174,219.810922987,207.346967596
