,points_in_feature,sphere_x_abs,sphere_y_abs,sphere_z_abs,sphere_radius,sphere_res_var,sphere_volume,sphere_x_rel,sphere_y_rel,sphere_z_resl,sphere_R,sphere_angle_raw,para_p1,para_p2,para_p3,para_p4,para_p5,para_alpha,para_beta,para_gamma,para_apex_x,para_apex_y,para_apex_z
0,201699.0,-137.499217995,283.884964181,274.859336563,236.932972354,16.8074357963,55714099.7661,0.0,0.0,0.0,0.0,0.0,-0.00290610395464,-0.00258192879018,-2.09399881173,1.10214522355,-285.339906569,1.0648279086,-1.2353121902,434.424962969,95.8837715909,335.566125247,312.152852983
