,points_in_feature,sphere_x_abs,sphere_y_abs,sphere_z_abs,sphere_radius,sphere_res_var,sphere_volume,sphere_x_rel,sphere_y_rel,sphere_z_resl,sphere_R,sphere_angle_raw,para_p1,para_p2,para_p3,para_p4,para_p5,para_alpha,para_beta,para_gamma,para_apex_x,para_apex_y,para_apex_z
0,219127.0,-39.399638919,270.260056437,261.246786027,174.769179736,39.7209241845,22360584.569,0.0,0.0,0.0,0.0,0.0,-0.00449619722185,-0.00395905607487,2.70933836552,-1.58645719307,-484.553117488,0.899543467105,1.87820120726,121.643454595,138.64596435,261.264032701,224.164168165
