,points_in_feature,sphere_x_abs,sphere_y_abs,sphere_z_abs,sphere_radius,sphere_res_var,sphere_volume,sphere_x_rel,sphere_y_rel,sphere_z_resl,sphere_R,sphere_angle_raw,para_p1,para_p2,para_p3,para_p4,para_p5,para_alpha,para_beta,para_gamma,para_apex_x,para_apex_y,para_apex_z
0,175307.0,-106.302186345,271.609661924,254.665634488,226.831074935,34.3558042053,48887323.6028,0.0,0.0,0.0,0.0,0.0,0.00321193635219,0.00416833216014,2.2709150422,1.2354710063,248.402758477,1.38202400762,-1.98930411355,92.1738602088,121.613008194,334.874241035,282.494577528
1,14886.0,40.7897690166,383.847768927,79.8067662501,70.8170895467,196.983310921,1487657.07334,147.091955362,112.238107003,-174.858868238,254.576235728,147.304476487,0.0,0.0,0.0,0.0,0.0,0.0,0.0,0.0,0.0,0.0,0.0
