,points_in_feature,sphere_x_abs,sphere_y_abs,sphere_z_abs,sphere_radius,sphere_res_var,sphere_volume,sphere_x_rel,sphere_y_rel,sphere_z_resl,sphere_R,sphere_angle_raw,para_p1,para_p2,para_p3,para_p4,para_p5,para_alpha,para_beta,para_gamma,para_apex_x,para_apex_y,para_apex_z
0,283593.0,-65.2289524261,277.49899003,270.862977919,216.160668547,41.8062358268,42307623.7986,0.0,0.0,0.0,0.0,0.0,0.00360140857758,0.003291966127,-2.23268267382,-1.63929282956,303.04373,-0.916659051637,1.7495419616,132.673714856,155.028152484,327.254183982,296.63399861
