,points_in_feature,sphere_x_abs,sphere_y_abs,sphere_z_abs,sphere_radius,sphere_res_var,sphere_volume,sphere_x_rel,sphere_y_rel,sphere_z_resl,sphere_R,sphere_angle_raw,para_p1,para_p2,para_p3,para_p4,para_p5,para_alpha,para_beta,para_gamma,para_apex_x,para_apex_y,para_apex_z
0,205297.0,-174.699746531,284.977100574,244.900823578,246.244817219,18.2974858318,62544612.3276,0.0,0.0,0.0,0.0,0.0,-0.00202515885847,-0.00228572832753,-0.566915614294,1.62950219074,-243.3835128,1.59744750352,-1.89323503896,95.7961455842,70.5274635741,297.456839967,246.399596837
