,points_in_feature,sphere_x_abs,sphere_y_abs,sphere_z_abs,sphere_radius,sphere_res_var,sphere_volume,sphere_x_rel,sphere_y_rel,sphere_z_resl,sphere_R,sphere_angle_raw,para_p1,para_p2,para_p3,para_p4,para_p5,para_alpha,para_beta,para_gamma,para_apex_x,para_apex_y,para_apex_z
0,243851.0,-100.535282763,280.495943958,272.738843343,225.172848371,29.7489183208,47822984.3048,0.0,0.0,0.0,0.0,0.0,0.00323470445503,0.0028900072198,-2.06943168793,-1.45768005899,296.31342634,-0.854047472032,1.77430289496,201.75330664,125.688744953,324.854347905,303.857859817
