,points_in_feature,sphere_x_abs,sphere_y_abs,sphere_z_abs,sphere_radius,sphere_res_var,sphere_volume,sphere_x_rel,sphere_y_rel,sphere_z_resl,sphere_R,sphere_angle_raw,para_p1,para_p2,para_p3,para_p4,para_p5,para_alpha,para_beta,para_gamma,para_apex_x,para_apex_y,para_apex_z
0,118443.0,121.006249607,245.404965274,237.91136728,167.724505111,1235.20258267,19764151.1536,0.0,0.0,0.0,0.0,0.0,0.000320513290366,0.000148863295251,0.155341389033,-0.0846390302268,75.0021027104,-0.0132882160111,-1.55664111935,75.3509370994,31.0292447306,285.458477906,242.986269053
1,44121.0,109.545904004,133.702465699,122.417998476,119.329365793,158.990039775,7117551.31069,-11.4603456035,-111.702499575,-115.493368804,161.082296266,224.04408185,0.0,0.0,0.0,0.0,0.0,0.0,0.0,0.0,0.0,0.0,0.0
