,points_in_feature,sphere_x_abs,sphere_y_abs,sphere_z_abs,sphere_radius,sphere_res_var,sphere_volume,sphere_x_rel,sphere_y_rel,sphere_z_resl,sphere_R,sphere_angle_raw,para_p1,para_p2,para_p3,para_p4,para_p5,para_alpha,para_beta,para_gamma,para_apex_x,para_apex_y,para_apex_z
0,82858.0,-72.6744600905,512.956278719,153.301104459,191.604466389,15.3738918944,29464935.4973,0.0,0.0,0.0,0.0,0.0,-0.00262384296806,-0.00378751554437,2.34284880226,-0.692681780139,-653.02183522,1.40428094261,2.69805654551,-456.613819539,104.82710201,436.782286867,124.863180263
1,49290.0,-126.08150853,280.563392312,283.071542856,162.204124646,94.6706274625,17876162.3414,-53.4070484399,-232.392886407,129.770438398,271.475842677,299.179413932,0.0,0.0,0.0,0.0,0.0,0.0,0.0,0.0,0.0,0.0,0.0
