,points_in_feature,sphere_x_abs,sphere_y_abs,sphere_z_abs,sphere_radius,sphere_res_var,sphere_volume,sphere_x_rel,sphere_y_rel,sphere_z_resl,sphere_R,sphere_angle_raw,para_p1,para_p2,para_p3,para_p4,para_p5,para_alpha,para_beta,para_gamma,para_apex_x,para_apex_y,para_apex_z
0,157607.0,-197.969787553,234.105925432,258.820689212,269.046043472,15.1008425757,81577133.1077,0.0,0.0,0.0,0.0,0.0,0.00217501830656,0.0025788950725,-1.40323317715,0.195410857979,189.672665746,1.79833376657,0.94847367434,218.513968342,56.2832864922,143.091002052,288.926963066
