,points_in_feature,sphere_x_abs,sphere_y_abs,sphere_z_abs,sphere_radius,sphere_res_var,sphere_volume,sphere_x_rel,sphere_y_rel,sphere_z_resl,sphere_R,sphere_angle_raw,para_p1,para_p2,para_p3,para_p4,para_p5,para_alpha,para_beta,para_gamma,para_apex_x,para_apex_y,para_apex_z
0,183934.0,-72.2935125225,302.308660039,271.854747187,191.656331775,34.8106278301,29488869.5524,0.0,0.0,0.0,0.0,0.0,-0.00329072144537,-0.00448816593996,0.207294193875,3.4895208612,-625.798880728,-1.77702881473,-0.768968299932,-1427.88778564,124.609297198,283.6913182,243.340111744
1,60266.0,-124.367570116,119.319993786,146.777207521,178.368243403,45.1924792759,23770658.6373,-52.0740575936,-182.988666253,-125.077539667,227.686078583,235.64637202,0.0,0.0,0.0,0.0,0.0,0.0,0.0,0.0,0.0,0.0,0.0
