,points_in_feature,sphere_x_abs,sphere_y_abs,sphere_z_abs,sphere_radius,sphere_res_var,sphere_volume,sphere_x_rel,sphere_y_rel,sphere_z_resl,sphere_R,sphere_angle_raw,para_p1,para_p2,para_p3,para_p4,para_p5,para_alpha,para_beta,para_gamma,para_apex_x,para_apex_y,para_apex_z
0,123833.0,-6934.17975088,290.89609082,259.310744271,6938.65467016,2.27441598275,1.39931158658e+12,0.0,0.0,0.0,0.0,0.0,1.02594747912e-05,8.66754030611e-06,-0.00640691960345,-0.00607435148371,-1.33602470453,-0.0763718132936,1.57280995374,-81.606540982,2.24665467928,350.45977483,312.196394163
1,15932.0,1484.76590851,195.773292711,167.899334308,1486.86966743,4.41619230409,13769155821.4,8418.94565939,-95.1227981086,-91.411409963,8419.97924037,226.139838239,0.0,0.0,0.0,0.0,0.0,0.0,0.0,0.0,0.0,0.0,0.0
