,points_in_feature,sphere_x_abs,sphere_y_abs,sphere_z_abs,sphere_radius,sphere_res_var,sphere_volume,sphere_x_rel,sphere_y_rel,sphere_z_resl,sphere_R,sphere_angle_raw,para_p1,para_p2,para_p3,para_p4,para_p5,para_alpha,para_beta,para_gamma,para_apex_x,para_apex_y,para_apex_z
0,134284.0,-2094.15843093,290.189017283,253.748948985,2128.84167984,25.0502901066,40412777788.9,0.0,0.0,0.0,0.0,0.0,5.30460298576e-05,1.98306800299e-05,-0.0357676309989,-0.0120183435029,-24.781147836,0.305906382656,1.5860497352,12.257840126,26.9230527559,301.542745464,338.965016273
1,16045.0,1532.58180306,196.271160611,167.88608262,1509.63903779,4.27555660555,14411459397.3,3626.74023398,-93.917856672,-85.862866365,3628.97199223,227.565394603,0.0,0.0,0.0,0.0,0.0,0.0,0.0,0.0,0.0,0.0,0.0
