,points_in_feature,sphere_x_abs,sphere_y_abs,sphere_z_abs,sphere_radius,sphere_res_var,sphere_volume,sphere_x_rel,sphere_y_rel,sphere_z_resl,sphere_R,sphere_angle_raw,para_p1,para_p2,para_p3,para_p4,para_p5,para_alpha,para_beta,para_gamma,para_apex_x,para_apex_y,para_apex_z
0,269295.0,-82.018416628,260.549527738,256.028497454,227.715381377,16.9449687771,49461320.7872,0.0,0.0,0.0,0.0,0.0,-0.00296396864847,-0.00333274861794,-1.28470129508,1.98692922152,-261.623041305,1.06523048483,-1.70447621532,107.752180339,152.525766257,293.158811901,238.332177393
