,points_in_feature,sphere_x_abs,sphere_y_abs,sphere_z_abs,sphere_radius,sphere_res_var,sphere_volume,sphere_x_rel,sphere_y_rel,sphere_z_resl,sphere_R,sphere_angle_raw,para_p1,para_p2,para_p3,para_p4,para_p5,para_alpha,para_beta,para_gamma,para_apex_x,para_apex_y,para_apex_z
0,152875.0,-139.712224659,264.687822154,253.664159121,235.71547142,8.93916835109,54859630.1958,0.0,0.0,0.0,0.0,0.0,0.00251375953983,0.00285626034396,1.04371821361,1.76091962004,262.359606372,1.10765515996,-1.43114040385,48.1162604049,98.1361428415,293.694631276,236.669155927
1,18337.0,-79.8165535217,255.288269585,253.301135187,178.836100736,1.04999676999,23958199.982,59.8956711374,-9.39955256862,-0.363023933638,60.6298177126,267.788255703,0.0,0.0,0.0,0.0,0.0,0.0,0.0,0.0,0.0,0.0,0.0
