,points_in_feature,sphere_x_abs,sphere_y_abs,sphere_z_abs,sphere_radius,sphere_res_var,sphere_volume,sphere_x_rel,sphere_y_rel,sphere_z_resl,sphere_R,sphere_angle_raw,para_p1,para_p2,para_p3,para_p4,para_p5,para_alpha,para_beta,para_gamma,para_apex_x,para_apex_y,para_apex_z
0,210052.0,-157.220492627,240.148292329,256.101746662,254.943729002,20.6230978603,69409930.7053,0.0,0.0,0.0,0.0,0.0,-0.00243688146667,-0.00290508020565,1.6186183396,0.0566568705199,-199.354402087,-1.30907446132,0.973506674474,-57.9860788843,86.0488185027,154.002758786,290.048383969
