,points_in_feature,sphere_x_abs,sphere_y_abs,sphere_z_abs,sphere_radius,sphere_res_var,sphere_volume,sphere_x_rel,sphere_y_rel,sphere_z_resl,sphere_R,sphere_angle_raw,para_p1,para_p2,para_p3,para_p4,para_p5,para_alpha,para_beta,para_gamma,para_apex_x,para_apex_y,para_apex_z
0,135876.0,-1381.71063918,290.55211934,256.127713535,1445.19925577,55.7438827235,12643630546.8,0.0,0.0,0.0,0.0,0.0,-7.07496072935e-05,-2.62695141644e-05,-0.0643742178018,0.0158746739874,49.5280549179,0.0555319710845,-1.53418421175,-94.1967260351,48.5515384916,303.29673187,456.458207333
