,points_in_feature,sphere_x_abs,sphere_y_abs,sphere_z_abs,sphere_radius,sphere_res_var,sphere_volume,sphere_x_rel,sphere_y_rel,sphere_z_resl,sphere_R,sphere_angle_raw,para_p1,para_p2,para_p3,para_p4,para_p5,para_alpha,para_beta,para_gamma,para_apex_x,para_apex_y,para_apex_z
0,87991.0,-163.415798966,267.601648584,251.711474433,238.037213106,5.00282037515,56496712.8857,0.0,0.0,0.0,0.0,0.0,0.00269884950481,0.00240977130168,-1.74707564585,0.919637953568,267.748696689,1.50450153338,0.164647896821,488.381171207,74.7242926738,302.179321603,234.15810289
1,31356.0,-13.5180312205,263.862236277,252.786045444,116.375896716,59.9556838745,6602033.60308,149.897767746,-3.7394123067,1.0745710106,149.948253349,286.032724954,0.0,0.0,0.0,0.0,0.0,0.0,0.0,0.0,0.0,0.0,0.0
