,points_in_feature,sphere_x_abs,sphere_y_abs,sphere_z_abs,sphere_radius,sphere_res_var,sphere_volume,sphere_x_rel,sphere_y_rel,sphere_z_resl,sphere_R,sphere_angle_raw,para_p1,para_p2,para_p3,para_p4,para_p5,para_alpha,para_beta,para_gamma,para_apex_x,para_apex_y,para_apex_z
0,15589.0,-286.484551918,254.630521212,268.313161377,324.266643611,0.510250811753,142822107.831,0.0,0.0,0.0,0.0,0.0,-0.00151529245111,-0.00157391288264,-0.884186808212,1.06023845818,-129.021701488,-0.0299263286201,-1.42533622478,-113.463606549,16.0059193607,361.001628357,315.99775771
1,71382.0,-163.336863679,221.761016132,262.080886444,223.001387465,48.1250988574,46452736.6756,123.14768824,-32.86950508,-6.23227493306,127.61112308,259.263789575,0.0,0.0,0.0,0.0,0.0,0.0,0.0,0.0,0.0,0.0,0.0
2,16017.0,-62.0183269402,250.191875361,268.807504574,133.492952258,148.620533279,9964686.10532,224.466224978,-4.43864585037,0.49434319696,224.510650322,276.354986589,0.0,0.0,0.0,0.0,0.0,0.0,0.0,0.0,0.0,0.0,0.0
