,points_in_feature,sphere_x_abs,sphere_y_abs,sphere_z_abs,sphere_radius,sphere_res_var,sphere_volume,sphere_x_rel,sphere_y_rel,sphere_z_resl,sphere_R,sphere_angle_raw,para_p1,para_p2,para_p3,para_p4,para_p5,para_alpha,para_beta,para_gamma,para_apex_x,para_apex_y,para_apex_z
0,252321.0,-126.713299123,244.453987694,254.343658171,247.522518604,24.3798695182,63523256.7405,0.0,0.0,0.0,0.0,0.0,0.00263214820684,0.0028629076218,-1.77707860464,0.210939589146,204.022674607,-1.41219473917,2.32729736297,-362.719149489,117.939693222,179.562238748,281.285276736
