,points_in_feature,sphere_x_abs,sphere_y_abs,sphere_z_abs,sphere_radius,sphere_res_var,sphere_volume,sphere_x_rel,sphere_y_rel,sphere_z_resl,sphere_R,sphere_angle_raw,para_p1,para_p2,para_p3,para_p4,para_p5,para_alpha,para_beta,para_gamma,para_apex_x,para_apex_y,para_apex_z
0,127665.0,-43.2499676628,258.117913558,256.224783472,149.245576708,298.954481453,13924929.813,0.0,0.0,0.0,0.0,0.0,-0.000895738722889,-0.0010628453113,-0.493581511674,0.513775802445,-90.0327857195,0.0997405188005,-1.55124276296,69.2535921961,44.0617353451,240.706541469,275.772422828
