,points_in_feature,sphere_x_abs,sphere_y_abs,sphere_z_abs,sphere_radius,sphere_res_var,sphere_volume,sphere_x_rel,sphere_y_rel,sphere_z_resl,sphere_R,sphere_angle_raw,para_p1,para_p2,para_p3,para_p4,para_p5,para_alpha,para_beta,para_gamma,para_apex_x,para_apex_y,para_apex_z
0,248240.0,-125.243953594,274.125545112,258.244793283,243.411053866,25.2705944651,60410092.3044,0.0,0.0,0.0,0.0,0.0,0.00296672849465,0.00250637948319,-1.86327907503,-1.21348882507,230.364802993,-0.700311522052,1.82373414745,-219.315745436,117.517777086,306.746366101,305.003194442
