,points_in_feature,sphere_x_abs,sphere_y_abs,sphere_z_abs,sphere_radius,sphere_res_var,sphere_volume,sphere_x_rel,sphere_y_rel,sphere_z_resl,sphere_R,sphere_angle_raw,para_p1,para_p2,para_p3,para_p4,para_p5,para_alpha,para_beta,para_gamma,para_apex_x,para_apex_y,para_apex_z
0,1993300.0,69.1066816744,284.747437793,249.204203131,212.06581057,2566.72081713,39948509.4641,0.0,0.0,0.0,0.0,0.0,-4.26003870971e-06,-9.74861768867e-05,0.00185746826724,0.0453574988786,-46.9734901882,-0.272427495524,1.5728204917,207.605379433,38.2361582105,233.236580946,217.964472003
