,points_in_feature,sphere_x_abs,sphere_y_abs,sphere_z_abs,sphere_radius,sphere_res_var,sphere_volume,sphere_x_rel,sphere_y_rel,sphere_z_resl,sphere_R,sphere_angle_raw,para_p1,para_p2,para_p3,para_p4,para_p5,para_alpha,para_beta,para_gamma,para_apex_x,para_apex_y,para_apex_z
0,78343.0,-176.15390509,293.733689895,270.535717685,229.583452398,11.0430932873,50688607.0116,0.0,0.0,0.0,0.0,0.0,0.00225594031014,0.0034839362732,1.92183147895,0.599201525217,254.850418142,1.57277460148,-2.22121971775,-284.71301745,39.0458030311,370.927182384,286.694301528
1,94665.0,-50.674790133,513.211238219,153.779852851,193.953674063,17.7705052676,30562061.2563,125.479114957,219.477548324,-116.755864834,278.473220404,118.011717759,0.0,0.0,0.0,0.0,0.0,0.0,0.0,0.0,0.0,0.0,0.0
