,points_in_feature,sphere_x_abs,sphere_y_abs,sphere_z_abs,sphere_radius,sphere_res_var,sphere_volume,sphere_x_rel,sphere_y_rel,sphere_z_resl,sphere_R,sphere_angle_raw,para_p1,para_p2,para_p3,para_p4,para_p5,para_alpha,para_beta,para_gamma,para_apex_x,para_apex_y,para_apex_z
0,186797.0,-125.327605028,263.800802211,255.502190511,211.901256057,39.2002576341,39855586.3116,0.0,0.0,0.0,0.0,0.0,0.00273885293619,0.00239455821839,-1.63370510223,-0.895900359343,276.309660052,1.15091031227,1.26436153294,-101.686216397,83.0143780818,261.43441229,226.537149895
