,points_in_feature,sphere_x_abs,sphere_y_abs,sphere_z_abs,sphere_radius,sphere_res_var,sphere_volume,sphere_x_rel,sphere_y_rel,sphere_z_resl,sphere_R,sphere_angle_raw,para_p1,para_p2,para_p3,para_p4,para_p5,para_alpha,para_beta,para_gamma,para_apex_x,para_apex_y,para_apex_z
0,216507.0,-53.0746466678,302.623076725,273.491818616,195.06052166,33.4368868951,31088284.189,0.0,0.0,0.0,0.0,0.0,0.00454010817242,0.00351815552162,3.62188912842,0.134283976868,626.750051958,-1.40184277713,-0.757856817907,89.7293852377,151.057318277,290.158808611,248.679392658
1,71938.0,-91.8002020002,119.904025374,154.674056889,168.958024993,91.4092564102,20203428.8306,-38.7255553324,-182.719051351,-118.817761728,221.367524413,236.965028539,0.0,0.0,0.0,0.0,0.0,0.0,0.0,0.0,0.0,0.0,0.0
