,points_in_feature,sphere_x_abs,sphere_y_abs,sphere_z_abs,sphere_radius,sphere_res_var,sphere_volume,sphere_x_rel,sphere_y_rel,sphere_z_resl,sphere_R,sphere_angle_raw,para_p1,para_p2,para_p3,para_p4,para_p5,para_alpha,para_beta,para_gamma,para_apex_x,para_apex_y,para_apex_z
0,2491225.0,110.526682615,287.761017335,247.117626655,215.819729527,2199.87202507,42107750.5131,0.0,0.0,0.0,0.0,0.0,0.000116015869021,0.000237416180137,-0.0549194025238,0.109284153269,76.2198834438,0.267289280354,1.57267335479,78.23871068,49.7543803004,232.085294834,236.471213405
