,points_in_feature,sphere_x_abs,sphere_y_abs,sphere_z_abs,sphere_radius,sphere_res_var,sphere_volume,sphere_x_rel,sphere_y_rel,sphere_z_resl,sphere_R,sphere_angle_raw,para_p1,para_p2,para_p3,para_p4,para_p5,para_alpha,para_beta,para_gamma,para_apex_x,para_apex_y,para_apex_z
0,197740.0,-167.418630381,276.801212452,261.634874932,258.22268567,14.5881178836,72122669.0804,0.0,0.0,0.0,0.0,0.0,0.00259615803322,0.00217712875604,-1.63863471479,-1.11394709683,229.01693857,-0.550994220923,1.80029937045,113.572868437,88.1403940519,301.091529923,310.189870119
