,points_in_feature,sphere_x_abs,sphere_y_abs,sphere_z_abs,sphere_radius,sphere_res_var,sphere_volume,sphere_x_rel,sphere_y_rel,sphere_z_resl,sphere_R,sphere_angle_raw,para_p1,para_p2,para_p3,para_p4,para_p5,para_alpha,para_beta,para_gamma,para_apex_x,para_apex_y,para_apex_z
0,298455.0,-91.4056345655,246.879022283,252.897222049,239.071085717,29.3653937226,57236065.3492,0.0,0.0,0.0,0.0,0.0,0.00301875371483,0.00285262582723,0.667710309913,1.8742590529,205.781839214,-1.38966404455,-2.12425347816,-255.709023915,150.663606893,199.978463674,277.09803562
