,points_in_feature,sphere_x_abs,sphere_y_abs,sphere_z_abs,sphere_radius,sphere_res_var,sphere_volume,sphere_x_rel,sphere_y_rel,sphere_z_resl,sphere_R,sphere_angle_raw,para_p1,para_p2,para_p3,para_p4,para_p5,para_alpha,para_beta,para_gamma,para_apex_x,para_apex_y,para_apex_z
0,94718.0,-98.940299509,298.926044044,263.546600618,179.104982443,37.926979768,24066426.6546,0.0,0.0,0.0,0.0,0.0,0.00499299697911,0.0031839982254,3.54349947579,0.587750375764,674.90906088,-1.11452507585,-0.836405331191,27.1624667152,78.0001727056,288.334201313,213.491907206
1,41788.0,100.90379873,111.831655782,150.787787009,118.138039056,243.293753396,6906497.87951,199.844098239,-187.094388261,-112.75881361,296.068444395,238.923298105,0.0,0.0,0.0,0.0,0.0,0.0,0.0,0.0,0.0,0.0,0.0
