,points_in_feature,sphere_x_abs,sphere_y_abs,sphere_z_abs,sphere_radius,sphere_res_var,sphere_volume,sphere_x_rel,sphere_y_rel,sphere_z_resl,sphere_R,sphere_angle_raw,para_p1,para_p2,para_p3,para_p4,para_p5,para_alpha,para_beta,para_gamma,para_apex_x,para_apex_y,para_apex_z
0,141381.0,-216.420199481,278.825016109,265.822201664,280.007711677,6.04464864351,91959920.3552,0.0,0.0,0.0,0.0,0.0,-0.00217001047596,-0.0018446650881,-1.09850208337,1.11551236015,-221.842469649,-0.803925614996,-1.38411413801,36.9407942597,61.9159774994,262.515234683,300.174784989
