,points_in_feature,sphere_x_abs,sphere_y_abs,sphere_z_abs,sphere_radius,sphere_res_var,sphere_volume,sphere_x_rel,sphere_y_rel,sphere_z_resl,sphere_R,sphere_angle_raw,para_p1,para_p2,para_p3,para_p4,para_p5,para_alpha,para_beta,para_gamma,para_apex_x,para_apex_y,para_apex_z
0,227441.0,-111.953508911,262.402559168,255.184132748,231.676184603,14.9189934225,52087412.7845,0.0,0.0,0.0,0.0,0.0,0.0027034936186,0.00305859394513,-1.06135732575,-1.92134132905,262.629314105,-1.31172936793,1.38638354855,120.587648626,124.111295132,289.462038847,241.907231228
