,points_in_feature,sphere_x_abs,sphere_y_abs,sphere_z_abs,sphere_radius,sphere_res_var,sphere_volume,sphere_x_rel,sphere_y_rel,sphere_z_resl,sphere_R,sphere_angle_raw,para_p1,para_p2,para_p3,para_p4,para_p5,para_alpha,para_beta,para_gamma,para_apex_x,para_apex_y,para_apex_z
0,50784.0,215.059398815,144.549997849,169.991705118,222.045568312,185.780519612,45857981.8985,0.0,0.0,0.0,0.0,0.0,-0.000550171595954,-0.000525859556926,-0.180350515008,-0.139332660192,-39.7596531597,0.0987661632969,-1.5840682002,116.315917297,10.6925408498,132.9597413,163.924080418
1,38422.0,-77.9174457817,192.226581927,196.072939483,153.044954772,940.087378941,15015702.7142,-292.976844596,47.6765840784,26.0812343648,297.974359509,61.3193585507,0.0,0.0,0.0,0.0,0.0,0.0,0.0,0.0,0.0,0.0,0.0
