,points_in_feature,sphere_x_abs,sphere_y_abs,sphere_z_abs,sphere_radius,sphere_res_var,sphere_volume,sphere_x_rel,sphere_y_rel,sphere_z_resl,sphere_R,sphere_angle_raw,para_p1,para_p2,para_p3,para_p4,para_p5,para_alpha,para_beta,para_gamma,para_apex_x,para_apex_y,para_apex_z
0,202738.0,-95.6759281699,304.558040833,278.050010013,216.103416029,26.883483656,42274015.7903,0.0,0.0,0.0,0.0,0.0,-0.00356560384191,-0.00281969551725,-2.86363555953,0.00644608948734,-493.929420005,-1.46531979413,-2.40873079859,130.526850158,125.353869991,289.39198135,261.459628838
1,70735.0,-150.910490903,114.6342415,153.659298168,210.277325173,74.5335555437,38946276.3517,-55.2345627333,-189.923799333,-124.390711845,233.655634785,236.777180738,0.0,0.0,0.0,0.0,0.0,0.0,0.0,0.0,0.0,0.0,0.0
