,points_in_feature,sphere_x_abs,sphere_y_abs,sphere_z_abs,sphere_radius,sphere_res_var,sphere_volume,sphere_x_rel,sphere_y_rel,sphere_z_resl,sphere_R,sphere_angle_raw,para_p1,para_p2,para_p3,para_p4,para_p5,para_alpha,para_beta,para_gamma,para_apex_x,para_apex_y,para_apex_z
0,237926.0,-149.042158914,253.956860956,253.246309064,257.549824463,10.4553268975,71560338.1244,0.0,0.0,0.0,0.0,0.0,-0.00230848111542,-0.00260487139117,0.933650439072,-1.62714324405,-196.306340302,-1.46946249588,1.73438411952,98.696212206,109.241518365,297.248462141,247.61896009
