,points_in_feature,sphere_x_abs,sphere_y_abs,sphere_z_abs,sphere_radius,sphere_res_var,sphere_volume,sphere_x_rel,sphere_y_rel,sphere_z_resl,sphere_R,sphere_angle_raw,para_p1,para_p2,para_p3,para_p4,para_p5,para_alpha,para_beta,para_gamma,para_apex_x,para_apex_y,para_apex_z
0,151083.0,-122.408068543,303.474284692,275.166686943,219.883015746,23.9104210693,44531124.6619,0.0,0.0,0.0,0.0,0.0,0.00370810576528,0.00267042322256,-2.8228284228,-0.175773168546,521.593438962,1.33408989146,0.782369304894,118.118143466,99.5278725131,278.505610972,242.557014297
1,59566.0,-121.82009364,102.309168552,149.907797273,167.186834042,141.537768025,19574687.1902,0.587974903641,-201.16511614,-125.25888967,236.975819668,238.090838487,0.0,0.0,0.0,0.0,0.0,0.0,0.0,0.0,0.0,0.0,0.0
