,points_in_feature,sphere_x_abs,sphere_y_abs,sphere_z_abs,sphere_radius,sphere_res_var,sphere_volume,sphere_x_rel,sphere_y_rel,sphere_z_resl,sphere_R,sphere_angle_raw,para_p1,para_p2,para_p3,para_p4,para_p5,para_alpha,para_beta,para_gamma,para_apex_x,para_apex_y,para_apex_z
0,116871.0,-305.902557603,245.079762289,239.350012092,351.633913271,15.9958634613,182121354.201,0.0,0.0,0.0,0.0,0.0,0.00145225448338,0.00115996213952,-0.631941187983,-0.601517149388,109.424227729,0.0658175673357,1.50193893539,81.5776306556,42.1979619696,262.049459504,213.322516728
