,points_in_feature,sphere_x_abs,sphere_y_abs,sphere_z_abs,sphere_radius,sphere_res_var,sphere_volume,sphere_x_rel,sphere_y_rel,sphere_z_resl,sphere_R,sphere_angle_raw,para_p1,para_p2,para_p3,para_p4,para_p5,para_alpha,para_beta,para_gamma,para_apex_x,para_apex_y,para_apex_z
0,120537.0,-208.118046303,259.147454358,251.964818463,267.972322746,2.58271655928,80604340.9386,0.0,0.0,0.0,0.0,0.0,0.00209433344076,0.00199007419588,-1.45125651048,-0.498662393283,209.21937711,-1.37998128049,1.98516734375,101.953739113,59.5098202697,250.869538199,273.230162022
