,points_in_feature,sphere_x_abs,sphere_y_abs,sphere_z_abs,sphere_radius,sphere_res_var,sphere_volume,sphere_x_rel,sphere_y_rel,sphere_z_resl,sphere_R,sphere_angle_raw,para_p1,para_p2,para_p3,para_p4,para_p5,para_alpha,para_beta,para_gamma,para_apex_x,para_apex_y,para_apex_z
0,190693.0,-181.978864078,256.757091742,252.358359709,266.933726245,6.36777377503,79670759.3212,0.0,0.0,0.0,0.0,0.0,0.00210242328823,0.0022941938545,0.731867815366,1.50484562322,198.900781869,1.53236359342,-1.31972417267,67.4055091405,85.5435020813,284.620599803,248.952395934
