,points_in_feature,sphere_x_abs,sphere_y_abs,sphere_z_abs,sphere_radius,sphere_res_var,sphere_volume,sphere_x_rel,sphere_y_rel,sphere_z_resl,sphere_R,sphere_angle_raw,para_p1,para_p2,para_p3,para_p4,para_p5,para_alpha,para_beta,para_gamma,para_apex_x,para_apex_y,para_apex_z
0,154829.0,-204.146049601,245.224118755,243.739784912,277.801633838,23.5317255698,89803444.7924,0.0,0.0,0.0,0.0,0.0,-0.00208563527308,-0.00168765230318,-0.954092955143,0.730593110362,-158.11028943,-0.501527297026,-1.72299521194,87.5074930386,69.4219266733,229.54300691,206.310288964
