,points_in_feature,sphere_x_abs,sphere_y_abs,sphere_z_abs,sphere_radius,sphere_res_var,sphere_volume,sphere_x_rel,sphere_y_rel,sphere_z_resl,sphere_R,sphere_angle_raw,para_p1,para_p2,para_p3,para_p4,para_p5,para_alpha,para_beta,para_gamma,para_apex_x,para_apex_y,para_apex_z
0,104828.0,-132.812422639,302.857978386,273.849039608,210.654999895,27.5621505611,39156505.274,0.0,0.0,0.0,0.0,0.0,-0.00254362807643,-0.00385273986254,0.150135563196,2.78152797363,-533.431334639,-1.84568615922,-0.75893334466,-416.243087051,74.6625173464,264.64793235,237.520906887
1,28497.0,-160.260036065,110.153621585,121.62253982,181.546108696,26.3054299651,25063945.8171,-27.447613426,-192.704356801,-152.226499788,247.105742245,231.69308458,0.0,0.0,0.0,0.0,0.0,0.0,0.0,0.0,0.0,0.0,0.0
