,points_in_feature,sphere_x_abs,sphere_y_abs,sphere_z_abs,sphere_radius,sphere_res_var,sphere_volume,sphere_x_rel,sphere_y_rel,sphere_z_resl,sphere_R,sphere_angle_raw,para_p1,para_p2,para_p3,para_p4,para_p5,para_alpha,para_beta,para_gamma,para_apex_x,para_apex_y,para_apex_z
0,284358.0,-114.974367933,251.357665164,253.938897563,248.464446342,17.7494641791,64251218.4003,0.0,0.0,0.0,0.0,0.0,-0.00254680387404,-0.0028902656071,1.09026428537,-1.7316230647,-192.829847176,-1.43119743351,1.70279871516,86.0734017166,135.980902773,298.645765533,247.872478557
