,points_in_feature,sphere_x_abs,sphere_y_abs,sphere_z_abs,sphere_radius,sphere_res_var,sphere_volume,sphere_x_rel,sphere_y_rel,sphere_z_resl,sphere_R,sphere_angle_raw,para_p1,para_p2,para_p3,para_p4,para_p5,para_alpha,para_beta,para_gamma,para_apex_x,para_apex_y,para_apex_z
0,238855.0,-82.38076937,247.199280171,249.872174764,213.726754046,53.679364536,40894535.4707,0.0,0.0,0.0,0.0,0.0,0.002790629013,0.00322830497197,-1.28103624351,1.60043214247,248.195655102,1.45731730909,-0.0512962353058,105.275223048,132.24088023,237.193030318,223.199240196
