,points_in_feature,sphere_x_abs,sphere_y_abs,sphere_z_abs,sphere_radius,sphere_res_var,sphere_volume,sphere_x_rel,sphere_y_rel,sphere_z_resl,sphere_R,sphere_angle_raw,para_p1,para_p2,para_p3,para_p4,para_p5,para_alpha,para_beta,para_gamma,para_apex_x,para_apex_y,para_apex_z
0,357276.0,290.174346095,250.653069539,259.262035772,326.782970137,1400.75373109,146172897.765,0.0,0.0,0.0,0.0,0.0,-6.7594188762e-05,-0.00011802191414,-0.0366462688873,-0.0554981245017,-34.3933152009,-0.720823977461,-1.57371957492,8.70516622809,22.5905608938,234.567180634,271.57835047
