,points_in_feature,sphere_x_abs,sphere_y_abs,sphere_z_abs,sphere_radius,sphere_res_var,sphere_volume,sphere_x_rel,sphere_y_rel,sphere_z_resl,sphere_R,sphere_angle_raw,para_p1,para_p2,para_p3,para_p4,para_p5,para_alpha,para_beta,para_gamma,para_apex_x,para_apex_y,para_apex_z
0,138812.0,-3456.24761194,227.117351018,234.614941242,3469.06362622,10.1839104971,1.74874064927e+11,0.0,0.0,0.0,0.0,0.0,2.06208236391e-05,3.57484303207e-05,-0.00640820480091,-0.00909057303451,-4.64764946828,0.922070662021,1.56167129861,-333.92243391,7.66209906265,128.21258429,154.419350864
