,points_in_feature,sphere_x_abs,sphere_y_abs,sphere_z_abs,sphere_radius,sphere_res_var,sphere_volume,sphere_x_rel,sphere_y_rel,sphere_z_resl,sphere_R,sphere_angle_raw,para_p1,para_p2,para_p3,para_p4,para_p5,para_alpha,para_beta,para_gamma,para_apex_x,para_apex_y,para_apex_z
0,52772.0,-150.17644955,299.068640453,269.671732065,204.131605293,22.2734524932,35630290.3926,0.0,0.0,0.0,0.0,0.0,0.00399308356029,0.00234925729154,2.67799216602,-0.1264842852,532.280915248,-1.35373558655,-0.699602475269,2.06092220242,42.3114409762,236.210508432,249.477145773
1,17279.0,0.0,105.686685886,146.184948447,57.7829404133,501.96922997,808141.712568,150.17644955,-193.381954566,-123.486783618,274.223507525,237.439157703,0.0,0.0,0.0,0.0,0.0,0.0,0.0,0.0,0.0,0.0,0.0
