,points_in_feature,sphere_x_abs,sphere_y_abs,sphere_z_abs,sphere_radius,sphere_res_var,sphere_volume,sphere_x_rel,sphere_y_rel,sphere_z_resl,sphere_R,sphere_angle_raw,para_p1,para_p2,para_p3,para_p4,para_p5,para_alpha,para_beta,para_gamma,para_apex_x,para_apex_y,para_apex_z
0,84490.0,-131.470548223,124.785870497,163.687841211,216.149546618,91.6595956567,42301093.6813,0.0,0.0,0.0,0.0,0.0,0.00199629401833,0.00425281567189,-0.0819277261984,-1.24853672915,61.8372677449,-1.16636686626,0.867387851348,57.9539717952,71.5013076138,93.5056803157,95.1379067307
1,234540.0,-70.6123798069,304.304881692,278.063372951,215.37386031,23.0547809398,41847313.8579,60.8581684161,179.519011195,114.37553174,221.387791678,57.4978868121,0.0,0.0,0.0,0.0,0.0,0.0,0.0,0.0,0.0,0.0,0.0
