,points_in_feature,sphere_x_abs,sphere_y_abs,sphere_z_abs,sphere_radius,sphere_res_var,sphere_volume,sphere_x_rel,sphere_y_rel,sphere_z_resl,sphere_R,sphere_angle_raw,para_p1,para_p2,para_p3,para_p4,para_p5,para_alpha,para_beta,para_gamma,para_apex_x,para_apex_y,para_apex_z
0,186970.0,-2924.16011939,247.460023103,266.691417618,2943.70298103,15.6541318604,1.06849027144e+11,0.0,0.0,0.0,0.0,0.0,4.09861576372e-05,1.19494048568e-06,-0.0403171046037,-0.000226329345892,-11.7408440183,0.0204293180328,1.59285292057,238.740125154,10.7694040928,94.4867389767,492.238841278
