,points_in_feature,sphere_x_abs,sphere_y_abs,sphere_z_abs,sphere_radius,sphere_res_var,sphere_volume,sphere_x_rel,sphere_y_rel,sphere_z_resl,sphere_R,sphere_angle_raw,para_p1,para_p2,para_p3,para_p4,para_p5,para_alpha,para_beta,para_gamma,para_apex_x,para_apex_y,para_apex_z
0,197158.0,-134.140497371,246.367125974,247.346053851,236.446533089,36.8452457826,55371649.4647,0.0,0.0,0.0,0.0,0.0,0.00270902250039,0.00226277655584,1.30261284987,0.998398067111,208.510452349,-0.490676798311,-1.40039934994,71.798499204,99.903043701,235.63900464,210.604872139
