,points_in_feature,sphere_x_abs,sphere_y_abs,sphere_z_abs,sphere_radius,sphere_res_var,sphere_volume,sphere_x_rel,sphere_y_rel,sphere_z_resl,sphere_R,sphere_angle_raw,para_p1,para_p2,para_p3,para_p4,para_p5,para_alpha,para_beta,para_gamma,para_apex_x,para_apex_y,para_apex_z
0,187061.0,25.6950477878,264.453589913,237.581836927,130.758116754,2297.86227918,9364715.33416,0.0,0.0,0.0,0.0,0.0,9.93245002564e-05,-0.00190671938171,0.0100240919241,1.32877110959,-185.541275659,-1.53536632867,-1.01693182014,-485.328043361,46.3061689807,269.08814025,226.927861002
