,points_in_feature,sphere_x_abs,sphere_y_abs,sphere_z_abs,sphere_radius,sphere_res_var,sphere_volume,sphere_x_rel,sphere_y_rel,sphere_z_resl,sphere_R,sphere_angle_raw,para_p1,para_p2,para_p3,para_p4,para_p5,para_alpha,para_beta,para_gamma,para_apex_x,para_apex_y,para_apex_z
0,267092.0,-47.1849164449,251.608291903,251.134830022,202.857731367,75.7372943817,34967396.8314,0.0,0.0,0.0,0.0,0.0,-0.0041121399503,-0.00324576441799,2.08447377569,-1.45166525097,-322.713366847,0.4429877732,1.76322864783,90.7298976082,160.259093067,232.738036951,212.515253801
