,points_in_feature,sphere_x_abs,sphere_y_abs,sphere_z_abs,sphere_radius,sphere_res_var,sphere_volume,sphere_x_rel,sphere_y_rel,sphere_z_resl,sphere_R,sphere_angle_raw,para_p1,para_p2,para_p3,para_p4,para_p5,para_alpha,para_beta,para_gamma,para_apex_x,para_apex_y,para_apex_z
0,142783.0,-175.144649799,246.959496068,239.985616814,249.20170258,43.4512348407,64824865.5614,0.0,0.0,0.0,0.0,0.0,-0.00243620170296,-0.00168870993662,-1.07171870276,0.820545157876,-176.975175798,-0.247661939517,-1.72587641607,1300.35390296,67.8766656714,252.235438023,202.043493305
