,points_in_feature,sphere_x_abs,sphere_y_abs,sphere_z_abs,sphere_radius,sphere_res_var,sphere_volume,sphere_x_rel,sphere_y_rel,sphere_z_resl,sphere_R,sphere_angle_raw,para_p1,para_p2,para_p3,para_p4,para_p5,para_alpha,para_beta,para_gamma,para_apex_x,para_apex_y,para_apex_z
0,196447.0,-24.7199704945,262.394761621,244.297521412,157.293219895,17.2288165847,16301164.0386,0.0,0.0,0.0,0.0,0.0,0.00523530063128,0.00478621353871,-3.22329356345,-1.68407152078,527.726436957,1.52038546729,1.27744158589,149.357889738,141.249750377,246.365372964,242.18476766
