,points_in_feature,sphere_x_abs,sphere_y_abs,sphere_z_abs,sphere_radius,sphere_res_var,sphere_volume,sphere_x_rel,sphere_y_rel,sphere_z_resl,sphere_R,sphere_angle_raw,para_p1,para_p2,para_p3,para_p4,para_p5,para_alpha,para_beta,para_gamma,para_apex_x,para_apex_y,para_apex_z
0,94793.0,-83.8994913528,274.132447407,258.372563013,162.092763191,39.8242775513,17839368.9053,0.0,0.0,0.0,0.0,0.0,-0.00345350107721,-0.00566980317117,-0.250170543072,-3.85886651303,-687.478397475,1.88232462829,0.72188097926,152.359382107,77.2726681935,247.185415375,225.253486549
