,points_in_feature,sphere_x_abs,sphere_y_abs,sphere_z_abs,sphere_radius,sphere_res_var,sphere_volume,sphere_x_rel,sphere_y_rel,sphere_z_resl,sphere_R,sphere_angle_raw,para_p1,para_p2,para_p3,para_p4,para_p5,para_alpha,para_beta,para_gamma,para_apex_x,para_apex_y,para_apex_z
0,192632.0,-122.601519212,248.388075262,244.838328165,225.382277923,54.3122434113,47956546.5582,0.0,0.0,0.0,0.0,0.0,-0.0031329342535,-0.00229150473106,-1.43546734087,1.0071282459,-234.023371892,-0.353902671213,-1.78993994132,100.232757146,98.2168575893,230.952808159,198.684076335
