,points_in_feature,sphere_x_abs,sphere_y_abs,sphere_z_abs,sphere_radius,sphere_res_var,sphere_volume,sphere_x_rel,sphere_y_rel,sphere_z_resl,sphere_R,sphere_angle_raw,para_p1,para_p2,para_p3,para_p4,para_p5,para_alpha,para_beta,para_gamma,para_apex_x,para_apex_y,para_apex_z
0,175905.0,-50.9309320908,278.659136194,263.656090529,175.130326335,48.2482707245,22499490.3163,0.0,0.0,0.0,0.0,0.0,0.00558549003482,0.0039148056837,4.08696456072,0.132603458961,696.395836277,-1.33991976848,-0.77219107368,121.271180337,133.350229105,252.847913164,234.867768391
1,57052.0,-8.46833750135,77.7572433633,133.453083878,77.0885886437,535.719812722,1918928.94173,42.4625945895,-200.901892831,-130.203006651,243.140834545,237.053030812,0.0,0.0,0.0,0.0,0.0,0.0,0.0,0.0,0.0,0.0,0.0
