,points_in_feature,sphere_x_abs,sphere_y_abs,sphere_z_abs,sphere_radius,sphere_res_var,sphere_volume,sphere_x_rel,sphere_y_rel,sphere_z_resl,sphere_R,sphere_angle_raw,para_p1,para_p2,para_p3,para_p4,para_p5,para_alpha,para_beta,para_gamma,para_apex_x,para_apex_y,para_apex_z
0,230743.0,-83.4390403028,250.333664134,248.364208068,212.030322089,64.8626065573,39928457.0854,0.0,0.0,0.0,0.0,0.0,-0.00365371381278,-0.00278853292709,-1.77829438277,1.22362093822,-281.83205577,-0.418685650251,-1.78503140352,119.027825193,128.387277227,231.060238543,205.467868884
