,points_in_feature,sphere_x_abs,sphere_y_abs,sphere_z_abs,sphere_radius,sphere_res_var,sphere_volume,sphere_x_rel,sphere_y_rel,sphere_z_resl,sphere_R,sphere_angle_raw,para_p1,para_p2,para_p3,para_p4,para_p5,para_alpha,para_beta,para_gamma,para_apex_x,para_apex_y,para_apex_z
0,212872.0,-32.9001524754,281.304510166,266.814029448,176.843611539,45.8057571297,23166303.1983,0.0,0.0,0.0,0.0,0.0,-0.00548825904516,-0.00403890765693,4.12026914482,-0.0710158601414,-687.472317807,1.37954004333,2.38189228062,114.93094855,155.248222177,257.905821722,240.387463343
1,51625.0,-91.8567862319,84.4627631081,122.257897555,144.777851382,78.8370512088,12711446.9846,-58.9566337565,-196.841747058,-144.556131892,251.235016103,233.70728066,0.0,0.0,0.0,0.0,0.0,0.0,0.0,0.0,0.0,0.0,0.0
