,points_in_feature,sphere_x_abs,sphere_y_abs,sphere_z_abs,sphere_radius,sphere_res_var,sphere_volume,sphere_x_rel,sphere_y_rel,sphere_z_resl,sphere_R,sphere_angle_raw,para_p1,para_p2,para_p3,para_p4,para_p5,para_alpha,para_beta,para_gamma,para_apex_x,para_apex_y,para_apex_z
0,131482.0,-67.2022399735,276.172373623,261.060012063,168.561103116,43.3507296592,20061375.3464,0.0,0.0,0.0,0.0,0.0,-0.00422388991379,-0.00369281813371,-2.26038882081,1.93317152892,-477.144962566,-0.39284924299,-1.78931001482,62.3422526232,100.18334474,293.432353178,223.813743074
1,26819.0,68.596762077,84.3223138373,136.087668267,86.6903325024,264.114771401,2728981.6498,135.79900205,-191.850059786,-124.972343796,266.206500882,236.919524267,0.0,0.0,0.0,0.0,0.0,0.0,0.0,0.0,0.0,0.0,0.0
