,points_in_feature,sphere_x_abs,sphere_y_abs,sphere_z_abs,sphere_radius,sphere_res_var,sphere_volume,sphere_x_rel,sphere_y_rel,sphere_z_resl,sphere_R,sphere_angle_raw,para_p1,para_p2,para_p3,para_p4,para_p5,para_alpha,para_beta,para_gamma,para_apex_x,para_apex_y,para_apex_z
0,217263.0,-31.8494462071,261.519482929,239.200538274,153.40298006,77.7444188764,15121330.2558,0.0,0.0,0.0,0.0,0.0,-0.00477056928565,-0.00427669882877,3.13897370197,-0.762752612046,-484.060578664,1.22210709729,2.20141351693,-770.935153377,119.788200019,255.049180883,202.941960625
