,points_in_feature,sphere_x_abs,sphere_y_abs,sphere_z_abs,sphere_radius,sphere_res_var,sphere_volume,sphere_x_rel,sphere_y_rel,sphere_z_resl,sphere_R,sphere_angle_raw,para_p1,para_p2,para_p3,para_p4,para_p5,para_alpha,para_beta,para_gamma,para_apex_x,para_apex_y,para_apex_z
0,171611.0,-51.0159005346,259.939557832,244.44039106,148.361104232,62.4337427632,13678824.5923,0.0,0.0,0.0,0.0,0.0,0.00448269791153,0.00346302126583,2.71573690506,1.2764236519,434.935574318,1.36253950977,-1.82264787759,105.094522882,94.3377935239,248.016995469,253.26707327
