,points_in_feature,sphere_x_abs,sphere_y_abs,sphere_z_abs,sphere_radius,sphere_res_var,sphere_volume,sphere_x_rel,sphere_y_rel,sphere_z_resl,sphere_R,sphere_angle_raw,para_p1,para_p2,para_p3,para_p4,para_p5,para_alpha,para_beta,para_gamma,para_apex_x,para_apex_y,para_apex_z
0,154980.0,-268.286544497,257.837468374,261.750555138,319.358546913,164.01160579,136434511.42,0.0,0.0,0.0,0.0,0.0,-0.000446477223012,-0.00053815763554,0.236410874458,-0.282615420927,-28.3948103017,-0.155698617066,1.56266353963,40.9812539361,33.8902303464,263.454303445,264.732833111
