,points_in_feature,sphere_x_abs,sphere_y_abs,sphere_z_abs,sphere_radius,sphere_res_var,sphere_volume,sphere_x_rel,sphere_y_rel,sphere_z_resl,sphere_R,sphere_angle_raw,para_p1,para_p2,para_p3,para_p4,para_p5,para_alpha,para_beta,para_gamma,para_apex_x,para_apex_y,para_apex_z
0,289413.0,-117.269650456,244.060621694,252.096975725,259.663113787,145.790446657,73336366.9462,0.0,0.0,0.0,0.0,0.0,0.00253385014279,0.00294882333143,1.94529141786,0.16606124801,112.259201096,1.2778683843,-2.31586973759,111.072508033,135.65281538,315.643469587,315.451560722
