,points_in_feature,sphere_x_abs,sphere_y_abs,sphere_z_abs,sphere_radius,sphere_res_var,sphere_volume,sphere_x_rel,sphere_y_rel,sphere_z_resl,sphere_R,sphere_angle_raw,para_p1,para_p2,para_p3,para_p4,para_p5,para_alpha,para_beta,para_gamma,para_apex_x,para_apex_y,para_apex_z
0,25273.0,1838.41975244,58.4853239932,166.103735244,1839.03619131,0.997949195834,26053101855.3,0.0,0.0,0.0,0.0,0.0,-3.45056772719e-05,-0.000110288982316,0.00834914734355,0.0237585366523,-2.38520163596,-1.57275061649,1.13798518329,1.57237308526,0.464298153614,47.0357458465,155.003255459
1,144255.0,-69.6864122465,259.694144115,265.617582015,162.545577004,14.891928199,17989292.311,-1908.10616468,201.208820122,99.5138467712,1921.26446141,63.6839241597,0.0,0.0,0.0,0.0,0.0,0.0,0.0,0.0,0.0,0.0,0.0
