,points_in_feature,sphere_x_abs,sphere_y_abs,sphere_z_abs,sphere_radius,sphere_res_var,sphere_volume,sphere_x_rel,sphere_y_rel,sphere_z_resl,sphere_R,sphere_angle_raw,para_p1,para_p2,para_p3,para_p4,para_p5,para_alpha,para_beta,para_gamma,para_apex_x,para_apex_y,para_apex_z
0,131988.0,-1605.58249328,253.153175627,249.442584654,1636.27687431,34.6285936064,18350968375.3,0.0,0.0,0.0,0.0,0.0,5.56607968856e-05,0.000101110559074,-0.0165731948109,-0.0285054663278,-10.0020593855,-0.207214514795,1.55375500469,-251.090589304,19.8804699907,139.912231257,149.128429757
