,points_in_feature,sphere_x_abs,sphere_y_abs,sphere_z_abs,sphere_radius,sphere_res_var,sphere_volume,sphere_x_rel,sphere_y_rel,sphere_z_resl,sphere_R,sphere_angle_raw,para_p1,para_p2,para_p3,para_p4,para_p5,para_alpha,para_beta,para_gamma,para_apex_x,para_apex_y,para_apex_z
0,189520.0,-182.057501691,259.767365439,271.093783559,271.583654392,51.5500837933,83907250.9955,0.0,0.0,0.0,0.0,0.0,0.00251887806652,0.00167032558307,1.87764499845,0.345947688546,249.969542532,-1.66063498761,-1.06315819737,158.507974259,88.1807833581,277.403861496,280.715942523
