,points_in_feature,sphere_x_abs,sphere_y_abs,sphere_z_abs,sphere_radius,sphere_res_var,sphere_volume,sphere_x_rel,sphere_y_rel,sphere_z_resl,sphere_R,sphere_angle_raw,para_p1,para_p2,para_p3,para_p4,para_p5,para_alpha,para_beta,para_gamma,para_apex_x,para_apex_y,para_apex_z
0,114018.0,-159.544981473,199.777719273,197.84972621,219.967842978,1.49183089269,44582682.6618,0.0,0.0,0.0,0.0,0.0,0.00254878806382,0.00264770027543,-0.477136121139,-1.46044348958,143.221913165,-1.5405930129,1.16085438187,83.1224572072,60.4482541273,222.988839535,194.745860306
