,points_in_feature,sphere_x_abs,sphere_y_abs,sphere_z_abs,sphere_radius,sphere_res_var,sphere_volume,sphere_x_rel,sphere_y_rel,sphere_z_resl,sphere_R,sphere_angle_raw,para_p1,para_p2,para_p3,para_p4,para_p5,para_alpha,para_beta,para_gamma,para_apex_x,para_apex_y,para_apex_z
0,114907.0,-150.641884146,264.28033252,270.880862027,227.728453522,10.1537297528,49469839.351,0.0,0.0,0.0,0.0,0.0,-0.00295386085433,-0.00251043448556,-2.28214357954,0.18423459445,-333.077945253,1.40123628562,-0.911523715053,196.20959566,79.6370325432,264.083848638,294.674366392
1,8412.0,146.743282461,113.597138854,128.429002563,150.119324294,34.8982047472,14170931.9362,297.385166607,-150.683193666,-142.451859464,362.540886571,226.608462736,0.0,0.0,0.0,0.0,0.0,0.0,0.0,0.0,0.0,0.0,0.0
