,points_in_feature,sphere_x_abs,sphere_y_abs,sphere_z_abs,sphere_radius,sphere_res_var,sphere_volume,sphere_x_rel,sphere_y_rel,sphere_z_resl,sphere_R,sphere_angle_raw,para_p1,para_p2,para_p3,para_p4,para_p5,para_alpha,para_beta,para_gamma,para_apex_x,para_apex_y,para_apex_z
0,163919.0,-130.533442587,263.371854738,269.195966796,228.150343876,7.59811109812,49745292.9057,0.0,0.0,0.0,0.0,0.0,-0.00298672806706,-0.00260486170974,2.30047486022,-0.0998051377095,-313.965374828,-1.44460781893,0.857353643892,105.128852022,101.458984836,267.380999517,289.458250683
