,points_in_feature,sphere_x_abs,sphere_y_abs,sphere_z_abs,sphere_radius,sphere_res_var,sphere_volume,sphere_x_rel,sphere_y_rel,sphere_z_resl,sphere_R,sphere_angle_raw,para_p1,para_p2,para_p3,para_p4,para_p5,para_alpha,para_beta,para_gamma,para_apex_x,para_apex_y,para_apex_z
0,242313.0,-151.074169167,258.021843318,269.637462132,266.011481761,47.8772559513,78847831.9718,0.0,0.0,0.0,0.0,0.0,-0.00271674402566,-0.001931044503,2.03168577022,-0.330078860762,-242.601978557,-1.36671033556,1.04619597001,98.7600739558,115.87867446,261.42127073,297.080701269
