,points_in_feature,sphere_x_abs,sphere_y_abs,sphere_z_abs,sphere_radius,sphere_res_var,sphere_volume,sphere_x_rel,sphere_y_rel,sphere_z_resl,sphere_R,sphere_angle_raw,para_p1,para_p2,para_p3,para_p4,para_p5,para_alpha,para_beta,para_gamma,para_apex_x,para_apex_y,para_apex_z
0,204718.0,-106.331743514,261.740481369,268.199699404,228.877366808,9.35177009435,50222364.3424,0.0,0.0,0.0,0.0,0.0,-0.00311767141414,-0.00277679056249,2.40039278716,0.00537934737239,-292.675839488,-1.45633713208,0.791100026011,79.9614800305,128.207338927,278.354653733,288.035155658
1,29806.0,-137.190583681,136.103982256,153.950544878,181.592816801,11.2009277483,25083296.1184,-30.8588401672,-125.636499113,-114.249154526,172.596834374,227.717783927,0.0,0.0,0.0,0.0,0.0,0.0,0.0,0.0,0.0,0.0,0.0
