,points_in_feature,sphere_x_abs,sphere_y_abs,sphere_z_abs,sphere_radius,sphere_res_var,sphere_volume,sphere_x_rel,sphere_y_rel,sphere_z_resl,sphere_R,sphere_angle_raw,para_p1,para_p2,para_p3,para_p4,para_p5,para_alpha,para_beta,para_gamma,para_apex_x,para_apex_y,para_apex_z
0,202788.0,-100.425933534,195.169246715,195.999284334,209.335291791,9.52387890484,38425184.8727,0.0,0.0,0.0,0.0,0.0,-0.00298636407273,-0.00329379035888,0.203071634664,-1.87243923777,-126.853858897,1.50480801158,0.919911365,102.049110235,112.298451308,218.731701447,204.592213926
