,points_in_feature,sphere_x_abs,sphere_y_abs,sphere_z_abs,sphere_radius,sphere_res_var,sphere_volume,sphere_x_rel,sphere_y_rel,sphere_z_resl,sphere_R,sphere_angle_raw,para_p1,para_p2,para_p3,para_p4,para_p5,para_alpha,para_beta,para_gamma,para_apex_x,para_apex_y,para_apex_z
0,23003.0,152.991724016,236.815989173,224.405892334,166.905086511,181.176994091,19475890.5806,0.0,0.0,0.0,0.0,0.0,0.000940403696583,0.000272992542129,0.259154681461,-0.117335223692,82.6893115034,-0.146462730944,-1.41983855967,6.0770236447,18.1050311898,213.203685988,148.708683612
1,18660.0,90.4087496148,183.802822209,309.510848495,105.719792986,236.540835891,4949456.61174,-62.5829744012,-53.0131669635,85.1049561605,118.194238944,328.080595945,0.0,0.0,0.0,0.0,0.0,0.0,0.0,0.0,0.0,0.0,0.0
2,6561.0,49.0348927844,376.766718779,376.237767606,60.5099768397,181.936952679,928046.141473,-103.956831232,139.950729606,151.831875272,231.184229188,42.6682515292,0.0,0.0,0.0,0.0,0.0,0.0,0.0,0.0,0.0,0.0,0.0
3,14454.0,12.0529439084,227.788352707,383.709248641,51.0006802427,597.000058079,555669.443574,-140.938780108,-9.02763646568,159.303356307,212.891515306,356.756547722,0.0,0.0,0.0,0.0,0.0,0.0,0.0,0.0,0.0,0.0,0.0
4,11872.0,29.6979663218,382.68584883,237.599490925,45.1103079515,303.463249485,384517.389253,-123.293757694,145.869859657,13.1935985912,191.450875387,84.8317891871,0.0,0.0,0.0,0.0,0.0,0.0,0.0,0.0,0.0,0.0,0.0
