,points_in_feature,sphere_x_abs,sphere_y_abs,sphere_z_abs,sphere_radius,sphere_res_var,sphere_volume,sphere_x_rel,sphere_y_rel,sphere_z_resl,sphere_R,sphere_angle_raw,para_p1,para_p2,para_p3,para_p4,para_p5,para_alpha,para_beta,para_gamma,para_apex_x,para_apex_y,para_apex_z
0,207337.0,-97.3957968648,194.978213761,195.889317414,209.262366445,8.39927452418,38385040.7508,0.0,0.0,0.0,0.0,0.0,0.00301695746676,0.0033301396114,-0.196696118347,-1.89202660269,125.223113383,1.49712672284,2.22872810512,80.0654768351,115.687434247,218.221798127,205.633522222
