,points_in_feature,sphere_x_abs,sphere_y_abs,sphere_z_abs,sphere_radius,sphere_res_var,sphere_volume,sphere_x_rel,sphere_y_rel,sphere_z_resl,sphere_R,sphere_angle_raw,para_p1,para_p2,para_p3,para_p4,para_p5,para_alpha,para_beta,para_gamma,para_apex_x,para_apex_y,para_apex_z
0,136837.0,-170.879614925,251.213625747,280.305066298,242.698986932,26.1923263895,59881476.4486,0.0,0.0,0.0,0.0,0.0,0.00279277275027,0.00213737489005,-1.07859716614,-1.58552726659,214.134509719,1.05788087706,1.92082279218,74.0886393797,62.2956297367,316.859674092,323.191577243
