,points_in_feature,sphere_x_abs,sphere_y_abs,sphere_z_abs,sphere_radius,sphere_res_var,sphere_volume,sphere_x_rel,sphere_y_rel,sphere_z_resl,sphere_R,sphere_angle_raw,para_p1,para_p2,para_p3,para_p4,para_p5,para_alpha,para_beta,para_gamma,para_apex_x,para_apex_y,para_apex_z
0,141819.0,-246.167631435,262.465230355,277.213948971,311.152808412,27.2882089524,126185596.465,0.0,0.0,0.0,0.0,0.0,0.00217607658995,0.00143371095004,-1.62913038897,-0.243237650529,230.527720621,-1.22505393048,1.99785297884,89.306090196,59.7869789739,220.929230209,319.54221759
