,points_in_feature,sphere_x_abs,sphere_y_abs,sphere_z_abs,sphere_radius,sphere_res_var,sphere_volume,sphere_x_rel,sphere_y_rel,sphere_z_resl,sphere_R,sphere_angle_raw,para_p1,para_p2,para_p3,para_p4,para_p5,para_alpha,para_beta,para_gamma,para_apex_x,para_apex_y,para_apex_z
0,179433.0,-111.685692001,276.143686678,261.613960472,208.977174486,4.99239988098,38228316.0698,0.0,0.0,0.0,0.0,0.0,0.00301845627049,0.00321385313377,0.478221176782,2.4911918587,327.055309371,-1.37289668653,-2.12115239203,-124.083632131,97.9216540627,310.835804605,284.21642615
