,points_in_feature,sphere_x_abs,sphere_y_abs,sphere_z_abs,sphere_radius,sphere_res_var,sphere_volume,sphere_x_rel,sphere_y_rel,sphere_z_resl,sphere_R,sphere_angle_raw,para_p1,para_p2,para_p3,para_p4,para_p5,para_alpha,para_beta,para_gamma,para_apex_x,para_apex_y,para_apex_z
0,155844.0,-128.739204938,197.202116944,197.199094964,213.127130208,3.77371382344,40551303.6655,0.0,0.0,0.0,0.0,0.0,0.00276475047713,0.00299955544373,0.275499839436,1.72415911933,135.610209349,1.61095817773,-0.993290746296,-14.2370666038,85.1635609779,227.028135185,201.129167394
