,points_in_feature,sphere_x_abs,sphere_y_abs,sphere_z_abs,sphere_radius,sphere_res_var,sphere_volume,sphere_x_rel,sphere_y_rel,sphere_z_resl,sphere_R,sphere_angle_raw,para_p1,para_p2,para_p3,para_p4,para_p5,para_alpha,para_beta,para_gamma,para_apex_x,para_apex_y,para_apex_z
0,130606.0,-131.654324732,278.964279014,263.061340081,204.534944242,1.90358470846,35841911.1957,0.0,0.0,0.0,0.0,0.0,-0.00298225311592,-0.00291714875255,2.38278643961,0.000896447666448,-343.944113252,-1.41389120666,0.750622225672,98.7614587904,72.9287786426,298.227086863,287.688362381
