,points_in_feature,sphere_x_abs,sphere_y_abs,sphere_z_abs,sphere_radius,sphere_res_var,sphere_volume,sphere_x_rel,sphere_y_rel,sphere_z_resl,sphere_R,sphere_angle_raw,para_p1,para_p2,para_p3,para_p4,para_p5,para_alpha,para_beta,para_gamma,para_apex_x,para_apex_y,para_apex_z
0,283927.0,-119.335493644,256.355898657,268.003018066,258.537689518,55.2298325501,72386936.8472,0.0,0.0,0.0,0.0,0.0,0.00293245317683,0.00216464614326,2.19683201202,0.307742069636,236.15333278,1.36939159028,-2.14529167136,205.557075978,142.320337752,267.708481925,296.837680708
