,points_in_feature,sphere_x_abs,sphere_y_abs,sphere_z_abs,sphere_radius,sphere_res_var,sphere_volume,sphere_x_rel,sphere_y_rel,sphere_z_resl,sphere_R,sphere_angle_raw,para_p1,para_p2,para_p3,para_p4,para_p5,para_alpha,para_beta,para_gamma,para_apex_x,para_apex_y,para_apex_z
0,228453.0,-106.603817675,250.970290864,280.156993526,226.530693495,44.8265361667,48693363.3156,0.0,0.0,0.0,0.0,0.0,-0.00323124786922,-0.00251073675939,1.75803808104,-1.38088555598,-258.62531898,0.466653324851,1.4182294714,90.6039038875,121.420121457,259.444081287,310.803254261
