,points_in_feature,sphere_x_abs,sphere_y_abs,sphere_z_abs,sphere_radius,sphere_res_var,sphere_volume,sphere_x_rel,sphere_y_rel,sphere_z_resl,sphere_R,sphere_angle_raw,para_p1,para_p2,para_p3,para_p4,para_p5,para_alpha,para_beta,para_gamma,para_apex_x,para_apex_y,para_apex_z
0,175763.0,-44.8094195428,260.637376578,264.497720359,162.635851751,17.8063288788,18019281.7011,0.0,0.0,0.0,0.0,0.0,-0.00399188309343,-0.00485036120581,2.95516380458,-0.222671333267,-427.60430951,-1.46908629669,0.869864582579,-14.1393479806,123.035610146,246.982399715,276.134741977
1,35749.0,-12.0855755958,39.1564150341,162.648980965,64.482227273,540.023556025,1123074.84327,32.723843947,-221.480961544,-101.848739394,245.963070409,245.304509996,0.0,0.0,0.0,0.0,0.0,0.0,0.0,0.0,0.0,0.0,0.0
