,points_in_feature,sphere_x_abs,sphere_y_abs,sphere_z_abs,sphere_radius,sphere_res_var,sphere_volume,sphere_x_rel,sphere_y_rel,sphere_z_resl,sphere_R,sphere_angle_raw,para_p1,para_p2,para_p3,para_p4,para_p5,para_alpha,para_beta,para_gamma,para_apex_x,para_apex_y,para_apex_z
0,293162.0,-67.9851653544,226.349034534,241.934525631,207.851612894,597.09266825,37613938.1441,0.0,0.0,0.0,0.0,0.0,0.00258867439885,0.00201687892137,-1.35186308068,-1.08482032016,119.97841703,0.0144795190696,1.74631366885,-12.7366843679,110.137734001,288.823053316,293.116201235
