,points_in_feature,sphere_x_abs,sphere_y_abs,sphere_z_abs,sphere_radius,sphere_res_var,sphere_volume,sphere_x_rel,sphere_y_rel,sphere_z_resl,sphere_R,sphere_angle_raw,para_p1,para_p2,para_p3,para_p4,para_p5,para_alpha,para_beta,para_gamma,para_apex_x,para_apex_y,para_apex_z
0,274454.0,-83.3571680472,251.446775696,275.928874526,227.867915146,48.1571518221,49560781.4793,0.0,0.0,0.0,0.0,0.0,0.00344233575044,0.00274737488226,1.84419822512,1.49976195224,240.406685265,-0.349803975449,-1.77243142785,-342.81359609,147.621980423,257.105133081,320.926404159
