,points_in_feature,sphere_x_abs,sphere_y_abs,sphere_z_abs,sphere_radius,sphere_res_var,sphere_volume,sphere_x_rel,sphere_y_rel,sphere_z_resl,sphere_R,sphere_angle_raw,para_p1,para_p2,para_p3,para_p4,para_p5,para_alpha,para_beta,para_gamma,para_apex_x,para_apex_y,para_apex_z
0,387653.0,39.8176593994,214.193349205,230.125757744,162.523012946,3232.38606142,17981801.7027,0.0,0.0,0.0,0.0,0.0,-0.000328718023793,0.000291813403238,0.17737311541,-0.115271109468,-24.0552341362,-0.0844862740173,1.52499131619,25.2977374152,39.5496860456,193.912731464,269.750199002
