,points_in_feature,sphere_x_abs,sphere_y_abs,sphere_z_abs,sphere_radius,sphere_res_var,sphere_volume,sphere_x_rel,sphere_y_rel,sphere_z_resl,sphere_R,sphere_angle_raw,para_p1,para_p2,para_p3,para_p4,para_p5,para_alpha,para_beta,para_gamma,para_apex_x,para_apex_y,para_apex_z
0,267086.0,-85.2587054741,264.492080573,259.595253497,225.139201201,48.2398997824,47801549.2027,0.0,0.0,0.0,0.0,0.0,0.00328301569618,0.00350292916176,0.205201370059,2.67309895987,259.110844122,-1.4396519895,-2.23335930712,-237.382686786,139.880539685,338.204729774,277.768608612
